t,x,u
0,0,1
0,0.0050025,1.0025
0,0.010005,1.005
0,0.0150075,1.0075
0,0.02001,1.01
0,0.0250125,1.0125
0,0.030015,1.01501
0,0.0350175,1.01751
0,0.04002,1.02
0,0.0450225,1.0225
0,0.050025,1.025
0,0.0550275,1.0275
0,0.06003,1.03
0,0.0650325,1.03249
0,0.070035,1.03499
0,0.0750375,1.03748
0,0.08004,1.03998
0,0.0850425,1.04247
0,0.090045,1.04496
0,0.0950475,1.04745
0,0.10005,1.04994
0,0.105053,1.05243
0,0.110055,1.05492
0,0.115058,1.0574
0,0.12006,1.05989
0,0.125063,1.06237
0,0.130065,1.06485
0,0.135068,1.06733
0,0.14007,1.06981
0,0.145073,1.07228
0,0.150075,1.07476
0,0.155078,1.07723
0,0.16008,1.0797
0,0.165083,1.08217
0,0.170085,1.08463
0,0.175088,1.0871
0,0.18009,1.08956
0,0.185093,1.09202
0,0.190095,1.09448
0,0.195098,1.09693
0,0.2001,1.09938
0,0.205103,1.10183
0,0.210105,1.10428
0,0.215108,1.10673
0,0.22011,1.10917
0,0.225113,1.11161
0,0.230115,1.11404
0,0.235118,1.11648
0,0.24012,1.11891
0,0.245123,1.12134
0,0.250125,1.12376
0,0.255128,1.12618
0,0.26013,1.1286
0,0.265133,1.13102
0,0.270135,1.13343
0,0.275138,1.13584
0,0.28014,1.13825
0,0.285143,1.14065
0,0.290145,1.14305
0,0.295148,1.14544
0,0.30015,1.14783
0,0.305153,1.15022
0,0.310155,1.1526
0,0.315158,1.15498
0,0.32016,1.15736
0,0.325163,1.15973
0,0.330165,1.1621
0,0.335168,1.16446
0,0.34017,1.16682
0,0.345173,1.16918
0,0.350175,1.17153
0,0.355178,1.17388
0,0.36018,1.17622
0,0.365183,1.17856
0,0.370185,1.18089
0,0.375188,1.18322
0,0.38019,1.18555
0,0.385193,1.18787
0,0.390195,1.19018
0,0.395198,1.1925
0,0.4002,1.1948
0,0.405203,1.1971
0,0.410205,1.1994
0,0.415208,1.20169
0,0.42021,1.20398
0,0.425213,1.20626
0,0.430215,1.20853
0,0.435218,1.2108
0,0.44022,1.21307
0,0.445223,1.21533
0,0.450225,1.21758
0,0.455228,1.21983
0,0.46023,1.22208
0,0.465233,1.22432
0,0.470235,1.22655
0,0.475238,1.22877
0,0.48024,1.231
0,0.485243,1.23321
0,0.490245,1.23542
0,0.495248,1.23762
0,0.50025,1.23982
0,0.505253,1.24201
0,0.510255,1.2442
0,0.515258,1.24638
0,0.52026,1.24855
0,0.525263,1.25072
0,0.530265,1.25288
0,0.535268,1.25504
0,0.54027,1.25718
0,0.545273,1.25933
0,0.550275,1.26146
0,0.555278,1.26359
0,0.56028,1.26571
0,0.565283,1.26783
0,0.570285,1.26994
0,0.575288,1.27204
0,0.58029,1.27413
0,0.585293,1.27622
0,0.590295,1.2783
0,0.595298,1.28038
0,0.6003,1.28245
0,0.605303,1.28451
0,0.610305,1.28656
0,0.615308,1.2886
0,0.62031,1.29064
0,0.625313,1.29268
0,0.630315,1.2947
0,0.635318,1.29672
0,0.64032,1.29873
0,0.645323,1.30073
0,0.650325,1.30272
0,0.655328,1.30471
0,0.66033,1.30669
0,0.665333,1.30866
0,0.670335,1.31062
0,0.675338,1.31258
0,0.68034,1.31453
0,0.685343,1.31647
0,0.690345,1.3184
0,0.695348,1.32033
0,0.70035,1.32224
0,0.705353,1.32415
0,0.710355,1.32605
0,0.715358,1.32794
0,0.72036,1.32983
0,0.725363,1.3317
0,0.730365,1.33357
0,0.735368,1.33543
0,0.74037,1.33728
0,0.745373,1.33912
0,0.750375,1.34096
0,0.755378,1.34278
0,0.76038,1.3446
0,0.765383,1.34641
0,0.770385,1.34821
0,0.775388,1.35
0,0.78039,1.35178
0,0.785393,1.35355
0,0.790395,1.35532
0,0.795398,1.35707
0,0.8004,1.35882
0,0.805403,1.36055
0,0.810405,1.36228
0,0.815408,1.364
0,0.82041,1.36571
0,0.825413,1.36741
0,0.830415,1.36911
0,0.835418,1.37079
0,0.84042,1.37246
0,0.845423,1.37413
0,0.850425,1.37578
0,0.855428,1.37743
0,0.86043,1.37906
0,0.865433,1.38069
0,0.870435,1.3823
0,0.875438,1.38391
0,0.88044,1.38551
0,0.885443,1.3871
0,0.890445,1.38868
0,0.895448,1.39024
0,0.90045,1.3918
0,0.905453,1.39335
0,0.910455,1.39489
0,0.915458,1.39642
0,0.92046,1.39794
0,0.925463,1.39945
0,0.930465,1.40095
0,0.935468,1.40244
0,0.94047,1.40392
0,0.945473,1.40539
0,0.950475,1.40685
0,0.955478,1.40829
0,0.96048,1.40973
0,0.965483,1.41116
0,0.970485,1.41258
0,0.975488,1.41399
0,0.98049,1.41539
0,0.985493,1.41677
0,0.990495,1.41815
0,0.995498,1.41951
0,1.0005,1.42087
0,1.0055,1.42222
0,1.01051,1.42355
0,1.01551,1.42487
0,1.02051,1.42619
0,1.02551,1.42749
0,1.03052,1.42878
0,1.03552,1.43006
0,1.04052,1.43133
0,1.04552,1.43259
0,1.05053,1.43384
0,1.05553,1.43508
0,1.06053,1.43631
0,1.06553,1.43752
0,1.07054,1.43873
0,1.07554,1.43992
0,1.08054,1.44111
0,1.08554,1.44228
0,1.09055,1.44344
0,1.09555,1.44459
0,1.10055,1.44573
0,1.10555,1.44686
0,1.11056,1.44797
0,1.11556,1.44908
0,1.12056,1.45017
0,1.12556,1.45126
0,1.13057,1.45233
0,1.13557,1.45339
0,1.14057,1.45444
0,1.14557,1.45547
0,1.15058,1.4565
0,1.15558,1.45751
0,1.16058,1.45852
0,1.16558,1.45951
0,1.17059,1.46049
0,1.17559,1.46146
0,1.18059,1.46242
0,1.18559,1.46336
0,1.1906,1.4643
0,1.1956,1.46522
0,1.2006,1.46613
0,1.2056,1.46703
0,1.21061,1.46791
0,1.21561,1.46879
0,1.22061,1.46965
0,1.22561,1.47051
0,1.23062,1.47135
0,1.23562,1.47218
0,1.24062,1.47299
0,1.24562,1.4738
0,1.25063,1.47459
0,1.25563,1.47537
0,1.26063,1.47614
0,1.26563,1.4769
0,1.27064,1.47764
0,1.27564,1.47838
0,1.28064,1.4791
0,1.28564,1.47981
0,1.29065,1.48051
0,1.29565,1.48119
0,1.30065,1.48187
0,1.30565,1.48253
0,1.31066,1.48318
0,1.31566,1.48381
0,1.32066,1.48444
0,1.32566,1.48505
0,1.33067,1.48565
0,1.33567,1.48624
0,1.34067,1.48682
0,1.34567,1.48738
0,1.35068,1.48794
0,1.35568,1.48848
0,1.36068,1.489
0,1.36568,1.48952
0,1.37069,1.49002
0,1.37569,1.49051
0,1.38069,1.49099
0,1.38569,1.49146
0,1.3907,1.49191
0,1.3957,1.49235
0,1.4007,1.49278
0,1.4057,1.4932
0,1.41071,1.49361
0,1.41571,1.494
0,1.42071,1.49438
0,1.42571,1.49475
0,1.43072,1.4951
0,1.43572,1.49545
0,1.44072,1.49578
0,1.44572,1.49609
0,1.45073,1.4964
0,1.45573,1.49669
0,1.46073,1.49697
0,1.46573,1.49724
0,1.47074,1.4975
0,1.47574,1.49774
0,1.48074,1.49797
0,1.48574,1.49819
0,1.49075,1.4984
0,1.49575,1.49859
0,1.50075,1.49877
0,1.50575,1.49894
0,1.51076,1.4991
0,1.51576,1.49924
0,1.52076,1.49937
0,1.52576,1.49949
0,1.53077,1.4996
0,1.53577,1.49969
0,1.54077,1.49977
0,1.54577,1.49984
0,1.55078,1.4999
0,1.55578,1.49994
0,1.56078,1.49997
0,1.56578,1.49999
0,1.57079,1.5
0,1.57579,1.49999
0,1.58079,1.49998
0,1.58579,1.49994
0,1.5908,1.4999
0,1.5958,1.49984
0,1.6008,1.49977
0,1.6058,1.49969
0,1.61081,1.4996
0,1.61581,1.49949
0,1.62081,1.49937
0,1.62581,1.49924
0,1.63082,1.4991
0,1.63582,1.49894
0,1.64082,1.49877
0,1.64582,1.49859
0,1.65083,1.4984
0,1.65583,1.49819
0,1.66083,1.49797
0,1.66583,1.49774
0,1.67084,1.4975
0,1.67584,1.49724
0,1.68084,1.49698
0,1.68584,1.49669
0,1.69085,1.4964
0,1.69585,1.4961
0,1.70085,1.49578
0,1.70585,1.49545
0,1.71086,1.4951
0,1.71586,1.49475
0,1.72086,1.49438
0,1.72586,1.494
0,1.73087,1.49361
0,1.73587,1.4932
0,1.74087,1.49279
0,1.74587,1.49236
0,1.75088,1.49191
0,1.75588,1.49146
0,1.76088,1.49099
0,1.76588,1.49052
0,1.77089,1.49002
0,1.77589,1.48952
0,1.78089,1.48901
0,1.78589,1.48848
0,1.7909,1.48794
0,1.7959,1.48739
0,1.8009,1.48682
0,1.8059,1.48624
0,1.81091,1.48566
0,1.81591,1.48506
0,1.82091,1.48444
0,1.82591,1.48382
0,1.83092,1.48318
0,1.83592,1.48253
0,1.84092,1.48187
0,1.84592,1.4812
0,1.85093,1.48051
0,1.85593,1.47981
0,1.86093,1.4791
0,1.86593,1.47838
0,1.87094,1.47765
0,1.87594,1.4769
0,1.88094,1.47614
0,1.88594,1.47538
0,1.89095,1.47459
0,1.89595,1.4738
0,1.90095,1.473
0,1.90595,1.47218
0,1.91096,1.47135
0,1.91596,1.47051
0,1.92096,1.46966
0,1.92596,1.46879
0,1.93097,1.46792
0,1.93597,1.46703
0,1.94097,1.46613
0,1.94597,1.46522
0,1.95098,1.4643
0,1.95598,1.46337
0,1.96098,1.46242
0,1.96598,1.46146
0,1.97099,1.46049
0,1.97599,1.45951
0,1.98099,1.45852
0,1.98599,1.45752
0,1.991,1.4565
0,1.996,1.45548
0,2.001,1.45444
0,2.006,1.45339
0,2.01101,1.45233
0,2.01601,1.45126
0,2.02101,1.45018
0,2.02601,1.44908
0,2.03102,1.44798
0,2.03602,1.44686
0,2.04102,1.44573
0,2.04602,1.44459
0,2.05103,1.44344
0,2.05603,1.44228
0,2.06103,1.44111
0,2.06603,1.43993
0,2.07104,1.43873
0,2.07604,1.43753
0,2.08104,1.43631
0,2.08604,1.43509
0,2.09105,1.43385
0,2.09605,1.4326
0,2.10105,1.43134
0,2.10605,1.43007
0,2.11106,1.42879
0,2.11606,1.4275
0,2.12106,1.42619
0,2.12606,1.42488
0,2.13107,1.42356
0,2.13607,1.42222
0,2.14107,1.42088
0,2.14607,1.41952
0,2.15108,1.41815
0,2.15608,1.41678
0,2.16108,1.41539
0,2.16608,1.41399
0,2.17109,1.41259
0,2.17609,1.41117
0,2.18109,1.40974
0,2.18609,1.4083
0,2.1911,1.40685
0,2.1961,1.40539
0,2.2011,1.40392
0,2.2061,1.40244
0,2.21111,1.40096
0,2.21611,1.39946
0,2.22111,1.39795
0,2.22611,1.39643
0,2.23112,1.3949
0,2.23612,1.39336
0,2.24112,1.39181
0,2.24612,1.39025
0,2.25113,1.38868
0,2.25613,1.3871
0,2.26113,1.38552
0,2.26613,1.38392
0,2.27114,1.38231
0,2.27614,1.3807
0,2.28114,1.37907
0,2.28614,1.37743
0,2.29115,1.37579
0,2.29615,1.37413
0,2.30115,1.37247
0,2.30615,1.3708
0,2.31116,1.36911
0,2.31616,1.36742
0,2.32116,1.36572
0,2.32616,1.36401
0,2.33117,1.36229
0,2.33617,1.36056
0,2.34117,1.35883
0,2.34617,1.35708
0,2.35118,1.35532
0,2.35618,1.35356
0,2.36118,1.35179
0,2.36618,1.35
0,2.37119,1.34821
0,2.37619,1.34641
0,2.38119,1.34461
0,2.38619,1.34279
0,2.3912,1.34096
0,2.3962,1.33913
0,2.4012,1.33729
0,2.4062,1.33544
0,2.41121,1.33358
0,2.41621,1.33171
0,2.42121,1.32984
0,2.42621,1.32795
0,2.43122,1.32606
0,2.43622,1.32416
0,2.44122,1.32225
0,2.44622,1.32033
0,2.45123,1.31841
0,2.45623,1.31648
0,2.46123,1.31454
0,2.46623,1.31259
0,2.47124,1.31063
0,2.47624,1.30867
0,2.48124,1.3067
0,2.48624,1.30472
0,2.49125,1.30273
0,2.49625,1.30074
0,2.50125,1.29873
0,2.50625,1.29673
0,2.51126,1.29471
0,2.51626,1.29268
0,2.52126,1.29065
0,2.52626,1.28861
0,2.53127,1.28657
0,2.53627,1.28451
0,2.54127,1.28245
0,2.54627,1.28039
0,2.55128,1.27831
0,2.55628,1.27623
0,2.56128,1.27414
0,2.56628,1.27205
0,2.57129,1.26995
0,2.57629,1.26784
0,2.58129,1.26572
0,2.58629,1.2636
0,2.5913,1.26147
0,2.5963,1.25933
0,2.6013,1.25719
0,2.6063,1.25505
0,2.61131,1.25289
0,2.61631,1.25073
0,2.62131,1.24856
0,2.62631,1.24639
0,2.63132,1.24421
0,2.63632,1.24202
0,2.64132,1.23983
0,2.64632,1.23763
0,2.65133,1.23543
0,2.65633,1.23322
0,2.66133,1.23101
0,2.66633,1.22878
0,2.67134,1.22656
0,2.67634,1.22433
0,2.68134,1.22209
0,2.68634,1.21984
0,2.69135,1.21759
0,2.69635,1.21534
0,2.70135,1.21308
0,2.70635,1.21081
0,2.71136,1.20854
0,2.71636,1.20627
0,2.72136,1.20399
0,2.72636,1.2017
0,2.73137,1.19941
0,2.73637,1.19711
0,2.74137,1.19481
0,2.74637,1.19251
0,2.75138,1.19019
0,2.75638,1.18788
0,2.76138,1.18556
0,2.76638,1.18323
0,2.77139,1.1809
0,2.77639,1.17857
0,2.78139,1.17623
0,2.78639,1.17389
0,2.7914,1.17154
0,2.7964,1.16919
0,2.8014,1.16683
0,2.8064,1.16447
0,2.81141,1.16211
0,2.81641,1.15974
0,2.82141,1.15737
0,2.82641,1.15499
0,2.83142,1.15261
0,2.83642,1.15023
0,2.84142,1.14784
0,2.84642,1.14545
0,2.85143,1.14306
0,2.85643,1.14066
0,2.86143,1.13826
0,2.86643,1.13585
0,2.87144,1.13344
0,2.87644,1.13103
0,2.88144,1.12861
0,2.88644,1.1262
0,2.89145,1.12377
0,2.89645,1.12135
0,2.90145,1.11892
0,2.90645,1.11649
0,2.91146,1.11406
0,2.91646,1.11162
0,2.92146,1.10918
0,2.92646,1.10674
0,2.93147,1.10429
0,2.93647,1.10184
0,2.94147,1.09939
0,2.94647,1.09694
0,2.95148,1.09449
0,2.95648,1.09203
0,2.96148,1.08957
0,2.96648,1.08711
0,2.97149,1.08464
0,2.97649,1.08218
0,2.98149,1.07971
0,2.98649,1.07724
0,2.9915,1.07477
0,2.9965,1.07229
0,3.0015,1.06982
0,3.0065,1.06734
0,3.01151,1.06486
0,3.01651,1.06238
0,3.02151,1.0599
0,3.02651,1.05741
0,3.03152,1.05493
0,3.03652,1.05244
0,3.04152,1.04995
0,3.04652,1.04746
0,3.05153,1.04497
0,3.05653,1.04248
0,3.06153,1.03999
0,3.06653,1.03749
0,3.07154,1.035
0,3.07654,1.0325
0,3.08154,1.03001
0,3.08654,1.02751
0,3.09155,1.02501
0,3.09655,1.02251
0,3.10155,1.02002
0,3.10655,1.01752
0,3.11156,1.01502
0,3.11656,1.01252
0,3.12156,1.01002
0,3.12656,1.00751
0,3.13157,1.00501
0,3.13657,1.00251
0,3.14157,1.00001
0,3.14657,0.99751
0,3.15158,0.995009
0,3.15658,0.992507
0,3.16158,0.990007
0,3.16658,0.987506
0,3.17159,0.985006
0,3.17659,0.982506
0,3.18159,0.980006
0,3.18659,0.977507
0,3.1916,0.975009
0,3.1966,0.972511
0,3.2016,0.970014
0,3.2066,0.967518
0,3.21161,0.965022
0,3.21661,0.962527
0,3.22161,0.960034
0,3.22661,0.957541
0,3.23162,0.955049
0,3.23662,0.952559
0,3.24162,0.950069
0,3.24662,0.947581
0,3.25163,0.945094
0,3.25663,0.942609
0,3.26163,0.940125
0,3.26663,0.937642
0,3.27164,0.935162
0,3.27664,0.932682
0,3.28164,0.930205
0,3.28664,0.927729
0,3.29165,0.925255
0,3.29665,0.922782
0,3.30165,0.920312
0,3.30665,0.917844
0,3.31166,0.915378
0,3.31666,0.912914
0,3.32166,0.910452
0,3.32666,0.907992
0,3.33167,0.905535
0,3.33667,0.90308
0,3.34167,0.900627
0,3.34667,0.898177
0,3.35168,0.895729
0,3.35668,0.893284
0,3.36168,0.890842
0,3.36668,0.888403
0,3.37169,0.885966
0,3.37669,0.883532
0,3.38169,0.881101
0,3.38669,0.878673
0,3.3917,0.876248
0,3.3967,0.873826
0,3.4017,0.871407
0,3.4067,0.868992
0,3.41171,0.86658
0,3.41671,0.864171
0,3.42171,0.861765
0,3.42671,0.859363
0,3.43172,0.856965
0,3.43672,0.85457
0,3.44172,0.852179
0,3.44672,0.849791
0,3.45173,0.847407
0,3.45673,0.845027
0,3.46173,0.842651
0,3.46673,0.840279
0,3.47174,0.837911
0,3.47674,0.835547
0,3.48174,0.833187
0,3.48674,0.830831
0,3.49175,0.828479
0,3.49675,0.826132
0,3.50175,0.823789
0,3.50675,0.82145
0,3.51176,0.819116
0,3.51676,0.816787
0,3.52176,0.814462
0,3.52676,0.812141
0,3.53177,0.809826
0,3.53677,0.807515
0,3.54177,0.805209
0,3.54677,0.802908
0,3.55178,0.800611
0,3.55678,0.79832
0,3.56178,0.796034
0,3.56678,0.793753
0,3.57179,0.791477
0,3.57679,0.789206
0,3.58179,0.786941
0,3.58679,0.78468
0,3.5918,0.782426
0,3.5968,0.780176
0,3.6018,0.777933
0,3.6068,0.775694
0,3.61181,0.773462
0,3.61681,0.771235
0,3.62181,0.769014
0,3.62681,0.766798
0,3.63182,0.764589
0,3.63682,0.762385
0,3.64182,0.760187
0,3.64682,0.757995
0,3.65183,0.75581
0,3.65683,0.75363
0,3.66183,0.751457
0,3.66683,0.749289
0,3.67184,0.747128
0,3.67684,0.744974
0,3.68184,0.742826
0,3.68684,0.740684
0,3.69185,0.738548
0,3.69685,0.73642
0,3.70185,0.734297
0,3.70685,0.732182
0,3.71186,0.730073
0,3.71686,0.727971
0,3.72186,0.725876
0,3.72686,0.723787
0,3.73187,0.721706
0,3.73687,0.719631
0,3.74187,0.717564
0,3.74687,0.715504
0,3.75188,0.71345
0,3.75688,0.711404
0,3.76188,0.709365
0,3.76688,0.707333
0,3.77189,0.705309
0,3.77689,0.703292
0,3.78189,0.701283
0,3.78689,0.699281
0,3.7919,0.697286
0,3.7969,0.695299
0,3.8019,0.69332
0,3.8069,0.691348
0,3.81191,0.689384
0,3.81691,0.687428
0,3.82191,0.68548
0,3.82691,0.683539
0,3.83192,0.681607
0,3.83692,0.679682
0,3.84192,0.677766
0,3.84692,0.675857
0,3.85193,0.673957
0,3.85693,0.672065
0,3.86193,0.670181
0,3.86693,0.668305
0,3.87194,0.666437
0,3.87694,0.664578
0,3.88194,0.662727
0,3.88694,0.660885
0,3.89195,0.659051
0,3.89695,0.657226
0,3.90195,0.655409
0,3.90695,0.653601
0,3.91196,0.651802
0,3.91696,0.650011
0,3.92196,0.648229
0,3.92696,0.646456
0,3.93197,0.644692
0,3.93697,0.642937
0,3.94197,0.64119
0,3.94697,0.639453
0,3.95198,0.637724
0,3.95698,0.636005
0,3.96198,0.634295
0,3.96698,0.632594
0,3.97199,0.630902
0,3.97699,0.629219
0,3.98199,0.627546
0,3.98699,0.625881
0,3.992,0.624227
0,3.997,0.622581
0,4.002,0.620946
0,4.007,0.619319
0,4.01201,0.617702
0,4.01701,0.616095
0,4.02201,0.614497
0,4.02701,0.612909
0,4.03202,0.611331
0,4.03702,0.609762
0,4.04202,0.608203
0,4.04702,0.606654
0,4.05203,0.605115
0,4.05703,0.603586
0,4.06203,0.602066
0,4.06703,0.600557
0,4.07204,0.599058
0,4.07704,0.597568
0,4.08204,0.596089
0,4.08704,0.59462
0,4.09205,0.59316
0,4.09705,0.591712
0,4.10205,0.590273
0,4.10705,0.588844
0,4.11206,0.587426
0,4.11706,0.586018
0,4.12206,0.584621
0,4.12706,0.583234
0,4.13207,0.581857
0,4.13707,0.580491
0,4.14207,0.579135
0,4.14707,0.57779
0,4.15208,0.576456
0,4.15708,0.575132
0,4.16208,0.573818
0,4.16708,0.572516
0,4.17209,0.571224
0,4.17709,0.569942
0,4.18209,0.568672
0,4.18709,0.567412
0,4.1921,0.566163
0,4.1971,0.564925
0,4.2021,0.563698
0,4.2071,0.562482
0,4.21211,0.561277
0,4.21711,0.560082
0,4.22211,0.558899
0,4.22711,0.557727
0,4.23212,0.556566
0,4.23712,0.555415
0,4.24212,0.554277
0,4.24712,0.553149
0,4.25213,0.552032
0,4.25713,0.550927
0,4.26213,0.549833
0,4.26713,0.54875
0,4.27214,0.547678
0,4.27714,0.546618
0,4.28214,0.545569
0,4.28714,0.544531
0,4.29215,0.543505
0,4.29715,0.54249
0,4.30215,0.541487
0,4.30715,0.540495
0,4.31216,0.539515
0,4.31716,0.538546
0,4.32216,0.537589
0,4.32716,0.536643
0,4.33217,0.535709
0,4.33717,0.534787
0,4.34217,0.533876
0,4.34717,0.532977
0,4.35218,0.532089
0,4.35718,0.531213
0,4.36218,0.530349
0,4.36718,0.529497
0,4.37219,0.528657
0,4.37719,0.527828
0,4.38219,0.527011
0,4.38719,0.526206
0,4.3922,0.525413
0,4.3972,0.524631
0,4.4022,0.523862
0,4.4072,0.523104
0,4.41221,0.522359
0,4.41721,0.521625
0,4.42221,0.520904
0,4.42721,0.520194
0,4.43222,0.519496
0,4.43722,0.518811
0,4.44222,0.518137
0,4.44722,0.517475
0,4.45223,0.516826
0,4.45723,0.516189
0,4.46223,0.515563
0,4.46723,0.51495
0,4.47224,0.514349
0,4.47724,0.51376
0,4.48224,0.513184
0,4.48724,0.512619
0,4.49225,0.512067
0,4.49725,0.511527
0,4.50225,0.510999
0,4.50725,0.510483
0,4.51226,0.50998
0,4.51726,0.509489
0,4.52226,0.50901
0,4.52726,0.508543
0,4.53227,0.508089
0,4.53727,0.507647
0,4.54227,0.507218
0,4.54727,0.5068
0,4.55228,0.506395
0,4.55728,0.506003
0,4.56228,0.505623
0,4.56728,0.505255
0,4.57229,0.504899
0,4.57729,0.504556
0,4.58229,0.504225
0,4.58729,0.503907
0,4.5923,0.503601
0,4.5973,0.503308
0,4.6023,0.503027
0,4.6073,0.502758
0,4.61231,0.502502
0,4.61731,0.502258
0,4.62231,0.502027
0,4.62731,0.501808
0,4.63232,0.501602
0,4.63732,0.501408
0,4.64232,0.501227
0,4.64732,0.501058
0,4.65233,0.500902
0,4.65733,0.500758
0,4.66233,0.500626
0,4.66733,0.500507
0,4.67234,0.500401
0,4.67734,0.500307
0,4.68234,0.500226
0,4.68734,0.500157
0,4.69235,0.5001
0,4.69735,0.500057
0,4.70235,0.500025
0,4.70735,0.500006
0,4.71236,0.5
0,4.71736,0.500006
0,4.72236,0.500025
0,4.72736,0.500056
0,4.73237,0.5001
0,4.73737,0.500156
0,4.74237,0.500225
0,4.74737,0.500306
0,4.75238,0.5004
0,4.75738,0.500506
0,4.76238,0.500625
0,4.76738,0.500756
0,4.77239,0.5009
0,4.77739,0.501056
0,4.78239,0.501225
0,4.78739,0.501406
0,4.7924,0.501599
0,4.7974,0.501806
0,4.8024,0.502024
0,4.8074,0.502255
0,4.81241,0.502499
0,4.81741,0.502755
0,4.82241,0.503023
0,4.82741,0.503304
0,4.83242,0.503597
0,4.83742,0.503903
0,4.84242,0.504221
0,4.84742,0.504552
0,4.85243,0.504895
0,4.85743,0.50525
0,4.86243,0.505618
0,4.86743,0.505998
0,4.87244,0.50639
0,4.87744,0.506795
0,4.88244,0.507212
0,4.88744,0.507641
0,4.89245,0.508083
0,4.89745,0.508537
0,4.90245,0.509004
0,4.90745,0.509482
0,4.91246,0.509973
0,4.91746,0.510477
0,4.92246,0.510992
0,4.92746,0.51152
0,4.93247,0.51206
0,4.93747,0.512612
0,4.94247,0.513176
0,4.94747,0.513753
0,4.95248,0.514341
0,4.95748,0.514942
0,4.96248,0.515555
0,4.96748,0.51618
0,4.97249,0.516818
0,4.97749,0.517467
0,4.98249,0.518128
0,4.98749,0.518802
0,4.9925,0.519487
0,4.9975,0.520185
0,5.0025,0.520894
0,5.0075,0.521616
0,5.01251,0.522349
0,5.01751,0.523095
0,5.02251,0.523852
0,5.02751,0.524621
0,5.03252,0.525402
0,5.03752,0.526195
0,5.04252,0.527
0,5.04752,0.527817
0,5.05253,0.528646
0,5.05753,0.529486
0,5.06253,0.530338
0,5.06753,0.531202
0,5.07254,0.532078
0,5.07754,0.532965
0,5.08254,0.533864
0,5.08754,0.534775
0,5.09255,0.535697
0,5.09755,0.536631
0,5.10255,0.537576
0,5.10755,0.538533
0,5.11256,0.539502
0,5.11756,0.540482
0,5.12256,0.541474
0,5.12756,0.542477
0,5.13257,0.543492
0,5.13757,0.544518
0,5.14257,0.545555
0,5.14757,0.546604
0,5.15258,0.547664
0,5.15758,0.548736
0,5.16258,0.549818
0,5.16758,0.550912
0,5.17259,0.552018
0,5.17759,0.553134
0,5.18259,0.554262
0,5.18759,0.5554
0,5.1926,0.55655
0,5.1976,0.557711
0,5.2026,0.558884
0,5.2076,0.560067
0,5.21261,0.561261
0,5.21761,0.562466
0,5.22261,0.563682
0,5.22761,0.564909
0,5.23262,0.566147
0,5.23762,0.567396
0,5.24262,0.568655
0,5.24762,0.569926
0,5.25263,0.571207
0,5.25763,0.572499
0,5.26263,0.573801
0,5.26763,0.575114
0,5.27264,0.576438
0,5.27764,0.577773
0,5.28264,0.579118
0,5.28764,0.580473
0,5.29265,0.581839
0,5.29765,0.583216
0,5.30265,0.584603
0,5.30765,0.586
0,5.31266,0.587408
0,5.31766,0.588826
0,5.32266,0.590254
0,5.32766,0.591693
0,5.33267,0.593141
0,5.33767,0.5946
0,5.34267,0.596069
0,5.34767,0.597549
0,5.35268,0.599038
0,5.35768,0.600537
0,5.36268,0.602047
0,5.36768,0.603566
0,5.37269,0.605095
0,5.37769,0.606634
0,5.38269,0.608183
0,5.38769,0.609742
0,5.3927,0.61131
0,5.3977,0.612889
0,5.4027,0.614476
0,5.4077,0.616074
0,5.41271,0.617681
0,5.41771,0.619298
0,5.42271,0.620924
0,5.42771,0.62256
0,5.43272,0.624205
0,5.43772,0.62586
0,5.44272,0.627524
0,5.44772,0.629197
0,5.45273,0.630879
0,5.45773,0.632571
0,5.46273,0.634272
0,5.46773,0.635982
0,5.47274,0.637702
0,5.47774,0.63943
0,5.48274,0.641167
0,5.48774,0.642914
0,5.49275,0.644669
0,5.49775,0.646433
0,5.50275,0.648206
0,5.50775,0.649988
0,5.51276,0.651778
0,5.51776,0.653578
0,5.52276,0.655386
0,5.52776,0.657202
0,5.53277,0.659027
0,5.53777,0.660861
0,5.54277,0.662703
0,5.54777,0.664554
0,5.55278,0.666413
0,5.55778,0.66828
0,5.56278,0.670156
0,5.56778,0.67204
0,5.57279,0.673932
0,5.57779,0.675832
0,5.58279,0.677741
0,5.58779,0.679657
0,5.5928,0.681581
0,5.5978,0.683514
0,5.6028,0.685454
0,5.6078,0.687402
0,5.61281,0.689359
0,5.61781,0.691322
0,5.62281,0.693294
0,5.62781,0.695273
0,5.63282,0.69726
0,5.63782,0.699254
0,5.64282,0.701256
0,5.64782,0.703266
0,5.65283,0.705283
0,5.65783,0.707307
0,5.66283,0.709338
0,5.66783,0.711377
0,5.67284,0.713423
0,5.67784,0.715477
0,5.68284,0.717537
0,5.68784,0.719604
0,5.69285,0.721679
0,5.69785,0.72376
0,5.70285,0.725848
0,5.70785,0.727944
0,5.71286,0.730046
0,5.71786,0.732154
0,5.72286,0.73427
0,5.72786,0.736392
0,5.73287,0.73852
0,5.73787,0.740656
0,5.74287,0.742797
0,5.74787,0.744946
0,5.75288,0.7471
0,5.75788,0.749261
0,5.76288,0.751428
0,5.76788,0.753601
0,5.77289,0.755781
0,5.77789,0.757967
0,5.78289,0.760158
0,5.78789,0.762356
0,5.7929,0.76456
0,5.7979,0.766769
0,5.8029,0.768985
0,5.8079,0.771206
0,5.81291,0.773433
0,5.81791,0.775665
0,5.82291,0.777903
0,5.82791,0.780147
0,5.83292,0.782396
0,5.83792,0.784651
0,5.84292,0.786911
0,5.84792,0.789176
0,5.85293,0.791447
0,5.85793,0.793723
0,5.86293,0.796004
0,5.86793,0.79829
0,5.87294,0.800581
0,5.87794,0.802877
0,5.88294,0.805179
0,5.88794,0.807485
0,5.89295,0.809795
0,5.89795,0.812111
0,5.90295,0.814431
0,5.90795,0.816756
0,5.91296,0.819086
0,5.91796,0.82142
0,5.92296,0.823758
0,5.92796,0.826101
0,5.93297,0.828448
0,5.93797,0.8308
0,5.94297,0.833156
0,5.94797,0.835516
0,5.95298,0.83788
0,5.95798,0.840248
0,5.96298,0.84262
0,5.96798,0.844996
0,5.97299,0.847376
0,5.97799,0.84976
0,5.98299,0.852147
0,5.98799,0.854539
0,5.993,0.856933
0,5.998,0.859332
0,6.003,0.861734
0,6.008,0.864139
0,6.01301,0.866548
0,6.01801,0.86896
0,6.02301,0.871376
0,6.02801,0.873794
0,6.03302,0.876216
0,6.03802,0.878641
0,6.04302,0.881069
0,6.04802,0.8835
0,6.05303,0.885934
0,6.05803,0.888371
0,6.06303,0.89081
0,6.06803,0.893252
0,6.07304,0.895697
0,6.07804,0.898145
0,6.08304,0.900595
0,6.08804,0.903047
0,6.09305,0.905502
0,6.09805,0.90796
0,6.10305,0.910419
0,6.10805,0.912881
0,6.11306,0.915345
0,6.11806,0.917812
0,6.12306,0.92028
0,6.12806,0.92275
0,6.13307,0.925222
0,6.13807,0.927696
0,6.14307,0.930172
0,6.14807,0.93265
0,6.15308,0.935129
0,6.15808,0.93761
0,6.16308,0.940092
0,6.16808,0.942576
0,6.17309,0.945062
0,6.17809,0.947549
0,6.18309,0.950037
0,6.18809,0.952526
0,6.1931,0.955017
0,6.1981,0.957508
0,6.2031,0.960001
0,6.2081,0.962495
0,6.21311,0.964989
0,6.21811,0.967485
0,6.22311,0.969981
0,6.22811,0.972478
0,6.23312,0.974976
0,6.23812,0.977475
0,6.24312,0.979973
0,6.24812,0.982473
0,6.25313,0.984973
0,6.25813,0.987473
0,6.26313,0.989974
0,6.26813,0.992475
0,6.27314,0.994976
0,6.27814,0.997477
0,6.28314,0.999978
0,6.28814,1.00248
0,6.29315,1.00498
0,6.29815,1.00748
0,6.30315,1.00998
0,6.30815,1.01248
0,6.31316,1.01498
0,6.31816,1.01748
0,6.32316,1.01998
0,6.32816,1.02248
0,6.33317,1.02498
0,6.33817,1.02748
0,6.34317,1.02998
0,6.34817,1.03247
0,6.35318,1.03497
0,6.35818,1.03746
0,6.36318,1.03996
0,6.36818,1.04245
0,6.37319,1.04494
0,6.37819,1.04743
0,6.38319,1.04992
0,6.38819,1.05241
0,6.3932,1.05489
0,6.3982,1.05738
0,6.4032,1.05986
0,6.4082,1.06235
0,6.41321,1.06483
0,6.41821,1.06731
0,6.42321,1.06978
0,6.42821,1.07226
0,6.43322,1.07473
0,6.43822,1.07721
0,6.44322,1.07968
0,6.44822,1.08215
0,6.45323,1.08461
0,6.45823,1.08708
0,6.46323,1.08954
0,6.46823,1.092
0,6.47324,1.09445
0,6.47824,1.09691
0,6.48324,1.09936
0,6.48824,1.10181
0,6.49325,1.10426
0,6.49825,1.1067
0,6.50325,1.10915
0,6.50825,1.11159
0,6.51326,1.11402
0,6.51826,1.11646
0,6.52326,1.11889
0,6.52826,1.12132
0,6.53327,1.12374
0,6.53827,1.12616
0,6.54327,1.12858
0,6.54827,1.131
0,6.55328,1.13341
0,6.55828,1.13582
0,6.56328,1.13822
0,6.56828,1.14063
0,6.57329,1.14302
0,6.57829,1.14542
0,6.58329,1.14781
0,6.58829,1.1502
0,6.5933,1.15258
0,6.5983,1.15496
0,6.6033,1.15734
0,6.6083,1.15971
0,6.61331,1.16208
0,6.61831,1.16444
0,6.62331,1.1668
0,6.62831,1.16916
0,6.63332,1.17151
0,6.63832,1.17386
0,6.64332,1.1762
0,6.64832,1.17854
0,6.65333,1.18087
0,6.65833,1.1832
0,6.66333,1.18553
0,6.66833,1.18785
0,6.67334,1.19016
0,6.67834,1.19248
0,6.68334,1.19478
0,6.68834,1.19708
0,6.69335,1.19938
0,6.69835,1.20167
0,6.70335,1.20396
0,6.70835,1.20624
0,6.71336,1.20851
0,6.71836,1.21078
0,6.72336,1.21305
0,6.72836,1.21531
0,6.73337,1.21756
0,6.73837,1.21981
0,6.74337,1.22206
0,6.74837,1.2243
0,6.75338,1.22653
0,6.75838,1.22876
0,6.76338,1.23098
0,6.76838,1.23319
0,6.77339,1.2354
0,6.77839,1.23761
0,6.78339,1.2398
0,6.78839,1.242
0,6.7934,1.24418
0,6.7984,1.24636
0,6.8034,1.24853
0,6.8084,1.2507
0,6.81341,1.25286
0,6.81841,1.25502
0,6.82341,1.25717
0,6.82841,1.25931
0,6.83342,1.26144
0,6.83842,1.26357
0,6.84342,1.26569
0,6.84842,1.26781
0,6.85343,1.26992
0,6.85843,1.27202
0,6.86343,1.27412
0,6.86843,1.2762
0,6.87344,1.27828
0,6.87844,1.28036
0,6.88344,1.28243
0,6.88844,1.28449
0,6.89345,1.28654
0,6.89845,1.28859
0,6.90345,1.29063
0,6.90845,1.29266
0,6.91346,1.29468
0,6.91846,1.2967
0,6.92346,1.29871
0,6.92846,1.30071
0,6.93347,1.30271
0,6.93847,1.30469
0,6.94347,1.30667
0,6.94847,1.30864
0,6.95348,1.31061
0,6.95848,1.31256
0,6.96348,1.31451
0,6.96848,1.31645
0,6.97349,1.31838
0,6.97849,1.32031
0,6.98349,1.32223
0,6.98849,1.32413
0,6.9935,1.32603
0,6.9985,1.32793
0,7.0035,1.32981
0,7.0085,1.33169
0,7.01351,1.33355
0,7.01851,1.33541
0,7.02351,1.33726
0,7.02851,1.33911
0,7.03352,1.34094
0,7.03852,1.34277
0,7.04352,1.34458
0,7.04852,1.34639
0,7.05353,1.34819
0,7.05853,1.34998
0,7.06353,1.35176
0,7.06853,1.35354
0,7.07354,1.3553
0,7.07854,1.35706
0,7.08354,1.3588
0,7.08854,1.36054
0,7.09355,1.36227
0,7.09855,1.36399
0,7.10355,1.3657
0,7.10855,1.3674
0,7.11356,1.36909
0,7.11856,1.37077
0,7.12356,1.37245
0,7.12856,1.37411
0,7.13357,1.37577
0,7.13857,1.37741
0,7.14357,1.37905
0,7.14857,1.38067
0,7.15358,1.38229
0,7.15858,1.3839
0,7.16358,1.3855
0,7.16858,1.38708
0,7.17359,1.38866
0,7.17859,1.39023
0,7.18359,1.39179
0,7.18859,1.39334
0,7.1936,1.39488
0,7.1986,1.39641
0,7.2036,1.39793
0,7.2086,1.39944
0,7.21361,1.40094
0,7.21861,1.40243
0,7.22361,1.4039
0,7.22861,1.40537
0,7.23362,1.40683
0,7.23862,1.40828
0,7.24362,1.40972
0,7.24862,1.41115
0,7.25363,1.41257
0,7.25863,1.41398
0,7.26363,1.41537
0,7.26863,1.41676
0,7.27364,1.41814
0,7.27864,1.4195
0,7.28364,1.42086
0,7.28864,1.4222
0,7.29365,1.42354
0,7.29865,1.42486
0,7.30365,1.42618
0,7.30865,1.42748
0,7.31366,1.42877
0,7.31866,1.43005
0,7.32366,1.43132
0,7.32866,1.43258
0,7.33367,1.43383
0,7.33867,1.43507
0,7.34367,1.4363
0,7.34867,1.43751
0,7.35368,1.43872
0,7.35868,1.43991
0,7.36368,1.4411
0,7.36868,1.44227
0,7.37369,1.44343
0,7.37869,1.44458
0,7.38369,1.44572
0,7.38869,1.44685
0,7.3937,1.44796
0,7.3987,1.44907
0,7.4037,1.45016
0,7.4087,1.45125
0,7.41371,1.45232
0,7.41871,1.45338
0,7.42371,1.45443
0,7.42871,1.45546
0,7.43372,1.45649
0,7.43872,1.45751
0,7.44372,1.45851
0,7.44872,1.4595
0,7.45373,1.46048
0,7.45873,1.46145
0,7.46373,1.46241
0,7.46873,1.46335
0,7.47374,1.46429
0,7.47874,1.46521
0,7.48374,1.46612
0,7.48874,1.46702
0,7.49375,1.46791
0,7.49875,1.46878
0,7.50375,1.46965
0,7.50875,1.4705
0,7.51376,1.47134
0,7.51876,1.47217
0,7.52376,1.47299
0,7.52876,1.47379
0,7.53377,1.47458
0,7.53877,1.47537
0,7.54377,1.47613
0,7.54877,1.47689
0,7.55378,1.47764
0,7.55878,1.47837
0,7.56378,1.47909
0,7.56878,1.4798
0,7.57379,1.4805
0,7.57879,1.48119
0,7.58379,1.48186
0,7.58879,1.48252
0,7.5938,1.48317
0,7.5988,1.48381
0,7.6038,1.48443
0,7.6088,1.48505
0,7.61381,1.48565
0,7.61881,1.48624
0,7.62381,1.48681
0,7.62881,1.48738
0,7.63382,1.48793
0,7.63882,1.48847
0,7.64382,1.489
0,7.64882,1.48951
0,7.65383,1.49002
0,7.65883,1.49051
0,7.66383,1.49099
0,7.66883,1.49145
0,7.67384,1.49191
0,7.67884,1.49235
0,7.68384,1.49278
0,7.68884,1.4932
0,7.69385,1.4936
0,7.69885,1.494
0,7.70385,1.49438
0,7.70885,1.49474
0,7.71386,1.4951
0,7.71886,1.49544
0,7.72386,1.49577
0,7.72886,1.49609
0,7.73387,1.4964
0,7.73887,1.49669
0,7.74387,1.49697
0,7.74887,1.49724
0,7.75388,1.4975
0,7.75888,1.49774
0,7.76388,1.49797
0,7.76888,1.49819
0,7.77389,1.4984
0,7.77889,1.49859
0,7.78389,1.49877
0,7.78889,1.49894
0,7.7939,1.4991
0,7.7989,1.49924
0,7.8039,1.49937
0,7.8089,1.49949
0,7.81391,1.4996
0,7.81891,1.49969
0,7.82391,1.49977
0,7.82891,1.49984
0,7.83392,1.4999
0,7.83892,1.49994
0,7.84392,1.49997
0,7.84892,1.49999
0,7.85393,1.5
0,7.85893,1.49999
0,7.86393,1.49998
0,7.86893,1.49994
0,7.87394,1.4999
0,7.87894,1.49984
0,7.88394,1.49978
0,7.88894,1.49969
0,7.89395,1.4996
0,7.89895,1.49949
0,7.90395,1.49938
0,7.90895,1.49924
0,7.91396,1.4991
0,7.91896,1.49894
0,7.92396,1.49878
0,7.92896,1.4986
0,7.93397,1.4984
0,7.93897,1.4982
0,7.94397,1.49798
0,7.94897,1.49775
0,7.95398,1.4975
0,7.95898,1.49725
0,7.96398,1.49698
0,7.96898,1.4967
0,7.97399,1.4964
0,7.97899,1.4961
0,7.98399,1.49578
0,7.98899,1.49545
0,7.994,1.49511
0,7.999,1.49475
0,8.004,1.49438
0,8.009,1.494
0,8.01401,1.49361
0,8.01901,1.49321
0,8.02401,1.49279
0,8.02901,1.49236
0,8.03402,1.49192
0,8.03902,1.49146
0,8.04402,1.491
0,8.04902,1.49052
0,8.05403,1.49003
0,8.05903,1.48953
0,8.06403,1.48901
0,8.06903,1.48848
0,8.07404,1.48794
0,8.07904,1.48739
0,8.08404,1.48683
0,8.08904,1.48625
0,8.09405,1.48566
0,8.09905,1.48506
0,8.10405,1.48445
0,8.10905,1.48382
0,8.11406,1.48319
0,8.11906,1.48254
0,8.12406,1.48187
0,8.12906,1.4812
0,8.13407,1.48052
0,8.13907,1.47982
0,8.14407,1.47911
0,8.14907,1.47839
0,8.15408,1.47765
0,8.15908,1.47691
0,8.16408,1.47615
0,8.16908,1.47538
0,8.17409,1.4746
0,8.17909,1.47381
0,8.18409,1.473
0,8.18909,1.47219
0,8.1941,1.47136
0,8.1991,1.47052
0,8.2041,1.46967
0,8.2091,1.4688
0,8.21411,1.46793
0,8.21911,1.46704
0,8.22411,1.46614
0,8.22911,1.46523
0,8.23412,1.46431
0,8.23912,1.46337
0,8.24412,1.46243
0,8.24912,1.46147
0,8.25413,1.4605
0,8.25913,1.45952
0,8.26413,1.45853
0,8.26913,1.45753
0,8.27414,1.45651
0,8.27914,1.45549
0,8.28414,1.45445
0,8.28914,1.4534
0,8.29415,1.45234
0,8.29915,1.45127
0,8.30415,1.45019
0,8.30915,1.44909
0,8.31416,1.44799
0,8.31916,1.44687
0,8.32416,1.44574
0,8.32916,1.4446
0,8.33417,1.44345
0,8.33917,1.44229
0,8.34417,1.44112
0,8.34917,1.43994
0,8.35418,1.43874
0,8.35918,1.43754
0,8.36418,1.43632
0,8.36918,1.4351
0,8.37419,1.43386
0,8.37919,1.43261
0,8.38419,1.43135
0,8.38919,1.43008
0,8.3942,1.4288
0,8.3992,1.42751
0,8.4042,1.4262
0,8.4092,1.42489
0,8.41421,1.42357
0,8.41921,1.42223
0,8.42421,1.42089
0,8.42921,1.41953
0,8.43422,1.41817
0,8.43922,1.41679
0,8.44422,1.4154
0,8.44922,1.41401
0,8.45423,1.4126
0,8.45923,1.41118
0,8.46423,1.40975
0,8.46923,1.40831
0,8.47424,1.40686
0,8.47924,1.40541
0,8.48424,1.40394
0,8.48924,1.40246
0,8.49425,1.40097
0,8.49925,1.39947
0,8.50425,1.39796
0,8.50925,1.39644
0,8.51426,1.39491
0,8.51926,1.39337
0,8.52426,1.39182
0,8.52926,1.39027
0,8.53427,1.3887
0,8.53927,1.38712
0,8.54427,1.38553
0,8.54927,1.38393
0,8.55428,1.38233
0,8.55928,1.38071
0,8.56428,1.37908
0,8.56928,1.37745
0,8.57429,1.3758
0,8.57929,1.37415
0,8.58429,1.37248
0,8.58929,1.37081
0,8.5943,1.36913
0,8.5993,1.36744
0,8.6043,1.36574
0,8.6093,1.36403
0,8.61431,1.36231
0,8.61931,1.36058
0,8.62431,1.35884
0,8.62931,1.35709
0,8.63432,1.35534
0,8.63932,1.35357
0,8.64432,1.3518
0,8.64932,1.35002
0,8.65433,1.34823
0,8.65933,1.34643
0,8.66433,1.34462
0,8.66933,1.34281
0,8.67434,1.34098
0,8.67934,1.33915
0,8.68434,1.3373
0,8.68934,1.33545
0,8.69435,1.3336
0,8.69935,1.33173
0,8.70435,1.32985
0,8.70935,1.32797
0,8.71436,1.32608
0,8.71936,1.32418
0,8.72436,1.32227
0,8.72936,1.32035
0,8.73437,1.31843
0,8.73937,1.31649
0,8.74437,1.31455
0,8.74937,1.31261
0,8.75438,1.31065
0,8.75938,1.30869
0,8.76438,1.30671
0,8.76938,1.30474
0,8.77439,1.30275
0,8.77939,1.30075
0,8.78439,1.29875
0,8.78939,1.29674
0,8.7944,1.29473
0,8.7994,1.2927
0,8.8044,1.29067
0,8.8094,1.28863
0,8.81441,1.28659
0,8.81941,1.28453
0,8.82441,1.28247
0,8.82941,1.2804
0,8.83442,1.27833
0,8.83942,1.27625
0,8.84442,1.27416
0,8.84942,1.27207
0,8.85443,1.26996
0,8.85943,1.26785
0,8.86443,1.26574
0,8.86943,1.26362
0,8.87444,1.26149
0,8.87944,1.25935
0,8.88444,1.25721
0,8.88944,1.25506
0,8.89445,1.25291
0,8.89945,1.25075
0,8.90445,1.24858
0,8.90945,1.24641
0,8.91446,1.24423
0,8.91946,1.24204
0,8.92446,1.23985
0,8.92946,1.23765
0,8.93447,1.23545
0,8.93947,1.23324
0,8.94447,1.23103
0,8.94947,1.2288
0,8.95448,1.22658
0,8.95948,1.22434
0,8.96448,1.22211
0,8.96948,1.21986
0,8.97449,1.21761
0,8.97949,1.21536
0,8.98449,1.2131
0,8.98949,1.21083
0,8.9945,1.20856
0,8.9995,1.20629
0,9.0045,1.20401
0,9.0095,1.20172
0,9.01451,1.19943
0,9.01951,1.19713
0,9.02451,1.19483
0,9.02951,1.19253
0,9.03452,1.19021
0,9.03952,1.1879
0,9.04452,1.18558
0,9.04952,1.18325
0,9.05453,1.18092
0,9.05953,1.17859
0,9.06453,1.17625
0,9.06953,1.17391
0,9.07454,1.17156
0,9.07954,1.16921
0,9.08454,1.16685
0,9.08954,1.16449
0,9.09455,1.16213
0,9.09955,1.15976
0,9.10455,1.15739
0,9.10955,1.15501
0,9.11456,1.15263
0,9.11956,1.15025
0,9.12456,1.14786
0,9.12956,1.14547
0,9.13457,1.14308
0,9.13957,1.14068
0,9.14457,1.13828
0,9.14957,1.13587
0,9.15458,1.13346
0,9.15958,1.13105
0,9.16458,1.12863
0,9.16958,1.12622
0,9.17459,1.12379
0,9.17959,1.12137
0,9.18459,1.11894
0,9.18959,1.11651
0,9.1946,1.11408
0,9.1996,1.11164
0,9.2046,1.1092
0,9.2096,1.10676
0,9.21461,1.10431
0,9.21961,1.10187
0,9.22461,1.09942
0,9.22961,1.09696
0,9.23462,1.09451
0,9.23962,1.09205
0,9.24462,1.08959
0,9.24962,1.08713
0,9.25463,1.08467
0,9.25963,1.0822
0,9.26463,1.07973
0,9.26963,1.07726
0,9.27464,1.07479
0,9.27964,1.07231
0,9.28464,1.06984
0,9.28964,1.06736
0,9.29465,1.06488
0,9.29965,1.0624
0,9.30465,1.05992
0,9.30965,1.05743
0,9.31466,1.05495
0,9.31966,1.05246
0,9.32466,1.04997
0,9.32966,1.04748
0,9.33467,1.04499
0,9.33967,1.0425
0,9.34467,1.04001
0,9.34967,1.03752
0,9.35468,1.03502
0,9.35968,1.03253
0,9.36468,1.03003
0,9.36968,1.02753
0,9.37469,1.02503
0,9.37969,1.02254
0,9.38469,1.02004
0,9.38969,1.01754
0,9.3947,1.01504
0,9.3997,1.01254
0,9.4047,1.01004
0,9.4097,1.00754
0,9.41471,1.00504
0,9.41971,1.00253
0,9.42471,1.00003
0,9.42971,0.997532
0,9.43472,0.99503
0,9.43972,0.992529
0,9.44472,0.990028
0,9.44972,0.987528
0,9.45473,0.985028
0,9.45973,0.982528
0,9.46473,0.980028
0,9.46973,0.977529
0,9.47474,0.975031
0,9.47974,0.972533
0,9.48474,0.970036
0,9.48974,0.967539
0,9.49475,0.965044
0,9.49975,0.962549
0,9.50475,0.960055
0,9.50975,0.957563
0,9.51476,0.955071
0,9.51976,0.95258
0,9.52476,0.950091
0,9.52976,0.947603
0,9.53477,0.945116
0,9.53977,0.942631
0,9.54477,0.940147
0,9.54977,0.937664
0,9.55478,0.935183
0,9.55978,0.932704
0,9.56478,0.930226
0,9.56978,0.92775
0,9.57479,0.925276
0,9.57979,0.922804
0,9.58479,0.920334
0,9.58979,0.917865
0,9.5948,0.915399
0,9.5998,0.912935
0,9.6048,0.910473
0,9.6098,0.908013
0,9.61481,0.905556
0,9.61981,0.903101
0,9.62481,0.900648
0,9.62981,0.898198
0,9.63482,0.895751
0,9.63982,0.893306
0,9.64482,0.890863
0,9.64982,0.888424
0,9.65483,0.885987
0,9.65983,0.883553
0,9.66483,0.881122
0,9.66983,0.878694
0,9.67484,0.876269
0,9.67984,0.873847
0,9.68484,0.871429
0,9.68984,0.869013
0,9.69485,0.866601
0,9.69985,0.864192
0,9.70485,0.861786
0,9.70985,0.859384
0,9.71486,0.856986
0,9.71986,0.854591
0,9.72486,0.8522
0,9.72986,0.849812
0,9.73487,0.847428
0,9.73987,0.845048
0,9.74487,0.842672
0,9.74987,0.8403
0,9.75488,0.837931
0,9.75988,0.835567
0,9.76488,0.833207
0,9.76988,0.830851
0,9.77489,0.8285
0,9.77989,0.826152
0,9.78489,0.823809
0,9.78989,0.821471
0,9.7949,0.819137
0,9.7999,0.816807
0,9.8049,0.814482
0,9.8099,0.812162
0,9.81491,0.809846
0,9.81991,0.807535
0,9.82491,0.805229
0,9.82991,0.802928
0,9.83492,0.800631
0,9.83992,0.79834
0,9.84492,0.796054
0,9.84992,0.793773
0,9.85493,0.791497
0,9.85993,0.789226
0,9.86493,0.78696
0,9.86993,0.7847
0,9.87494,0.782445
0,9.87994,0.780196
0,9.88494,0.777952
0,9.88994,0.775714
0,9.89495,0.773481
0,9.89995,0.771254
0,9.90495,0.769033
0,9.90995,0.766818
0,9.91496,0.764608
0,9.91996,0.762404
0,9.92496,0.760206
0,9.92996,0.758014
0,9.93497,0.755829
0,9.93997,0.753649
0,9.94497,0.751476
0,9.94997,0.749308
0,9.95498,0.747147
0,9.95998,0.744993
0,9.96498,0.742844
0,9.96998,0.740702
0,9.97499,0.738567
0,9.97999,0.736438
0,9.98499,0.734316
0,9.98999,0.7322
0,9.995,0.730092
0,10,0.727989
1,1,1
1,1.0075,1.0025
1,1.01501,1.005
1,1.02251,1.0075
1,1.03001,1.01
1,1.03752,1.0125
1,1.04502,1.01501
1,1.05252,1.01751
1,1.06002,1.02
1,1.06753,1.0225
1,1.07503,1.025
1,1.08253,1.0275
1,1.09003,1.03
1,1.09753,1.03249
1,1.10502,1.03499
1,1.11252,1.03748
1,1.12002,1.03998
1,1.12751,1.04247
1,1.13501,1.04496
1,1.1425,1.04745
1,1.14999,1.04994
1,1.15748,1.05243
1,1.16497,1.05492
1,1.17246,1.0574
1,1.17995,1.05989
1,1.18743,1.06237
1,1.19491,1.06485
1,1.2024,1.06733
1,1.20988,1.06981
1,1.21735,1.07228
1,1.22483,1.07476
1,1.23231,1.07723
1,1.23978,1.0797
1,1.24725,1.08217
1,1.25472,1.08463
1,1.26218,1.0871
1,1.26965,1.08956
1,1.27711,1.09202
1,1.28457,1.09448
1,1.29203,1.09693
1,1.29948,1.09938
1,1.30694,1.10183
1,1.31439,1.10428
1,1.32183,1.10673
1,1.32928,1.10917
1,1.33672,1.11161
1,1.34416,1.11404
1,1.3516,1.11648
1,1.35903,1.11891
1,1.36646,1.12134
1,1.37389,1.12376
1,1.38131,1.12618
1,1.38873,1.1286
1,1.39615,1.13102
1,1.40357,1.13343
1,1.41098,1.13584
1,1.41839,1.13825
1,1.42579,1.14065
1,1.43319,1.14305
1,1.44059,1.14544
1,1.44798,1.14783
1,1.45537,1.15022
1,1.46276,1.1526
1,1.47014,1.15498
1,1.47752,1.15736
1,1.48489,1.15973
1,1.49226,1.1621
1,1.49963,1.16446
1,1.50699,1.16682
1,1.51435,1.16918
1,1.52171,1.17153
1,1.52906,1.17388
1,1.5364,1.17622
1,1.54374,1.17856
1,1.55108,1.18089
1,1.55841,1.18322
1,1.56574,1.18555
1,1.57306,1.18787
1,1.58038,1.19018
1,1.58769,1.1925
1,1.595,1.1948
1,1.60231,1.1971
1,1.6096,1.1994
1,1.6169,1.20169
1,1.62419,1.20398
1,1.63147,1.20626
1,1.63875,1.20853
1,1.64602,1.2108
1,1.65329,1.21307
1,1.66055,1.21533
1,1.66781,1.21758
1,1.67506,1.21983
1,1.68231,1.22208
1,1.68955,1.22432
1,1.69678,1.22655
1,1.70401,1.22877
1,1.71124,1.231
1,1.71845,1.23321
1,1.72567,1.23542
1,1.73287,1.23762
1,1.74007,1.23982
1,1.74727,1.24201
1,1.75446,1.2442
1,1.76164,1.24638
1,1.76881,1.24855
1,1.77598,1.25072
1,1.78315,1.25288
1,1.7903,1.25504
1,1.79745,1.25718
1,1.8046,1.25933
1,1.81174,1.26146
1,1.81887,1.26359
1,1.82599,1.26571
1,1.83311,1.26783
1,1.84022,1.26994
1,1.84733,1.27204
1,1.85442,1.27413
1,1.86151,1.27622
1,1.8686,1.2783
1,1.87568,1.28038
1,1.88275,1.28245
1,1.88981,1.28451
1,1.89686,1.28656
1,1.90391,1.2886
1,1.91095,1.29064
1,1.91799,1.29268
1,1.92501,1.2947
1,1.93203,1.29672
1,1.93905,1.29873
1,1.94605,1.30073
1,1.95305,1.30272
1,1.96004,1.30471
1,1.96702,1.30669
1,1.97399,1.30866
1,1.98096,1.31062
1,1.98792,1.31258
1,1.99487,1.31453
1,2.00181,1.31647
1,2.00875,1.3184
1,2.01567,1.32033
1,2.02259,1.32224
1,2.0295,1.32415
1,2.03641,1.32605
1,2.0433,1.32794
1,2.05019,1.32983
1,2.05707,1.3317
1,2.06394,1.33357
1,2.0708,1.33543
1,2.07765,1.33728
1,2.0845,1.33912
1,2.09133,1.34096
1,2.09816,1.34278
1,2.10498,1.3446
1,2.11179,1.34641
1,2.11859,1.34821
1,2.12538,1.35
1,2.13217,1.35178
1,2.13894,1.35355
1,2.14571,1.35532
1,2.15247,1.35707
1,2.15922,1.35882
1,2.16596,1.36055
1,2.17269,1.36228
1,2.17941,1.364
1,2.18612,1.36571
1,2.19283,1.36741
1,2.19952,1.36911
1,2.20621,1.37079
1,2.21288,1.37246
1,2.21955,1.37413
1,2.22621,1.37578
1,2.23285,1.37743
1,2.23949,1.37906
1,2.24612,1.38069
1,2.25274,1.3823
1,2.25935,1.38391
1,2.26595,1.38551
1,2.27254,1.3871
1,2.27912,1.38868
1,2.28569,1.39024
1,2.29225,1.3918
1,2.29881,1.39335
1,2.30535,1.39489
1,2.31188,1.39642
1,2.3184,1.39794
1,2.32491,1.39945
1,2.33141,1.40095
1,2.33791,1.40244
1,2.34439,1.40392
1,2.35086,1.40539
1,2.35732,1.40685
1,2.36377,1.40829
1,2.37021,1.40973
1,2.37664,1.41116
1,2.38307,1.41258
1,2.38948,1.41399
1,2.39588,1.41539
1,2.40226,1.41677
1,2.40864,1.41815
1,2.41501,1.41951
1,2.42137,1.42087
1,2.42772,1.42222
1,2.43406,1.42355
1,2.44038,1.42487
1,2.4467,1.42619
1,2.453,1.42749
1,2.4593,1.42878
1,2.46558,1.43006
1,2.47185,1.43133
1,2.47812,1.43259
1,2.48437,1.43384
1,2.49061,1.43508
1,2.49684,1.43631
1,2.50306,1.43752
1,2.50926,1.43873
1,2.51546,1.43992
1,2.52165,1.44111
1,2.52782,1.44228
1,2.53398,1.44344
1,2.54014,1.44459
1,2.54628,1.44573
1,2.55241,1.44686
1,2.55853,1.44797
1,2.56464,1.44908
1,2.57073,1.45017
1,2.57682,1.45126
1,2.58289,1.45233
1,2.58895,1.45339
1,2.59501,1.45444
1,2.60105,1.45547
1,2.60707,1.4565
1,2.61309,1.45751
1,2.6191,1.45852
1,2.62509,1.45951
1,2.63107,1.46049
1,2.63705,1.46146
1,2.64301,1.46242
1,2.64895,1.46336
1,2.65489,1.4643
1,2.66082,1.46522
1,2.66673,1.46613
1,2.67263,1.46703
1,2.67852,1.46791
1,2.6844,1.46879
1,2.69026,1.46965
1,2.69612,1.47051
1,2.70196,1.47135
1,2.70779,1.47218
1,2.71361,1.47299
1,2.71942,1.4738
1,2.72522,1.47459
1,2.731,1.47537
1,2.73677,1.47614
1,2.74253,1.4769
1,2.74828,1.47764
1,2.75402,1.47838
1,2.75974,1.4791
1,2.76545,1.47981
1,2.77115,1.48051
1,2.77684,1.48119
1,2.78252,1.48187
1,2.78818,1.48253
1,2.79383,1.48318
1,2.79947,1.48381
1,2.8051,1.48444
1,2.81072,1.48505
1,2.81632,1.48565
1,2.82191,1.48624
1,2.82749,1.48682
1,2.83306,1.48738
1,2.83861,1.48794
1,2.84415,1.48848
1,2.84968,1.489
1,2.8552,1.48952
1,2.86071,1.49002
1,2.8662,1.49051
1,2.87168,1.49099
1,2.87715,1.49146
1,2.88261,1.49191
1,2.88805,1.49235
1,2.89348,1.49278
1,2.8989,1.4932
1,2.90431,1.49361
1,2.90971,1.494
1,2.91509,1.49438
1,2.92046,1.49475
1,2.92582,1.4951
1,2.93116,1.49545
1,2.9365,1.49578
1,2.94182,1.49609
1,2.94713,1.4964
1,2.95242,1.49669
1,2.9577,1.49697
1,2.96298,1.49724
1,2.96823,1.4975
1,2.97348,1.49774
1,2.97871,1.49797
1,2.98394,1.49819
1,2.98914,1.4984
1,2.99434,1.49859
1,2.99952,1.49877
1,3.0047,1.49894
1,3.00985,1.4991
1,3.015,1.49924
1,3.02013,1.49937
1,3.02526,1.49949
1,3.03036,1.4996
1,3.03546,1.49969
1,3.04055,1.49977
1,3.04562,1.49984
1,3.05068,1.4999
1,3.05572,1.49994
1,3.06076,1.49997
1,3.06578,1.49999
1,3.07079,1.5
1,3.07578,1.49999
1,3.08077,1.49998
1,3.08574,1.49994
1,3.0907,1.4999
1,3.09564,1.49984
1,3.10058,1.49977
1,3.1055,1.49969
1,3.11041,1.4996
1,3.1153,1.49949
1,3.12019,1.49937
1,3.12506,1.49924
1,3.12992,1.4991
1,3.13476,1.49894
1,3.1396,1.49877
1,3.14442,1.49859
1,3.14923,1.4984
1,3.15402,1.49819
1,3.15881,1.49797
1,3.16358,1.49774
1,3.16834,1.4975
1,3.17308,1.49724
1,3.17782,1.49698
1,3.18254,1.49669
1,3.18725,1.4964
1,3.19194,1.4961
1,3.19663,1.49578
1,3.2013,1.49545
1,3.20596,1.4951
1,3.21061,1.49475
1,3.21524,1.49438
1,3.21986,1.494
1,3.22447,1.49361
1,3.22907,1.4932
1,3.23366,1.49279
1,3.23823,1.49236
1,3.24279,1.49191
1,3.24734,1.49146
1,3.25187,1.49099
1,3.2564,1.49052
1,3.26091,1.49002
1,3.26541,1.48952
1,3.2699,1.48901
1,3.27437,1.48848
1,3.27883,1.48794
1,3.28328,1.48739
1,3.28772,1.48682
1,3.29215,1.48624
1,3.29656,1.48566
1,3.30096,1.48506
1,3.30535,1.48444
1,3.30973,1.48382
1,3.3141,1.48318
1,3.31845,1.48253
1,3.32279,1.48187
1,3.32712,1.4812
1,3.33144,1.48051
1,3.33574,1.47981
1,3.34003,1.4791
1,3.34431,1.47838
1,3.34858,1.47765
1,3.35284,1.4769
1,3.35709,1.47614
1,3.36132,1.47538
1,3.36554,1.47459
1,3.36975,1.4738
1,3.37395,1.473
1,3.37813,1.47218
1,3.38231,1.47135
1,3.38647,1.47051
1,3.39062,1.46966
1,3.39476,1.46879
1,3.39888,1.46792
1,3.403,1.46703
1,3.4071,1.46613
1,3.41119,1.46522
1,3.41527,1.4643
1,3.41934,1.46337
1,3.4234,1.46242
1,3.42745,1.46146
1,3.43148,1.46049
1,3.4355,1.45951
1,3.43951,1.45852
1,3.44351,1.45752
1,3.4475,1.4565
1,3.45148,1.45548
1,3.45544,1.45444
1,3.45939,1.45339
1,3.46334,1.45233
1,3.46727,1.45126
1,3.47119,1.45018
1,3.4751,1.44908
1,3.47899,1.44798
1,3.48288,1.44686
1,3.48675,1.44573
1,3.49062,1.44459
1,3.49447,1.44344
1,3.49831,1.44228
1,3.50214,1.44111
1,3.50596,1.43993
1,3.50977,1.43873
1,3.51357,1.43753
1,3.51735,1.43631
1,3.52113,1.43509
1,3.52489,1.43385
1,3.52865,1.4326
1,3.53239,1.43134
1,3.53612,1.43007
1,3.53984,1.42879
1,3.54355,1.4275
1,3.54725,1.42619
1,3.55094,1.42488
1,3.55462,1.42356
1,3.55829,1.42222
1,3.56195,1.42088
1,3.56559,1.41952
1,3.56923,1.41815
1,3.57286,1.41678
1,3.57647,1.41539
1,3.58008,1.41399
1,3.58367,1.41259
1,3.58726,1.41117
1,3.59083,1.40974
1,3.59439,1.4083
1,3.59795,1.40685
1,3.60149,1.40539
1,3.60502,1.40392
1,3.60855,1.40244
1,3.61206,1.40096
1,3.61556,1.39946
1,3.61906,1.39795
1,3.62254,1.39643
1,3.62601,1.3949
1,3.62948,1.39336
1,3.63293,1.39181
1,3.63637,1.39025
1,3.63981,1.38868
1,3.64323,1.3871
1,3.64665,1.38552
1,3.65005,1.38392
1,3.65345,1.38231
1,3.65683,1.3807
1,3.66021,1.37907
1,3.66358,1.37743
1,3.66693,1.37579
1,3.67028,1.37413
1,3.67362,1.37247
1,3.67695,1.3708
1,3.68027,1.36911
1,3.68358,1.36742
1,3.68688,1.36572
1,3.69017,1.36401
1,3.69346,1.36229
1,3.69673,1.36056
1,3.7,1.35883
1,3.70325,1.35708
1,3.7065,1.35532
1,3.70974,1.35356
1,3.71297,1.35179
1,3.71619,1.35
1,3.7194,1.34821
1,3.7226,1.34641
1,3.7258,1.34461
1,3.72898,1.34279
1,3.73216,1.34096
1,3.73533,1.33913
1,3.73849,1.33729
1,3.74164,1.33544
1,3.74478,1.33358
1,3.74792,1.33171
1,3.75105,1.32984
1,3.75417,1.32795
1,3.75728,1.32606
1,3.76038,1.32416
1,3.76347,1.32225
1,3.76656,1.32033
1,3.76964,1.31841
1,3.77271,1.31648
1,3.77577,1.31454
1,3.77882,1.31259
1,3.78187,1.31063
1,3.78491,1.30867
1,3.78794,1.3067
1,3.79096,1.30472
1,3.79398,1.30273
1,3.79698,1.30074
1,3.79999,1.29873
1,3.80298,1.29673
1,3.80596,1.29471
1,3.80894,1.29268
1,3.81191,1.29065
1,3.81488,1.28861
1,3.81783,1.28657
1,3.82078,1.28451
1,3.82372,1.28245
1,3.82666,1.28039
1,3.82959,1.27831
1,3.83251,1.27623
1,3.83542,1.27414
1,3.83833,1.27205
1,3.84123,1.26995
1,3.84412,1.26784
1,3.84701,1.26572
1,3.84989,1.2636
1,3.85277,1.26147
1,3.85563,1.25933
1,3.85849,1.25719
1,3.86135,1.25505
1,3.8642,1.25289
1,3.86704,1.25073
1,3.86987,1.24856
1,3.8727,1.24639
1,3.87553,1.24421
1,3.87834,1.24202
1,3.88115,1.23983
1,3.88396,1.23763
1,3.88676,1.23543
1,3.88955,1.23322
1,3.89234,1.23101
1,3.89512,1.22878
1,3.89789,1.22656
1,3.90066,1.22433
1,3.90343,1.22209
1,3.90619,1.21984
1,3.90894,1.21759
1,3.91169,1.21534
1,3.91443,1.21308
1,3.91717,1.21081
1,3.9199,1.20854
1,3.92263,1.20627
1,3.92535,1.20399
1,3.92806,1.2017
1,3.93077,1.19941
1,3.93348,1.19711
1,3.93618,1.19481
1,3.93888,1.19251
1,3.94157,1.19019
1,3.94426,1.18788
1,3.94694,1.18556
1,3.94962,1.18323
1,3.95229,1.1809
1,3.95496,1.17857
1,3.95762,1.17623
1,3.96028,1.17389
1,3.96294,1.17154
1,3.96559,1.16919
1,3.96823,1.16683
1,3.97088,1.16447
1,3.97352,1.16211
1,3.97615,1.15974
1,3.97878,1.15737
1,3.98141,1.15499
1,3.98403,1.15261
1,3.98665,1.15023
1,3.98926,1.14784
1,3.99187,1.14545
1,3.99448,1.14306
1,3.99709,1.14066
1,3.99969,1.13826
1,4.00228,1.13585
1,4.00488,1.13344
1,4.00747,1.13103
1,4.01005,1.12861
1,4.01264,1.1262
1,4.01522,1.12377
1,4.0178,1.12135
1,4.02037,1.11892
1,4.02294,1.11649
1,4.02551,1.11406
1,4.02808,1.11162
1,4.03064,1.10918
1,4.0332,1.10674
1,4.03576,1.10429
1,4.03831,1.10184
1,4.04087,1.09939
1,4.04342,1.09694
1,4.04596,1.09449
1,4.04851,1.09203
1,4.05105,1.08957
1,4.05359,1.08711
1,4.05613,1.08464
1,4.05867,1.08218
1,4.0612,1.07971
1,4.06373,1.07724
1,4.06626,1.07477
1,4.06879,1.07229
1,4.07132,1.06982
1,4.07384,1.06734
1,4.07637,1.06486
1,4.07889,1.06238
1,4.08141,1.0599
1,4.08393,1.05741
1,4.08644,1.05493
1,4.08896,1.05244
1,4.09147,1.04995
1,4.09399,1.04746
1,4.0965,1.04497
1,4.09901,1.04248
1,4.10152,1.03999
1,4.10403,1.03749
1,4.10654,1.035
1,4.10904,1.0325
1,4.11155,1.03001
1,4.11405,1.02751
1,4.11656,1.02501
1,4.11906,1.02251
1,4.12157,1.02002
1,4.12407,1.01752
1,4.12657,1.01502
1,4.12907,1.01252
1,4.13158,1.01002
1,4.13408,1.00751
1,4.13658,1.00501
1,4.13908,1.00251
1,4.14158,1.00001
1,4.14408,0.99751
1,4.14658,0.995009
1,4.14909,0.992507
1,4.15159,0.990007
1,4.15409,0.987506
1,4.15659,0.985006
1,4.15909,0.982506
1,4.1616,0.980006
1,4.1641,0.977507
1,4.1666,0.975009
1,4.16911,0.972511
1,4.17161,0.970014
1,4.17412,0.967518
1,4.17663,0.965022
1,4.17914,0.962527
1,4.18164,0.960034
1,4.18415,0.957541
1,4.18667,0.955049
1,4.18918,0.952559
1,4.19169,0.950069
1,4.1942,0.947581
1,4.19672,0.945094
1,4.19924,0.942609
1,4.20176,0.940125
1,4.20428,0.937642
1,4.2068,0.935162
1,4.20932,0.932682
1,4.21185,0.930205
1,4.21437,0.927729
1,4.2169,0.925255
1,4.21943,0.922782
1,4.22196,0.920312
1,4.2245,0.917844
1,4.22703,0.915378
1,4.22957,0.912914
1,4.23211,0.910452
1,4.23466,0.907992
1,4.2372,0.905535
1,4.23975,0.90308
1,4.2423,0.900627
1,4.24485,0.898177
1,4.24741,0.895729
1,4.24996,0.893284
1,4.25252,0.890842
1,4.25509,0.888403
1,4.25765,0.885966
1,4.26022,0.883532
1,4.26279,0.881101
1,4.26537,0.878673
1,4.26794,0.876248
1,4.27052,0.873826
1,4.27311,0.871407
1,4.2757,0.868992
1,4.27829,0.86658
1,4.28088,0.864171
1,4.28348,0.861765
1,4.28608,0.859363
1,4.28868,0.856965
1,4.29129,0.85457
1,4.2939,0.852179
1,4.29651,0.849791
1,4.29913,0.847407
1,4.30176,0.845027
1,4.30438,0.842651
1,4.30701,0.840279
1,4.30965,0.837911
1,4.31228,0.835547
1,4.31493,0.833187
1,4.31757,0.830831
1,4.32023,0.828479
1,4.32288,0.826132
1,4.32554,0.823789
1,4.3282,0.82145
1,4.33087,0.819116
1,4.33355,0.816787
1,4.33622,0.814462
1,4.3389,0.812141
1,4.34159,0.809826
1,4.34428,0.807515
1,4.34698,0.805209
1,4.34968,0.802908
1,4.35239,0.800611
1,4.3551,0.79832
1,4.35781,0.796034
1,4.36054,0.793753
1,4.36326,0.791477
1,4.36599,0.789206
1,4.36873,0.786941
1,4.37147,0.78468
1,4.37422,0.782426
1,4.37697,0.780176
1,4.37973,0.777933
1,4.3825,0.775694
1,4.38527,0.773462
1,4.38804,0.771235
1,4.39082,0.769014
1,4.39361,0.766798
1,4.3964,0.764589
1,4.3992,0.762385
1,4.40201,0.760187
1,4.40482,0.757995
1,4.40764,0.75581
1,4.41046,0.75363
1,4.41329,0.751457
1,4.41612,0.749289
1,4.41896,0.747128
1,4.42181,0.744974
1,4.42467,0.742826
1,4.42753,0.740684
1,4.43039,0.738548
1,4.43327,0.73642
1,4.43615,0.734297
1,4.43904,0.732182
1,4.44193,0.730073
1,4.44483,0.727971
1,4.44774,0.725876
1,4.45065,0.723787
1,4.45357,0.721706
1,4.4565,0.719631
1,4.45943,0.717564
1,4.46238,0.715504
1,4.46533,0.71345
1,4.46828,0.711404
1,4.47125,0.709365
1,4.47422,0.707333
1,4.4772,0.705309
1,4.48018,0.703292
1,4.48317,0.701283
1,4.48617,0.699281
1,4.48918,0.697286
1,4.4922,0.695299
1,4.49522,0.69332
1,4.49825,0.691348
1,4.50129,0.689384
1,4.50434,0.687428
1,4.50739,0.68548
1,4.51045,0.683539
1,4.51352,0.681607
1,4.5166,0.679682
1,4.51969,0.677766
1,4.52278,0.675857
1,4.52588,0.673957
1,4.52899,0.672065
1,4.53211,0.670181
1,4.53524,0.668305
1,4.53837,0.666437
1,4.54152,0.664578
1,4.54467,0.662727
1,4.54783,0.660885
1,4.551,0.659051
1,4.55417,0.657226
1,4.55736,0.655409
1,4.56055,0.653601
1,4.56376,0.651802
1,4.56697,0.650011
1,4.57019,0.648229
1,4.57342,0.646456
1,4.57666,0.644692
1,4.57991,0.642937
1,4.58316,0.64119
1,4.58643,0.639453
1,4.5897,0.637724
1,4.59298,0.636005
1,4.59628,0.634295
1,4.59958,0.632594
1,4.60289,0.630902
1,4.60621,0.629219
1,4.60954,0.627546
1,4.61287,0.625881
1,4.61622,0.624227
1,4.61958,0.622581
1,4.62295,0.620946
1,4.62632,0.619319
1,4.62971,0.617702
1,4.6331,0.616095
1,4.63651,0.614497
1,4.63992,0.612909
1,4.64335,0.611331
1,4.64678,0.609762
1,4.65022,0.608203
1,4.65368,0.606654
1,4.65714,0.605115
1,4.66061,0.603586
1,4.6641,0.602066
1,4.66759,0.600557
1,4.67109,0.599058
1,4.67461,0.597568
1,4.67813,0.596089
1,4.68166,0.59462
1,4.68521,0.59316
1,4.68876,0.591712
1,4.69232,0.590273
1,4.6959,0.588844
1,4.69948,0.587426
1,4.70308,0.586018
1,4.70668,0.584621
1,4.7103,0.583234
1,4.71392,0.581857
1,4.71756,0.580491
1,4.72121,0.579135
1,4.72486,0.57779
1,4.72853,0.576456
1,4.73221,0.575132
1,4.7359,0.573818
1,4.7396,0.572516
1,4.74331,0.571224
1,4.74703,0.569942
1,4.75076,0.568672
1,4.75451,0.567412
1,4.75826,0.566163
1,4.76202,0.564925
1,4.7658,0.563698
1,4.76959,0.562482
1,4.77338,0.561277
1,4.77719,0.560082
1,4.78101,0.558899
1,4.78484,0.557727
1,4.78868,0.556566
1,4.79253,0.555415
1,4.7964,0.554277
1,4.80027,0.553149
1,4.80416,0.552032
1,4.80806,0.550927
1,4.81196,0.549833
1,4.81588,0.54875
1,4.81981,0.547678
1,4.82376,0.546618
1,4.82771,0.545569
1,4.83167,0.544531
1,4.83565,0.543505
1,4.83964,0.54249
1,4.84364,0.541487
1,4.84765,0.540495
1,4.85167,0.539515
1,4.8557,0.538546
1,4.85975,0.537589
1,4.86381,0.536643
1,4.86788,0.535709
1,4.87196,0.534787
1,4.87605,0.533876
1,4.88015,0.532977
1,4.88427,0.532089
1,4.88839,0.531213
1,4.89253,0.530349
1,4.89668,0.529497
1,4.90084,0.528657
1,4.90502,0.527828
1,4.9092,0.527011
1,4.9134,0.526206
1,4.91761,0.525413
1,4.92183,0.524631
1,4.92606,0.523862
1,4.93031,0.523104
1,4.93456,0.522359
1,4.93883,0.521625
1,4.94311,0.520904
1,4.94741,0.520194
1,4.95171,0.519496
1,4.95603,0.518811
1,4.96036,0.518137
1,4.9647,0.517475
1,4.96905,0.516826
1,4.97342,0.516189
1,4.97779,0.515563
1,4.98218,0.51495
1,4.98659,0.514349
1,4.991,0.51376
1,4.99542,0.513184
1,4.99986,0.512619
1,5.00431,0.512067
1,5.00878,0.511527
1,5.01325,0.510999
1,5.01774,0.510483
1,5.02224,0.50998
1,5.02675,0.509489
1,5.03127,0.50901
1,5.03581,0.508543
1,5.04036,0.508089
1,5.04492,0.507647
1,5.04949,0.507218
1,5.05407,0.5068
1,5.05867,0.506395
1,5.06328,0.506003
1,5.0679,0.505623
1,5.07254,0.505255
1,5.07719,0.504899
1,5.08184,0.504556
1,5.08652,0.504225
1,5.0912,0.503907
1,5.0959,0.503601
1,5.10061,0.503308
1,5.10533,0.503027
1,5.11006,0.502758
1,5.11481,0.502502
1,5.11957,0.502258
1,5.12434,0.502027
1,5.12912,0.501808
1,5.13392,0.501602
1,5.13873,0.501408
1,5.14355,0.501227
1,5.14838,0.501058
1,5.15323,0.500902
1,5.15809,0.500758
1,5.16296,0.500626
1,5.16784,0.500507
1,5.17274,0.500401
1,5.17765,0.500307
1,5.18257,0.500226
1,5.1875,0.500157
1,5.19245,0.5001
1,5.19741,0.500057
1,5.20238,0.500025
1,5.20736,0.500006
1,5.21236,0.5
1,5.21736,0.500006
1,5.22239,0.500025
1,5.22742,0.500056
1,5.23247,0.5001
1,5.23752,0.500156
1,5.2426,0.500225
1,5.24768,0.500306
1,5.25278,0.5004
1,5.25788,0.500506
1,5.26301,0.500625
1,5.26814,0.500756
1,5.27329,0.5009
1,5.27844,0.501056
1,5.28362,0.501225
1,5.2888,0.501406
1,5.294,0.501599
1,5.2992,0.501806
1,5.30443,0.502024
1,5.30966,0.502255
1,5.3149,0.502499
1,5.32016,0.502755
1,5.32543,0.503023
1,5.33072,0.503304
1,5.33601,0.503597
1,5.34132,0.503903
1,5.34664,0.504221
1,5.35198,0.504552
1,5.35732,0.504895
1,5.36268,0.50525
1,5.36805,0.505618
1,5.37343,0.505998
1,5.37883,0.50639
1,5.38423,0.506795
1,5.38965,0.507212
1,5.39509,0.507641
1,5.40053,0.508083
1,5.40599,0.508537
1,5.41145,0.509004
1,5.41694,0.509482
1,5.42243,0.509973
1,5.42794,0.510477
1,5.43345,0.510992
1,5.43898,0.51152
1,5.44453,0.51206
1,5.45008,0.512612
1,5.45565,0.513176
1,5.46123,0.513753
1,5.46682,0.514341
1,5.47242,0.514942
1,5.47804,0.515555
1,5.48366,0.51618
1,5.4893,0.516818
1,5.49496,0.517467
1,5.50062,0.518128
1,5.5063,0.518802
1,5.51198,0.519487
1,5.51768,0.520185
1,5.5234,0.520894
1,5.52912,0.521616
1,5.53486,0.522349
1,5.5406,0.523095
1,5.54636,0.523852
1,5.55213,0.524621
1,5.55792,0.525402
1,5.56371,0.526195
1,5.56952,0.527
1,5.57534,0.527817
1,5.58117,0.528646
1,5.58701,0.529486
1,5.59287,0.530338
1,5.59874,0.531202
1,5.60461,0.532078
1,5.6105,0.532965
1,5.61641,0.533864
1,5.62232,0.534775
1,5.62824,0.535697
1,5.63418,0.536631
1,5.64013,0.537576
1,5.64609,0.538533
1,5.65206,0.539502
1,5.65804,0.540482
1,5.66404,0.541474
1,5.67004,0.542477
1,5.67606,0.543492
1,5.68209,0.544518
1,5.68813,0.545555
1,5.69418,0.546604
1,5.70024,0.547664
1,5.70631,0.548736
1,5.7124,0.549818
1,5.7185,0.550912
1,5.7246,0.552018
1,5.73072,0.553134
1,5.73685,0.554262
1,5.74299,0.5554
1,5.74915,0.55655
1,5.75531,0.557711
1,5.76148,0.558884
1,5.76767,0.560067
1,5.77387,0.561261
1,5.78007,0.562466
1,5.78629,0.563682
1,5.79252,0.564909
1,5.79876,0.566147
1,5.80501,0.567396
1,5.81128,0.568655
1,5.81755,0.569926
1,5.82383,0.571207
1,5.83013,0.572499
1,5.83643,0.573801
1,5.84275,0.575114
1,5.84907,0.576438
1,5.85541,0.577773
1,5.86176,0.579118
1,5.86812,0.580473
1,5.87449,0.581839
1,5.88086,0.583216
1,5.88725,0.584603
1,5.89365,0.586
1,5.90006,0.587408
1,5.90648,0.588826
1,5.91292,0.590254
1,5.91936,0.591693
1,5.92581,0.593141
1,5.93227,0.5946
1,5.93874,0.596069
1,5.94522,0.597549
1,5.95171,0.599038
1,5.95822,0.600537
1,5.96473,0.602047
1,5.97125,0.603566
1,5.97778,0.605095
1,5.98432,0.606634
1,5.99087,0.608183
1,5.99744,0.609742
1,6.00401,0.61131
1,6.01059,0.612889
1,6.01718,0.614476
1,6.02378,0.616074
1,6.03039,0.617681
1,6.03701,0.619298
1,6.04364,0.620924
1,6.05027,0.62256
1,6.05692,0.624205
1,6.06358,0.62586
1,6.07025,0.627524
1,6.07692,0.629197
1,6.08361,0.630879
1,6.0903,0.632571
1,6.097,0.634272
1,6.10372,0.635982
1,6.11044,0.637702
1,6.11717,0.63943
1,6.12391,0.641167
1,6.13066,0.642914
1,6.13742,0.644669
1,6.14418,0.646433
1,6.15096,0.648206
1,6.15774,0.649988
1,6.16453,0.651778
1,6.17134,0.653578
1,6.17815,0.655386
1,6.18497,0.657202
1,6.19179,0.659027
1,6.19863,0.660861
1,6.20547,0.662703
1,6.21233,0.664554
1,6.21919,0.666413
1,6.22606,0.66828
1,6.23294,0.670156
1,6.23982,0.67204
1,6.24672,0.673932
1,6.25362,0.675832
1,6.26053,0.677741
1,6.26745,0.679657
1,6.27438,0.681581
1,6.28131,0.683514
1,6.28826,0.685454
1,6.29521,0.687402
1,6.30216,0.689359
1,6.30913,0.691322
1,6.31611,0.693294
1,6.32309,0.695273
1,6.33008,0.69726
1,6.33707,0.699254
1,6.34408,0.701256
1,6.35109,0.703266
1,6.35811,0.705283
1,6.36514,0.707307
1,6.37217,0.709338
1,6.37921,0.711377
1,6.38626,0.713423
1,6.39332,0.715477
1,6.40038,0.717537
1,6.40745,0.719604
1,6.41453,0.721679
1,6.42161,0.72376
1,6.4287,0.725848
1,6.4358,0.727944
1,6.4429,0.730046
1,6.45001,0.732154
1,6.45713,0.73427
1,6.46426,0.736392
1,6.47139,0.73852
1,6.47852,0.740656
1,6.48567,0.742797
1,6.49282,0.744946
1,6.49998,0.7471
1,6.50714,0.749261
1,6.51431,0.751428
1,6.52149,0.753601
1,6.52867,0.755781
1,6.53586,0.757967
1,6.54305,0.760158
1,6.55025,0.762356
1,6.55746,0.76456
1,6.56467,0.766769
1,6.57189,0.768985
1,6.57911,0.771206
1,6.58634,0.773433
1,6.59357,0.775665
1,6.60081,0.777903
1,6.60806,0.780147
1,6.61531,0.782396
1,6.62257,0.784651
1,6.62983,0.786911
1,6.6371,0.789176
1,6.64437,0.791447
1,6.65165,0.793723
1,6.65894,0.796004
1,6.66622,0.79829
1,6.67352,0.800581
1,6.68082,0.802877
1,6.68812,0.805179
1,6.69543,0.807485
1,6.70274,0.809795
1,6.71006,0.812111
1,6.71738,0.814431
1,6.72471,0.816756
1,6.73204,0.819086
1,6.73938,0.82142
1,6.74672,0.823758
1,6.75407,0.826101
1,6.76141,0.828448
1,6.76877,0.8308
1,6.77613,0.833156
1,6.78349,0.835516
1,6.79086,0.83788
1,6.79823,0.840248
1,6.8056,0.84262
1,6.81298,0.844996
1,6.82036,0.847376
1,6.82775,0.84976
1,6.83514,0.852147
1,6.84253,0.854539
1,6.84993,0.856933
1,6.85733,0.859332
1,6.86474,0.861734
1,6.87214,0.864139
1,6.87955,0.866548
1,6.88697,0.86896
1,6.89439,0.871376
1,6.90181,0.873794
1,6.90923,0.876216
1,6.91666,0.878641
1,6.92409,0.881069
1,6.93152,0.8835
1,6.93896,0.885934
1,6.9464,0.888371
1,6.95384,0.89081
1,6.96129,0.893252
1,6.96873,0.895697
1,6.97618,0.898145
1,6.98364,0.900595
1,6.99109,0.903047
1,6.99855,0.905502
1,7.00601,0.90796
1,7.01347,0.910419
1,7.02094,0.912881
1,7.0284,0.915345
1,7.03587,0.917812
1,7.04334,0.92028
1,7.05081,0.92275
1,7.05829,0.925222
1,7.06577,0.927696
1,7.07324,0.930172
1,7.08072,0.93265
1,7.08821,0.935129
1,7.09569,0.93761
1,7.10317,0.940092
1,7.11066,0.942576
1,7.11815,0.945062
1,7.12564,0.947549
1,7.13313,0.950037
1,7.14062,0.952526
1,7.14811,0.955017
1,7.15561,0.957508
1,7.1631,0.960001
1,7.1706,0.962495
1,7.1781,0.964989
1,7.18559,0.967485
1,7.19309,0.969981
1,7.20059,0.972478
1,7.20809,0.974976
1,7.21559,0.977475
1,7.2231,0.979973
1,7.2306,0.982473
1,7.2381,0.984973
1,7.2456,0.987473
1,7.25311,0.989974
1,7.26061,0.992475
1,7.26811,0.994976
1,7.27562,0.997477
1,7.28312,0.999978
1,7.29062,1.00248
1,7.29813,1.00498
1,7.30563,1.00748
1,7.31313,1.00998
1,7.32064,1.01248
1,7.32814,1.01498
1,7.33564,1.01748
1,7.34314,1.01998
1,7.35065,1.02248
1,7.35815,1.02498
1,7.36565,1.02748
1,7.37315,1.02998
1,7.38065,1.03247
1,7.38814,1.03497
1,7.39564,1.03746
1,7.40314,1.03996
1,7.41063,1.04245
1,7.41813,1.04494
1,7.42562,1.04743
1,7.43311,1.04992
1,7.4406,1.05241
1,7.44809,1.05489
1,7.45558,1.05738
1,7.46307,1.05986
1,7.47055,1.06235
1,7.47803,1.06483
1,7.48552,1.06731
1,7.493,1.06978
1,7.50047,1.07226
1,7.50795,1.07473
1,7.51543,1.07721
1,7.5229,1.07968
1,7.53037,1.08215
1,7.53784,1.08461
1,7.5453,1.08708
1,7.55277,1.08954
1,7.56023,1.092
1,7.56769,1.09445
1,7.57515,1.09691
1,7.5826,1.09936
1,7.59006,1.10181
1,7.59751,1.10426
1,7.60495,1.1067
1,7.6124,1.10915
1,7.61984,1.11159
1,7.62728,1.11402
1,7.63472,1.11646
1,7.64215,1.11889
1,7.64958,1.12132
1,7.65701,1.12374
1,7.66443,1.12616
1,7.67185,1.12858
1,7.67927,1.131
1,7.68669,1.13341
1,7.6941,1.13582
1,7.70151,1.13822
1,7.70891,1.14063
1,7.71631,1.14302
1,7.72371,1.14542
1,7.7311,1.14781
1,7.73849,1.1502
1,7.74588,1.15258
1,7.75326,1.15496
1,7.76064,1.15734
1,7.76801,1.15971
1,7.77539,1.16208
1,7.78275,1.16444
1,7.79011,1.1668
1,7.79747,1.16916
1,7.80483,1.17151
1,7.81218,1.17386
1,7.81952,1.1762
1,7.82686,1.17854
1,7.8342,1.18087
1,7.84153,1.1832
1,7.84886,1.18553
1,7.85618,1.18785
1,7.8635,1.19016
1,7.87081,1.19248
1,7.87812,1.19478
1,7.88543,1.19708
1,7.89273,1.19938
1,7.90002,1.20167
1,7.90731,1.20396
1,7.91459,1.20624
1,7.92187,1.20851
1,7.92914,1.21078
1,7.93641,1.21305
1,7.94367,1.21531
1,7.95093,1.21756
1,7.95818,1.21981
1,7.96543,1.22206
1,7.97267,1.2243
1,7.97991,1.22653
1,7.98713,1.22876
1,7.99436,1.23098
1,8.00158,1.23319
1,8.00879,1.2354
1,8.01599,1.23761
1,8.0232,1.2398
1,8.03039,1.242
1,8.03758,1.24418
1,8.04476,1.24636
1,8.05194,1.24853
1,8.05911,1.2507
1,8.06627,1.25286
1,8.07343,1.25502
1,8.08058,1.25717
1,8.08772,1.25931
1,8.09486,1.26144
1,8.10199,1.26357
1,8.10911,1.26569
1,8.11623,1.26781
1,8.12334,1.26992
1,8.13045,1.27202
1,8.13755,1.27412
1,8.14464,1.2762
1,8.15172,1.27828
1,8.1588,1.28036
1,8.16587,1.28243
1,8.17293,1.28449
1,8.17999,1.28654
1,8.18704,1.28859
1,8.19408,1.29063
1,8.20111,1.29266
1,8.20814,1.29468
1,8.21516,1.2967
1,8.22217,1.29871
1,8.22917,1.30071
1,8.23617,1.30271
1,8.24316,1.30469
1,8.25014,1.30667
1,8.25712,1.30864
1,8.26408,1.31061
1,8.27104,1.31256
1,8.27799,1.31451
1,8.28494,1.31645
1,8.29187,1.31838
1,8.2988,1.32031
1,8.30572,1.32223
1,8.31263,1.32413
1,8.31953,1.32603
1,8.32643,1.32793
1,8.33331,1.32981
1,8.34019,1.33169
1,8.34706,1.33355
1,8.35392,1.33541
1,8.36078,1.33726
1,8.36762,1.33911
1,8.37446,1.34094
1,8.38129,1.34277
1,8.3881,1.34458
1,8.39491,1.34639
1,8.40172,1.34819
1,8.40851,1.34998
1,8.41529,1.35176
1,8.42207,1.35354
1,8.42884,1.3553
1,8.43559,1.35706
1,8.44234,1.3588
1,8.44908,1.36054
1,8.45581,1.36227
1,8.46254,1.36399
1,8.46925,1.3657
1,8.47595,1.3674
1,8.48265,1.36909
1,8.48933,1.37077
1,8.49601,1.37245
1,8.50268,1.37411
1,8.50933,1.37577
1,8.51598,1.37741
1,8.52262,1.37905
1,8.52925,1.38067
1,8.53587,1.38229
1,8.54248,1.3839
1,8.54908,1.3855
1,8.55567,1.38708
1,8.56225,1.38866
1,8.56882,1.39023
1,8.57538,1.39179
1,8.58193,1.39334
1,8.58847,1.39488
1,8.59501,1.39641
1,8.60153,1.39793
1,8.60804,1.39944
1,8.61454,1.40094
1,8.62103,1.40243
1,8.62752,1.4039
1,8.63399,1.40537
1,8.64045,1.40683
1,8.6469,1.40828
1,8.65334,1.40972
1,8.65977,1.41115
1,8.66619,1.41257
1,8.6726,1.41398
1,8.679,1.41537
1,8.68539,1.41676
1,8.69177,1.41814
1,8.69814,1.4195
1,8.7045,1.42086
1,8.71085,1.4222
1,8.71719,1.42354
1,8.72351,1.42486
1,8.72983,1.42618
1,8.73613,1.42748
1,8.74243,1.42877
1,8.74871,1.43005
1,8.75498,1.43132
1,8.76125,1.43258
1,8.7675,1.43383
1,8.77374,1.43507
1,8.77997,1.4363
1,8.78619,1.43751
1,8.7924,1.43872
1,8.79859,1.43991
1,8.80478,1.4411
1,8.81095,1.44227
1,8.81712,1.44343
1,8.82327,1.44458
1,8.82941,1.44572
1,8.83554,1.44685
1,8.84166,1.44796
1,8.84777,1.44907
1,8.85386,1.45016
1,8.85995,1.45125
1,8.86602,1.45232
1,8.87209,1.45338
1,8.87814,1.45443
1,8.88418,1.45546
1,8.89021,1.45649
1,8.89622,1.45751
1,8.90223,1.45851
1,8.90822,1.4595
1,8.91421,1.46048
1,8.92018,1.46145
1,8.92614,1.46241
1,8.93209,1.46335
1,8.93802,1.46429
1,8.94395,1.46521
1,8.94986,1.46612
1,8.95576,1.46702
1,8.96165,1.46791
1,8.96753,1.46878
1,8.9734,1.46965
1,8.97925,1.4705
1,8.9851,1.47134
1,8.99093,1.47217
1,8.99675,1.47299
1,9.00256,1.47379
1,9.00835,1.47458
1,9.01413,1.47537
1,9.01991,1.47613
1,9.02567,1.47689
1,9.03141,1.47764
1,9.03715,1.47837
1,9.04288,1.47909
1,9.04859,1.4798
1,9.05429,1.4805
1,9.05998,1.48119
1,9.06565,1.48186
1,9.07132,1.48252
1,9.07697,1.48317
1,9.08261,1.48381
1,9.08824,1.48443
1,9.09385,1.48505
1,9.09946,1.48565
1,9.10505,1.48624
1,9.11063,1.48681
1,9.11619,1.48738
1,9.12175,1.48793
1,9.12729,1.48847
1,9.13282,1.489
1,9.13834,1.48951
1,9.14384,1.49002
1,9.14934,1.49051
1,9.15482,1.49099
1,9.16029,1.49145
1,9.16575,1.49191
1,9.17119,1.49235
1,9.17662,1.49278
1,9.18204,1.4932
1,9.18745,1.4936
1,9.19284,1.494
1,9.19823,1.49438
1,9.2036,1.49474
1,9.20896,1.4951
1,9.2143,1.49544
1,9.21964,1.49577
1,9.22496,1.49609
1,9.23026,1.4964
1,9.23556,1.49669
1,9.24084,1.49697
1,9.24612,1.49724
1,9.25137,1.4975
1,9.25662,1.49774
1,9.26185,1.49797
1,9.26708,1.49819
1,9.27228,1.4984
1,9.27748,1.49859
1,9.28266,1.49877
1,9.28784,1.49894
1,9.29299,1.4991
1,9.29814,1.49924
1,9.30328,1.49937
1,9.3084,1.49949
1,9.31351,1.4996
1,9.3186,1.49969
1,9.32369,1.49977
1,9.32876,1.49984
1,9.33382,1.4999
1,9.33886,1.49994
1,9.3439,1.49997
1,9.34892,1.49999
1,9.35393,1.5
1,9.35892,1.49999
1,9.36391,1.49998
1,9.36888,1.49994
1,9.37384,1.4999
1,9.37878,1.49984
1,9.38372,1.49978
1,9.38864,1.49969
1,9.39355,1.4996
1,9.39844,1.49949
1,9.40333,1.49938
1,9.4082,1.49924
1,9.41306,1.4991
1,9.4179,1.49894
1,9.42274,1.49878
1,9.42756,1.4986
1,9.43237,1.4984
1,9.43716,1.4982
1,9.44195,1.49798
1,9.44672,1.49775
1,9.45148,1.4975
1,9.45623,1.49725
1,9.46096,1.49698
1,9.46568,1.4967
1,9.47039,1.4964
1,9.47509,1.4961
1,9.47977,1.49578
1,9.48444,1.49545
1,9.4891,1.49511
1,9.49375,1.49475
1,9.49839,1.49438
1,9.50301,1.494
1,9.50762,1.49361
1,9.51222,1.49321
1,9.5168,1.49279
1,9.52137,1.49236
1,9.52594,1.49192
1,9.53048,1.49146
1,9.53502,1.491
1,9.53954,1.49052
1,9.54406,1.49003
1,9.54856,1.48953
1,9.55304,1.48901
1,9.55752,1.48848
1,9.56198,1.48794
1,9.56643,1.48739
1,9.57087,1.48683
1,9.57529,1.48625
1,9.57971,1.48566
1,9.58411,1.48506
1,9.5885,1.48445
1,9.59288,1.48382
1,9.59724,1.48319
1,9.6016,1.48254
1,9.60594,1.48187
1,9.61027,1.4812
1,9.61458,1.48052
1,9.61889,1.47982
1,9.62318,1.47911
1,9.62746,1.47839
1,9.63173,1.47765
1,9.63599,1.47691
1,9.64023,1.47615
1,9.64447,1.47538
1,9.64869,1.4746
1,9.6529,1.47381
1,9.6571,1.473
1,9.66128,1.47219
1,9.66546,1.47136
1,9.66962,1.47052
1,9.67377,1.46967
1,9.67791,1.4688
1,9.68203,1.46793
1,9.68615,1.46704
1,9.69025,1.46614
1,9.69434,1.46523
1,9.69842,1.46431
1,9.70249,1.46337
1,9.70655,1.46243
1,9.7106,1.46147
1,9.71463,1.4605
1,9.71865,1.45952
1,9.72266,1.45853
1,9.72666,1.45753
1,9.73065,1.45651
1,9.73463,1.45549
1,9.73859,1.45445
1,9.74255,1.4534
1,9.74649,1.45234
1,9.75042,1.45127
1,9.75434,1.45019
1,9.75825,1.44909
1,9.76214,1.44799
1,9.76603,1.44687
1,9.76991,1.44574
1,9.77377,1.4446
1,9.77762,1.44345
1,9.78146,1.44229
1,9.78529,1.44112
1,9.78911,1.43994
1,9.79292,1.43874
1,9.79672,1.43754
1,9.80051,1.43632
1,9.80428,1.4351
1,9.80805,1.43386
1,9.8118,1.43261
1,9.81554,1.43135
1,9.81927,1.43008
1,9.823,1.4288
1,9.82671,1.42751
1,9.83041,1.4262
1,9.8341,1.42489
1,9.83777,1.42357
1,9.84144,1.42223
1,9.8451,1.42089
1,9.84875,1.41953
1,9.85238,1.41817
1,9.85601,1.41679
1,9.85963,1.4154
1,9.86323,1.41401
1,9.86683,1.4126
1,9.87041,1.41118
1,9.87398,1.40975
1,9.87755,1.40831
1,9.8811,1.40686
1,9.88465,1.40541
1,9.88818,1.40394
1,9.8917,1.40246
1,9.89522,1.40097
1,9.89872,1.39947
1,9.90221,1.39796
1,9.9057,1.39644
1,9.90917,1.39491
1,9.91263,1.39337
1,9.91609,1.39182
1,9.91953,1.39027
1,9.92296,1.3887
1,9.92639,1.38712
1,9.9298,1.38553
1,9.93321,1.38393
1,9.9366,1.38233
1,9.93999,1.38071
1,9.94337,1.37908
1,9.94673,1.37745
1,9.95009,1.3758
1,9.95344,1.37415
1,9.95678,1.37248
1,9.96011,1.37081
1,9.96343,1.36913
1,9.96674,1.36744
1,9.97004,1.36574
1,9.97333,1.36403
1,9.97661,1.36231
1,9.97989,1.36058
1,9.98315,1.35884
1,9.98641,1.35709
1,9.98966,1.35534
1,9.99289,1.35357
1,9.99612,1.3518
1,9.99934,1.35002
1,10.0026,1.34823
1,10.0058,1.34643
1,10.009,1.34462
1,10.0121,1.34281
1,10.0153,1.34098
1,10.0185,1.33915
1,10.0216,1.3373
1,10.0248,1.33545
1,10.0279,1.3336
1,10.0311,1.33173
1,10.0342,1.32985
1,10.0373,1.32797
1,10.0404,1.32608
1,10.0435,1.32418
1,10.0466,1.32227
1,10.0497,1.32035
1,10.0528,1.31843
1,10.0559,1.31649
1,10.0589,1.31455
1,10.062,1.31261
1,10.065,1.31065
1,10.0681,1.30869
1,10.0711,1.30671
1,10.0741,1.30474
1,10.0771,1.30275
1,10.0801,1.30075
1,10.0831,1.29875
1,10.0861,1.29674
1,10.0891,1.29473
1,10.0921,1.2927
1,10.0951,1.29067
1,10.098,1.28863
1,10.101,1.28659
1,10.1039,1.28453
1,10.1069,1.28247
1,10.1098,1.2804
1,10.1127,1.27833
1,10.1157,1.27625
1,10.1186,1.27416
1,10.1215,1.27207
1,10.1244,1.26996
1,10.1273,1.26785
1,10.1302,1.26574
1,10.1331,1.26362
1,10.1359,1.26149
1,10.1388,1.25935
1,10.1417,1.25721
1,10.1445,1.25506
1,10.1474,1.25291
1,10.1502,1.25075
1,10.153,1.24858
1,10.1559,1.24641
1,10.1587,1.24423
1,10.1615,1.24204
1,10.1643,1.23985
1,10.1671,1.23765
1,10.1699,1.23545
1,10.1727,1.23324
1,10.1755,1.23103
1,10.1783,1.2288
1,10.1811,1.22658
1,10.1838,1.22434
1,10.1866,1.22211
1,10.1893,1.21986
1,10.1921,1.21761
1,10.1948,1.21536
1,10.1976,1.2131
1,10.2003,1.21083
1,10.2031,1.20856
1,10.2058,1.20629
1,10.2085,1.20401
1,10.2112,1.20172
1,10.2139,1.19943
1,10.2166,1.19713
1,10.2193,1.19483
1,10.222,1.19253
1,10.2247,1.19021
1,10.2274,1.1879
1,10.2301,1.18558
1,10.2328,1.18325
1,10.2355,1.18092
1,10.2381,1.17859
1,10.2408,1.17625
1,10.2434,1.17391
1,10.2461,1.17156
1,10.2488,1.16921
1,10.2514,1.16685
1,10.254,1.16449
1,10.2567,1.16213
1,10.2593,1.15976
1,10.2619,1.15739
1,10.2646,1.15501
1,10.2672,1.15263
1,10.2698,1.15025
1,10.2724,1.14786
1,10.275,1.14547
1,10.2776,1.14308
1,10.2802,1.14068
1,10.2828,1.13828
1,10.2854,1.13587
1,10.288,1.13346
1,10.2906,1.13105
1,10.2932,1.12863
1,10.2958,1.12622
1,10.2984,1.12379
1,10.301,1.12137
1,10.3035,1.11894
1,10.3061,1.11651
1,10.3087,1.11408
1,10.3112,1.11164
1,10.3138,1.1092
1,10.3164,1.10676
1,10.3189,1.10431
1,10.3215,1.10187
1,10.324,1.09942
1,10.3266,1.09696
1,10.3291,1.09451
1,10.3317,1.09205
1,10.3342,1.08959
1,10.3368,1.08713
1,10.3393,1.08467
1,10.3418,1.0822
1,10.3444,1.07973
1,10.3469,1.07726
1,10.3494,1.07479
1,10.352,1.07231
1,10.3545,1.06984
1,10.357,1.06736
1,10.3595,1.06488
1,10.3621,1.0624
1,10.3646,1.05992
1,10.3671,1.05743
1,10.3696,1.05495
1,10.3721,1.05246
1,10.3746,1.04997
1,10.3771,1.04748
1,10.3797,1.04499
1,10.3822,1.0425
1,10.3847,1.04001
1,10.3872,1.03752
1,10.3897,1.03502
1,10.3922,1.03253
1,10.3947,1.03003
1,10.3972,1.02753
1,10.3997,1.02503
1,10.4022,1.02254
1,10.4047,1.02004
1,10.4072,1.01754
1,10.4097,1.01504
1,10.4122,1.01254
1,10.4147,1.01004
1,10.4172,1.00754
1,10.4197,1.00504
1,10.4222,1.00253
1,10.4247,1.00003
1,10.4272,0.997532
1,10.4297,0.99503
1,10.4322,0.992529
1,10.4348,0.990028
1,10.4373,0.987528
1,10.4398,0.985028
1,10.4423,0.982528
1,10.4448,0.980028
1,10.4473,0.977529
1,10.4498,0.975031
1,10.4523,0.972533
1,10.4548,0.970036
1,10.4573,0.967539
1,10.4598,0.965044
1,10.4623,0.962549
1,10.4648,0.960055
1,10.4673,0.957563
1,10.4698,0.955071
1,10.4723,0.95258
1,10.4749,0.950091
1,10.4774,0.947603
1,10.4799,0.945116
1,10.4824,0.942631
1,10.4849,0.940147
1,10.4874,0.937664
1,10.49,0.935183
1,10.4925,0.932704
1,10.495,0.930226
1,10.4975,0.92775
1,10.5001,0.925276
1,10.5026,0.922804
1,10.5051,0.920334
1,10.5077,0.917865
1,10.5102,0.915399
1,10.5127,0.912935
1,10.5153,0.910473
1,10.5178,0.908013
1,10.5204,0.905556
1,10.5229,0.903101
1,10.5255,0.900648
1,10.528,0.898198
1,10.5306,0.895751
1,10.5331,0.893306
1,10.5357,0.890863
1,10.5382,0.888424
1,10.5408,0.885987
1,10.5434,0.883553
1,10.546,0.881122
1,10.5485,0.878694
1,10.5511,0.876269
1,10.5537,0.873847
1,10.5563,0.871429
1,10.5589,0.869013
1,10.5614,0.866601
1,10.564,0.864192
1,10.5666,0.861786
1,10.5692,0.859384
1,10.5718,0.856986
1,10.5745,0.854591
1,10.5771,0.8522
1,10.5797,0.849812
1,10.5823,0.847428
1,10.5849,0.845048
1,10.5875,0.842672
1,10.5902,0.8403
1,10.5928,0.837931
1,10.5954,0.835567
1,10.5981,0.833207
1,10.6007,0.830851
1,10.6034,0.8285
1,10.606,0.826152
1,10.6087,0.823809
1,10.6114,0.821471
1,10.614,0.819137
1,10.6167,0.816807
1,10.6194,0.814482
1,10.6221,0.812162
1,10.6248,0.809846
1,10.6274,0.807535
1,10.6301,0.805229
1,10.6328,0.802928
1,10.6355,0.800631
1,10.6383,0.79834
1,10.641,0.796054
1,10.6437,0.793773
1,10.6464,0.791497
1,10.6492,0.789226
1,10.6519,0.78696
1,10.6546,0.7847
1,10.6574,0.782445
1,10.6601,0.780196
1,10.6629,0.777952
1,10.6657,0.775714
1,10.6684,0.773481
1,10.6712,0.771254
1,10.674,0.769033
1,10.6768,0.766818
1,10.6796,0.764608
1,10.6824,0.762404
1,10.6852,0.760206
1,10.688,0.758014
1,10.6908,0.755829
1,10.6936,0.753649
1,10.6964,0.751476
1,10.6993,0.749308
1,10.7021,0.747147
1,10.705,0.744993
1,10.7078,0.742844
1,10.7107,0.740702
1,10.7136,0.738567
1,10.7164,0.736438
1,10.7193,0.734316
1,10.7222,0.7322
1,10.7251,0.730092
1,10.728,0.727989
2,2,1
2,2.01,1.0025
2,2.02001,1.005
2,2.03001,1.0075
2,2.04002,1.01
2,2.05002,1.0125
2,2.06003,1.01501
2,2.07003,1.01751
2,2.08003,1.02
2,2.09003,1.0225
2,2.10003,1.025
2,2.11003,1.0275
2,2.12002,1.03
2,2.13002,1.03249
2,2.14001,1.03499
2,2.15,1.03748
2,2.15999,1.03998
2,2.16998,1.04247
2,2.17997,1.04496
2,2.18995,1.04745
2,2.19993,1.04994
2,2.20991,1.05243
2,2.21989,1.05492
2,2.22986,1.0574
2,2.23983,1.05989
2,2.2498,1.06237
2,2.25976,1.06485
2,2.26972,1.06733
2,2.27968,1.06981
2,2.28964,1.07228
2,2.29959,1.07476
2,2.30953,1.07723
2,2.31948,1.0797
2,2.32942,1.08217
2,2.33935,1.08463
2,2.34928,1.0871
2,2.35921,1.08956
2,2.36913,1.09202
2,2.37905,1.09448
2,2.38896,1.09693
2,2.39887,1.09938
2,2.40877,1.10183
2,2.41867,1.10428
2,2.42856,1.10673
2,2.43845,1.10917
2,2.44833,1.11161
2,2.4582,1.11404
2,2.46807,1.11648
2,2.47794,1.11891
2,2.4878,1.12134
2,2.49765,1.12376
2,2.5075,1.12618
2,2.51734,1.1286
2,2.52717,1.13102
2,2.537,1.13343
2,2.54682,1.13584
2,2.55663,1.13825
2,2.56644,1.14065
2,2.57624,1.14305
2,2.58603,1.14544
2,2.59581,1.14783
2,2.60559,1.15022
2,2.61536,1.1526
2,2.62512,1.15498
2,2.63488,1.15736
2,2.64463,1.15973
2,2.65436,1.1621
2,2.6641,1.16446
2,2.67382,1.16682
2,2.68353,1.16918
2,2.69324,1.17153
2,2.70293,1.17388
2,2.71262,1.17622
2,2.7223,1.17856
2,2.73197,1.18089
2,2.74163,1.18322
2,2.75129,1.18555
2,2.76093,1.18787
2,2.77056,1.19018
2,2.78019,1.1925
2,2.7898,1.1948
2,2.79941,1.1971
2,2.809,1.1994
2,2.81859,1.20169
2,2.82816,1.20398
2,2.83773,1.20626
2,2.84728,1.20853
2,2.85683,1.2108
2,2.86636,1.21307
2,2.87588,1.21533
2,2.88539,1.21758
2,2.89489,1.21983
2,2.90438,1.22208
2,2.91386,1.22432
2,2.92333,1.22655
2,2.93279,1.22877
2,2.94223,1.231
2,2.95167,1.23321
2,2.96109,1.23542
2,2.9705,1.23762
2,2.9799,1.23982
2,2.98928,1.24201
2,2.99866,1.2442
2,3.00802,1.24638
2,3.01737,1.24855
2,3.0267,1.25072
2,3.03603,1.25288
2,3.04534,1.25504
2,3.05464,1.25718
2,3.06392,1.25933
2,3.0732,1.26146
2,3.08246,1.26359
2,3.0917,1.26571
2,3.10094,1.26783
2,3.11016,1.26994
2,3.11936,1.27204
2,3.12856,1.27413
2,3.13774,1.27622
2,3.1469,1.2783
2,3.15605,1.28038
2,3.16519,1.28245
2,3.17431,1.28451
2,3.18342,1.28656
2,3.19252,1.2886
2,3.2016,1.29064
2,3.21066,1.29268
2,3.21971,1.2947
2,3.22875,1.29672
2,3.23777,1.29873
2,3.24678,1.30073
2,3.25577,1.30272
2,3.26475,1.30471
2,3.27371,1.30669
2,3.28265,1.30866
2,3.29158,1.31062
2,3.3005,1.31258
2,3.3094,1.31453
2,3.31828,1.31647
2,3.32715,1.3184
2,3.336,1.32033
2,3.34484,1.32224
2,3.35366,1.32415
2,3.36246,1.32605
2,3.37125,1.32794
2,3.38002,1.32983
2,3.38877,1.3317
2,3.39751,1.33357
2,3.40623,1.33543
2,3.41493,1.33728
2,3.42362,1.33912
2,3.43229,1.34096
2,3.44094,1.34278
2,3.44958,1.3446
2,3.4582,1.34641
2,3.4668,1.34821
2,3.47538,1.35
2,3.48395,1.35178
2,3.4925,1.35355
2,3.50103,1.35532
2,3.50954,1.35707
2,3.51804,1.35882
2,3.52651,1.36055
2,3.53497,1.36228
2,3.54341,1.364
2,3.55184,1.36571
2,3.56024,1.36741
2,3.56863,1.36911
2,3.57699,1.37079
2,3.58534,1.37246
2,3.59367,1.37413
2,3.60199,1.37578
2,3.61028,1.37743
2,3.61855,1.37906
2,3.62681,1.38069
2,3.63504,1.3823
2,3.64326,1.38391
2,3.65146,1.38551
2,3.65964,1.3871
2,3.6678,1.38868
2,3.67594,1.39024
2,3.68406,1.3918
2,3.69216,1.39335
2,3.70024,1.39489
2,3.7083,1.39642
2,3.71634,1.39794
2,3.72436,1.39945
2,3.73236,1.40095
2,3.74034,1.40244
2,3.74831,1.40392
2,3.75625,1.40539
2,3.76417,1.40685
2,3.77207,1.40829
2,3.77995,1.40973
2,3.78781,1.41116
2,3.79565,1.41258
2,3.80346,1.41399
2,3.81126,1.41539
2,3.81904,1.41677
2,3.82679,1.41815
2,3.83453,1.41951
2,3.84224,1.42087
2,3.84993,1.42222
2,3.85761,1.42355
2,3.86526,1.42487
2,3.87289,1.42619
2,3.88049,1.42749
2,3.88808,1.42878
2,3.89564,1.43006
2,3.90319,1.43133
2,3.91071,1.43259
2,3.91821,1.43384
2,3.92569,1.43508
2,3.93314,1.43631
2,3.94058,1.43752
2,3.94799,1.43873
2,3.95538,1.43992
2,3.96275,1.44111
2,3.9701,1.44228
2,3.97742,1.44344
2,3.98473,1.44459
2,3.99201,1.44573
2,3.99927,1.44686
2,4.0065,1.44797
2,4.01371,1.44908
2,4.0209,1.45017
2,4.02807,1.45126
2,4.03522,1.45233
2,4.04234,1.45339
2,4.04944,1.45444
2,4.05652,1.45547
2,4.06357,1.4565
2,4.07061,1.45751
2,4.07761,1.45852
2,4.0846,1.45951
2,4.09156,1.46049
2,4.0985,1.46146
2,4.10542,1.46242
2,4.11231,1.46336
2,4.11919,1.4643
2,4.12603,1.46522
2,4.13286,1.46613
2,4.13966,1.46703
2,4.14643,1.46791
2,4.15319,1.46879
2,4.15992,1.46965
2,4.16663,1.47051
2,4.17331,1.47135
2,4.17997,1.47218
2,4.18661,1.47299
2,4.19322,1.4738
2,4.19981,1.47459
2,4.20637,1.47537
2,4.21291,1.47614
2,4.21943,1.4769
2,4.22592,1.47764
2,4.23239,1.47838
2,4.23884,1.4791
2,4.24526,1.47981
2,4.25166,1.48051
2,4.25803,1.48119
2,4.26438,1.48187
2,4.27071,1.48253
2,4.27701,1.48318
2,4.28329,1.48381
2,4.28954,1.48444
2,4.29577,1.48505
2,4.30197,1.48565
2,4.30815,1.48624
2,4.31431,1.48682
2,4.32044,1.48738
2,4.32655,1.48794
2,4.33263,1.48848
2,4.33869,1.489
2,4.34472,1.48952
2,4.35073,1.49002
2,4.35671,1.49051
2,4.36267,1.49099
2,4.36861,1.49146
2,4.37452,1.49191
2,4.38041,1.49235
2,4.38627,1.49278
2,4.39211,1.4932
2,4.39792,1.49361
2,4.40371,1.494
2,4.40947,1.49438
2,4.41521,1.49475
2,4.42092,1.4951
2,4.42661,1.49545
2,4.43227,1.49578
2,4.43791,1.49609
2,4.44353,1.4964
2,4.44911,1.49669
2,4.45468,1.49697
2,4.46022,1.49724
2,4.46573,1.4975
2,4.47122,1.49774
2,4.47669,1.49797
2,4.48213,1.49819
2,4.48754,1.4984
2,4.49293,1.49859
2,4.4983,1.49877
2,4.50364,1.49894
2,4.50895,1.4991
2,4.51424,1.49924
2,4.51951,1.49937
2,4.52475,1.49949
2,4.52996,1.4996
2,4.53515,1.49969
2,4.54032,1.49977
2,4.54546,1.49984
2,4.55057,1.4999
2,4.55567,1.49994
2,4.56073,1.49997
2,4.56577,1.49999
2,4.57079,1.5
2,4.57578,1.49999
2,4.58074,1.49998
2,4.58568,1.49994
2,4.5906,1.4999
2,4.59549,1.49984
2,4.60035,1.49977
2,4.60519,1.49969
2,4.61001,1.4996
2,4.6148,1.49949
2,4.61956,1.49937
2,4.6243,1.49924
2,4.62901,1.4991
2,4.6337,1.49894
2,4.63837,1.49877
2,4.64301,1.49859
2,4.64762,1.4984
2,4.65221,1.49819
2,4.65678,1.49797
2,4.66132,1.49774
2,4.66584,1.4975
2,4.67033,1.49724
2,4.67479,1.49698
2,4.67923,1.49669
2,4.68365,1.4964
2,4.68804,1.4961
2,4.69241,1.49578
2,4.69675,1.49545
2,4.70106,1.4951
2,4.70535,1.49475
2,4.70962,1.49438
2,4.71386,1.494
2,4.71808,1.49361
2,4.72227,1.4932
2,4.72644,1.49279
2,4.73059,1.49236
2,4.7347,1.49191
2,4.7388,1.49146
2,4.74287,1.49099
2,4.74691,1.49052
2,4.75093,1.49002
2,4.75493,1.48952
2,4.7589,1.48901
2,4.76285,1.48848
2,4.76677,1.48794
2,4.77067,1.48739
2,4.77454,1.48682
2,4.77839,1.48624
2,4.78222,1.48566
2,4.78602,1.48506
2,4.78979,1.48444
2,4.79355,1.48382
2,4.79727,1.48318
2,4.80098,1.48253
2,4.80466,1.48187
2,4.80831,1.4812
2,4.81195,1.48051
2,4.81555,1.47981
2,4.81914,1.4791
2,4.8227,1.47838
2,4.82623,1.47765
2,4.82974,1.4769
2,4.83323,1.47614
2,4.83669,1.47538
2,4.84013,1.47459
2,4.84355,1.4738
2,4.84694,1.473
2,4.85031,1.47218
2,4.85366,1.47135
2,4.85698,1.47051
2,4.86028,1.46966
2,4.86355,1.46879
2,4.8668,1.46792
2,4.87003,1.46703
2,4.87323,1.46613
2,4.87642,1.46522
2,4.87957,1.4643
2,4.88271,1.46337
2,4.88582,1.46242
2,4.88891,1.46146
2,4.89197,1.46049
2,4.89501,1.45951
2,4.89803,1.45852
2,4.90103,1.45752
2,4.904,1.4565
2,4.90695,1.45548
2,4.90988,1.45444
2,4.91279,1.45339
2,4.91567,1.45233
2,4.91853,1.45126
2,4.92136,1.45018
2,4.92418,1.44908
2,4.92697,1.44798
2,4.92974,1.44686
2,4.93249,1.44573
2,4.93521,1.44459
2,4.93791,1.44344
2,4.94059,1.44228
2,4.94325,1.44111
2,4.94589,1.43993
2,4.9485,1.43873
2,4.9511,1.43753
2,4.95367,1.43631
2,4.95621,1.43509
2,4.95874,1.43385
2,4.96125,1.4326
2,4.96373,1.43134
2,4.96619,1.43007
2,4.96863,1.42879
2,4.97105,1.4275
2,4.97345,1.42619
2,4.97582,1.42488
2,4.97818,1.42356
2,4.98051,1.42222
2,4.98282,1.42088
2,4.98511,1.41952
2,4.98739,1.41815
2,4.98963,1.41678
2,4.99186,1.41539
2,4.99407,1.41399
2,4.99626,1.41259
2,4.99842,1.41117
2,5.00057,1.40974
2,5.0027,1.4083
2,5.0048,1.40685
2,5.00688,1.40539
2,5.00895,1.40392
2,5.01099,1.40244
2,5.01302,1.40096
2,5.01502,1.39946
2,5.017,1.39795
2,5.01897,1.39643
2,5.02091,1.3949
2,5.02284,1.39336
2,5.02474,1.39181
2,5.02663,1.39025
2,5.02849,1.38868
2,5.03034,1.3871
2,5.03216,1.38552
2,5.03397,1.38392
2,5.03576,1.38231
2,5.03753,1.3807
2,5.03928,1.37907
2,5.04101,1.37743
2,5.04272,1.37579
2,5.04441,1.37413
2,5.04609,1.37247
2,5.04774,1.3708
2,5.04938,1.36911
2,5.051,1.36742
2,5.0526,1.36572
2,5.05418,1.36401
2,5.05575,1.36229
2,5.05729,1.36056
2,5.05882,1.35883
2,5.06033,1.35708
2,5.06182,1.35532
2,5.0633,1.35356
2,5.06475,1.35179
2,5.06619,1.35
2,5.06761,1.34821
2,5.06902,1.34641
2,5.0704,1.34461
2,5.07177,1.34279
2,5.07312,1.34096
2,5.07446,1.33913
2,5.07578,1.33729
2,5.07708,1.33544
2,5.07836,1.33358
2,5.07963,1.33171
2,5.08088,1.32984
2,5.08212,1.32795
2,5.08334,1.32606
2,5.08454,1.32416
2,5.08572,1.32225
2,5.08689,1.32033
2,5.08805,1.31841
2,5.08918,1.31648
2,5.09031,1.31454
2,5.09141,1.31259
2,5.0925,1.31063
2,5.09358,1.30867
2,5.09464,1.3067
2,5.09568,1.30472
2,5.09671,1.30273
2,5.09772,1.30074
2,5.09872,1.29873
2,5.0997,1.29673
2,5.10067,1.29471
2,5.10163,1.29268
2,5.10257,1.29065
2,5.10349,1.28861
2,5.1044,1.28657
2,5.1053,1.28451
2,5.10618,1.28245
2,5.10705,1.28039
2,5.1079,1.27831
2,5.10874,1.27623
2,5.10957,1.27414
2,5.11038,1.27205
2,5.11118,1.26995
2,5.11196,1.26784
2,5.11273,1.26572
2,5.11349,1.2636
2,5.11424,1.26147
2,5.11497,1.25933
2,5.11569,1.25719
2,5.11639,1.25505
2,5.11709,1.25289
2,5.11777,1.25073
2,5.11844,1.24856
2,5.11909,1.24639
2,5.11973,1.24421
2,5.12037,1.24202
2,5.12098,1.23983
2,5.12159,1.23763
2,5.12219,1.23543
2,5.12277,1.23322
2,5.12334,1.23101
2,5.1239,1.22878
2,5.12445,1.22656
2,5.12499,1.22433
2,5.12551,1.22209
2,5.12603,1.21984
2,5.12653,1.21759
2,5.12703,1.21534
2,5.12751,1.21308
2,5.12798,1.21081
2,5.12844,1.20854
2,5.12889,1.20627
2,5.12933,1.20399
2,5.12976,1.2017
2,5.13018,1.19941
2,5.13059,1.19711
2,5.13099,1.19481
2,5.13138,1.19251
2,5.13176,1.19019
2,5.13214,1.18788
2,5.1325,1.18556
2,5.13285,1.18323
2,5.13319,1.1809
2,5.13353,1.17857
2,5.13385,1.17623
2,5.13417,1.17389
2,5.13448,1.17154
2,5.13478,1.16919
2,5.13507,1.16683
2,5.13535,1.16447
2,5.13563,1.16211
2,5.13589,1.15974
2,5.13615,1.15737
2,5.1364,1.15499
2,5.13664,1.15261
2,5.13688,1.15023
2,5.13711,1.14784
2,5.13733,1.14545
2,5.13754,1.14306
2,5.13774,1.14066
2,5.13794,1.13826
2,5.13813,1.13585
2,5.13832,1.13344
2,5.1385,1.13103
2,5.13867,1.12861
2,5.13883,1.1262
2,5.13899,1.12377
2,5.13914,1.12135
2,5.13929,1.11892
2,5.13943,1.11649
2,5.13957,1.11406
2,5.1397,1.11162
2,5.13982,1.10918
2,5.13994,1.10674
2,5.14005,1.10429
2,5.14016,1.10184
2,5.14026,1.09939
2,5.14036,1.09694
2,5.14045,1.09449
2,5.14054,1.09203
2,5.14062,1.08957
2,5.1407,1.08711
2,5.14077,1.08464
2,5.14084,1.08218
2,5.14091,1.07971
2,5.14097,1.07724
2,5.14103,1.07477
2,5.14108,1.07229
2,5.14113,1.06982
2,5.14118,1.06734
2,5.14123,1.06486
2,5.14127,1.06238
2,5.1413,1.0599
2,5.14134,1.05741
2,5.14137,1.05493
2,5.1414,1.05244
2,5.14143,1.04995
2,5.14145,1.04746
2,5.14147,1.04497
2,5.14149,1.04248
2,5.14151,1.03999
2,5.14152,1.03749
2,5.14154,1.035
2,5.14155,1.0325
2,5.14156,1.03001
2,5.14156,1.02751
2,5.14157,1.02501
2,5.14158,1.02251
2,5.14158,1.02002
2,5.14159,1.01752
2,5.14159,1.01502
2,5.14159,1.01252
2,5.14159,1.01002
2,5.14159,1.00751
2,5.14159,1.00501
2,5.14159,1.00251
2,5.14159,1.00001
2,5.14159,0.99751
2,5.14159,0.995009
2,5.14159,0.992507
2,5.14159,0.990007
2,5.1416,0.987506
2,5.1416,0.985006
2,5.1416,0.982506
2,5.1416,0.980006
2,5.14161,0.977507
2,5.14161,0.975009
2,5.14162,0.972511
2,5.14163,0.970014
2,5.14164,0.967518
2,5.14165,0.965022
2,5.14166,0.962527
2,5.14168,0.960034
2,5.1417,0.957541
2,5.14171,0.955049
2,5.14174,0.952559
2,5.14176,0.950069
2,5.14179,0.947581
2,5.14181,0.945094
2,5.14185,0.942609
2,5.14188,0.940125
2,5.14192,0.937642
2,5.14196,0.935162
2,5.142,0.932682
2,5.14205,0.930205
2,5.1421,0.927729
2,5.14216,0.925255
2,5.14221,0.922782
2,5.14228,0.920312
2,5.14234,0.917844
2,5.14241,0.915378
2,5.14249,0.912914
2,5.14256,0.910452
2,5.14265,0.907992
2,5.14274,0.905535
2,5.14283,0.90308
2,5.14292,0.900627
2,5.14303,0.898177
2,5.14313,0.895729
2,5.14325,0.893284
2,5.14337,0.890842
2,5.14349,0.888403
2,5.14362,0.885966
2,5.14375,0.883532
2,5.14389,0.881101
2,5.14404,0.878673
2,5.14419,0.876248
2,5.14435,0.873826
2,5.14452,0.871407
2,5.14469,0.868992
2,5.14487,0.86658
2,5.14505,0.864171
2,5.14524,0.861765
2,5.14544,0.859363
2,5.14565,0.856965
2,5.14586,0.85457
2,5.14608,0.852179
2,5.14631,0.849791
2,5.14654,0.847407
2,5.14678,0.845027
2,5.14703,0.842651
2,5.14729,0.840279
2,5.14756,0.837911
2,5.14783,0.835547
2,5.14811,0.833187
2,5.1484,0.830831
2,5.1487,0.828479
2,5.14901,0.826132
2,5.14933,0.823789
2,5.14965,0.82145
2,5.14999,0.819116
2,5.15033,0.816787
2,5.15068,0.814462
2,5.15105,0.812141
2,5.15142,0.809826
2,5.1518,0.807515
2,5.15219,0.805209
2,5.15259,0.802908
2,5.153,0.800611
2,5.15342,0.79832
2,5.15385,0.796034
2,5.15429,0.793753
2,5.15474,0.791477
2,5.1552,0.789206
2,5.15567,0.786941
2,5.15615,0.78468
2,5.15665,0.782426
2,5.15715,0.780176
2,5.15767,0.777933
2,5.15819,0.775694
2,5.15873,0.773462
2,5.15928,0.771235
2,5.15984,0.769014
2,5.16041,0.766798
2,5.16099,0.764589
2,5.16159,0.762385
2,5.1622,0.760187
2,5.16281,0.757995
2,5.16345,0.75581
2,5.16409,0.75363
2,5.16474,0.751457
2,5.16541,0.749289
2,5.16609,0.747128
2,5.16679,0.744974
2,5.16749,0.742826
2,5.16821,0.740684
2,5.16894,0.738548
2,5.16969,0.73642
2,5.17045,0.734297
2,5.17122,0.732182
2,5.172,0.730073
2,5.1728,0.727971
2,5.17361,0.725876
2,5.17444,0.723787
2,5.17528,0.721706
2,5.17613,0.719631
2,5.177,0.717564
2,5.17788,0.715504
2,5.17878,0.71345
2,5.17969,0.711404
2,5.18061,0.709365
2,5.18155,0.707333
2,5.1825,0.705309
2,5.18347,0.703292
2,5.18446,0.701283
2,5.18545,0.699281
2,5.18647,0.697286
2,5.1875,0.695299
2,5.18854,0.69332
2,5.1896,0.691348
2,5.19067,0.689384
2,5.19176,0.687428
2,5.19287,0.68548
2,5.19399,0.683539
2,5.19513,0.681607
2,5.19628,0.679682
2,5.19745,0.677766
2,5.19864,0.675857
2,5.19984,0.673957
2,5.20106,0.672065
2,5.20229,0.670181
2,5.20354,0.668305
2,5.20481,0.666437
2,5.20609,0.664578
2,5.2074,0.662727
2,5.20871,0.660885
2,5.21005,0.659051
2,5.2114,0.657226
2,5.21277,0.655409
2,5.21416,0.653601
2,5.21556,0.651802
2,5.21698,0.650011
2,5.21842,0.648229
2,5.21988,0.646456
2,5.22135,0.644692
2,5.22284,0.642937
2,5.22435,0.64119
2,5.22588,0.639453
2,5.22742,0.637724
2,5.22899,0.636005
2,5.23057,0.634295
2,5.23217,0.632594
2,5.23379,0.630902
2,5.23543,0.629219
2,5.23708,0.627546
2,5.23876,0.625881
2,5.24045,0.624227
2,5.24216,0.622581
2,5.24389,0.620946
2,5.24564,0.619319
2,5.24741,0.617702
2,5.2492,0.616095
2,5.25101,0.614497
2,5.25283,0.612909
2,5.25468,0.611331
2,5.25654,0.609762
2,5.25843,0.608203
2,5.26033,0.606654
2,5.26226,0.605115
2,5.2642,0.603586
2,5.26616,0.602066
2,5.26815,0.600557
2,5.27015,0.599058
2,5.27217,0.597568
2,5.27422,0.596089
2,5.27628,0.59462
2,5.27837,0.59316
2,5.28047,0.591712
2,5.2826,0.590273
2,5.28474,0.588844
2,5.28691,0.587426
2,5.2891,0.586018
2,5.2913,0.584621
2,5.29353,0.583234
2,5.29578,0.581857
2,5.29805,0.580491
2,5.30034,0.579135
2,5.30265,0.57779
2,5.30499,0.576456
2,5.30734,0.575132
2,5.30972,0.573818
2,5.31211,0.572516
2,5.31453,0.571224
2,5.31697,0.569942
2,5.31943,0.568672
2,5.32192,0.567412
2,5.32442,0.566163
2,5.32695,0.564925
2,5.3295,0.563698
2,5.33207,0.562482
2,5.33466,0.561277
2,5.33727,0.560082
2,5.33991,0.558899
2,5.34257,0.557727
2,5.34525,0.556566
2,5.34795,0.555415
2,5.35067,0.554277
2,5.35342,0.553149
2,5.35619,0.552032
2,5.35898,0.550927
2,5.3618,0.549833
2,5.36463,0.54875
2,5.36749,0.547678
2,5.37037,0.546618
2,5.37328,0.545569
2,5.37621,0.544531
2,5.37916,0.543505
2,5.38213,0.54249
2,5.38513,0.541487
2,5.38814,0.540495
2,5.39119,0.539515
2,5.39425,0.538546
2,5.39734,0.537589
2,5.40045,0.536643
2,5.40358,0.535709
2,5.40674,0.534787
2,5.40992,0.533876
2,5.41313,0.532977
2,5.41635,0.532089
2,5.41961,0.531213
2,5.42288,0.530349
2,5.42618,0.529497
2,5.4295,0.528657
2,5.43284,0.527828
2,5.43621,0.527011
2,5.43961,0.526206
2,5.44302,0.525413
2,5.44646,0.524631
2,5.44992,0.523862
2,5.45341,0.523104
2,5.45692,0.522359
2,5.46046,0.521625
2,5.46402,0.520904
2,5.4676,0.520194
2,5.47121,0.519496
2,5.47484,0.518811
2,5.4785,0.518137
2,5.48217,0.517475
2,5.48588,0.516826
2,5.48961,0.516189
2,5.49336,0.515563
2,5.49713,0.51495
2,5.50093,0.514349
2,5.50476,0.51376
2,5.50861,0.513184
2,5.51248,0.512619
2,5.51638,0.512067
2,5.5203,0.511527
2,5.52425,0.510999
2,5.52822,0.510483
2,5.53222,0.50998
2,5.53624,0.509489
2,5.54028,0.50901
2,5.54435,0.508543
2,5.54844,0.508089
2,5.55256,0.507647
2,5.55671,0.507218
2,5.56087,0.5068
2,5.56507,0.506395
2,5.56928,0.506003
2,5.57353,0.505623
2,5.57779,0.505255
2,5.58208,0.504899
2,5.5864,0.504556
2,5.59074,0.504225
2,5.59511,0.503907
2,5.5995,0.503601
2,5.60391,0.503308
2,5.60835,0.503027
2,5.61282,0.502758
2,5.61731,0.502502
2,5.62183,0.502258
2,5.62637,0.502027
2,5.63093,0.501808
2,5.63552,0.501602
2,5.64014,0.501408
2,5.64477,0.501227
2,5.64944,0.501058
2,5.65413,0.500902
2,5.65884,0.500758
2,5.66358,0.500626
2,5.66835,0.500507
2,5.67314,0.500401
2,5.67795,0.500307
2,5.68279,0.500226
2,5.68766,0.500157
2,5.69255,0.5001
2,5.69746,0.500057
2,5.7024,0.500025
2,5.70737,0.500006
2,5.71236,0.5
2,5.71737,0.500006
2,5.72241,0.500025
2,5.72748,0.500056
2,5.73257,0.5001
2,5.73768,0.500156
2,5.74282,0.500225
2,5.74799,0.500306
2,5.75318,0.5004
2,5.75839,0.500506
2,5.76363,0.500625
2,5.7689,0.500756
2,5.77419,0.5009
2,5.7795,0.501056
2,5.78484,0.501225
2,5.79021,0.501406
2,5.7956,0.501599
2,5.80101,0.501806
2,5.80645,0.502024
2,5.81191,0.502255
2,5.8174,0.502499
2,5.82292,0.502755
2,5.82846,0.503023
2,5.83402,0.503304
2,5.83961,0.503597
2,5.84522,0.503903
2,5.85086,0.504221
2,5.85653,0.504552
2,5.86222,0.504895
2,5.86793,0.50525
2,5.87367,0.505618
2,5.87943,0.505998
2,5.88522,0.50639
2,5.89103,0.506795
2,5.89687,0.507212
2,5.90273,0.507641
2,5.90861,0.508083
2,5.91452,0.508537
2,5.92046,0.509004
2,5.92642,0.509482
2,5.9324,0.509973
2,5.93841,0.510477
2,5.94445,0.510992
2,5.9505,0.51152
2,5.95659,0.51206
2,5.96269,0.512612
2,5.96882,0.513176
2,5.97498,0.513753
2,5.98116,0.514341
2,5.98736,0.514942
2,5.99359,0.515555
2,5.99984,0.51618
2,6.00612,0.516818
2,6.01242,0.517467
2,6.01875,0.518128
2,6.0251,0.518802
2,6.03147,0.519487
2,6.03787,0.520185
2,6.04429,0.520894
2,6.05073,0.521616
2,6.0572,0.522349
2,6.0637,0.523095
2,6.07021,0.523852
2,6.07676,0.524621
2,6.08332,0.525402
2,6.08991,0.526195
2,6.09652,0.527
2,6.10316,0.527817
2,6.10982,0.528646
2,6.1165,0.529486
2,6.12321,0.530338
2,6.12994,0.531202
2,6.13669,0.532078
2,6.14347,0.532965
2,6.15027,0.533864
2,6.15709,0.534775
2,6.16394,0.535697
2,6.17081,0.536631
2,6.1777,0.537576
2,6.18462,0.538533
2,6.19156,0.539502
2,6.19852,0.540482
2,6.20551,0.541474
2,6.21252,0.542477
2,6.21955,0.543492
2,6.2266,0.544518
2,6.23368,0.545555
2,6.24078,0.546604
2,6.2479,0.547664
2,6.25505,0.548736
2,6.26222,0.549818
2,6.26941,0.550912
2,6.27662,0.552018
2,6.28386,0.553134
2,6.29111,0.554262
2,6.29839,0.5554
2,6.3057,0.55655
2,6.31302,0.557711
2,6.32037,0.558884
2,6.32774,0.560067
2,6.33513,0.561261
2,6.34254,0.562466
2,6.34998,0.563682
2,6.35743,0.564909
2,6.36491,0.566147
2,6.37241,0.567396
2,6.37993,0.568655
2,6.38747,0.569926
2,6.39504,0.571207
2,6.40263,0.572499
2,6.41023,0.573801
2,6.41786,0.575114
2,6.42551,0.576438
2,6.43318,0.577773
2,6.44088,0.579118
2,6.44859,0.580473
2,6.45632,0.581839
2,6.46408,0.583216
2,6.47186,0.584603
2,6.47965,0.586
2,6.48747,0.587408
2,6.49531,0.588826
2,6.50317,0.590254
2,6.51105,0.591693
2,6.51895,0.593141
2,6.52687,0.5946
2,6.53481,0.596069
2,6.54277,0.597549
2,6.55075,0.599038
2,6.55875,0.600537
2,6.56677,0.602047
2,6.57482,0.603566
2,6.58288,0.605095
2,6.59096,0.606634
2,6.59906,0.608183
2,6.60718,0.609742
2,6.61532,0.61131
2,6.62348,0.612889
2,6.63165,0.614476
2,6.63985,0.616074
2,6.64807,0.617681
2,6.6563,0.619298
2,6.66456,0.620924
2,6.67283,0.62256
2,6.68113,0.624205
2,6.68944,0.62586
2,6.69777,0.627524
2,6.70612,0.629197
2,6.71449,0.630879
2,6.72287,0.632571
2,6.73128,0.634272
2,6.7397,0.635982
2,6.74814,0.637702
2,6.7566,0.63943
2,6.76508,0.641167
2,6.77357,0.642914
2,6.78208,0.644669
2,6.79062,0.646433
2,6.79916,0.648206
2,6.80773,0.649988
2,6.81631,0.651778
2,6.82491,0.653578
2,6.83353,0.655386
2,6.84217,0.657202
2,6.85082,0.659027
2,6.85949,0.660861
2,6.86818,0.662703
2,6.87688,0.664554
2,6.8856,0.666413
2,6.89434,0.66828
2,6.90309,0.670156
2,6.91186,0.67204
2,6.92065,0.673932
2,6.92945,0.675832
2,6.93827,0.677741
2,6.94711,0.679657
2,6.95596,0.681581
2,6.96483,0.683514
2,6.97371,0.685454
2,6.98261,0.687402
2,6.99152,0.689359
2,7.00045,0.691322
2,7.0094,0.693294
2,7.01836,0.695273
2,7.02734,0.69726
2,7.03633,0.699254
2,7.04533,0.701256
2,7.05436,0.703266
2,7.06339,0.705283
2,7.07244,0.707307
2,7.08151,0.709338
2,7.09059,0.711377
2,7.09968,0.713423
2,7.10879,0.715477
2,7.11792,0.717537
2,7.12705,0.719604
2,7.1362,0.721679
2,7.14537,0.72376
2,7.15455,0.725848
2,7.16374,0.727944
2,7.17295,0.730046
2,7.18217,0.732154
2,7.1914,0.73427
2,7.20065,0.736392
2,7.20991,0.73852
2,7.21918,0.740656
2,7.22847,0.742797
2,7.23777,0.744946
2,7.24708,0.7471
2,7.2564,0.749261
2,7.26574,0.751428
2,7.27509,0.753601
2,7.28445,0.755781
2,7.29382,0.757967
2,7.30321,0.760158
2,7.31261,0.762356
2,7.32202,0.76456
2,7.33144,0.766769
2,7.34087,0.768985
2,7.35032,0.771206
2,7.35977,0.773433
2,7.36924,0.775665
2,7.37872,0.777903
2,7.38821,0.780147
2,7.39771,0.782396
2,7.40722,0.784651
2,7.41674,0.786911
2,7.42628,0.789176
2,7.43582,0.791447
2,7.44537,0.793723
2,7.45494,0.796004
2,7.46451,0.79829
2,7.4741,0.800581
2,7.48369,0.802877
2,7.4933,0.805179
2,7.50291,0.807485
2,7.51254,0.809795
2,7.52217,0.812111
2,7.53181,0.814431
2,7.54147,0.816756
2,7.55113,0.819086
2,7.5608,0.82142
2,7.57048,0.823758
2,7.58017,0.826101
2,7.58986,0.828448
2,7.59957,0.8308
2,7.60928,0.833156
2,7.61901,0.835516
2,7.62874,0.83788
2,7.63847,0.840248
2,7.64822,0.84262
2,7.65798,0.844996
2,7.66774,0.847376
2,7.67751,0.84976
2,7.68729,0.852147
2,7.69707,0.854539
2,7.70686,0.856933
2,7.71666,0.859332
2,7.72647,0.861734
2,7.73628,0.864139
2,7.7461,0.866548
2,7.75593,0.86896
2,7.76576,0.871376
2,7.7756,0.873794
2,7.78545,0.876216
2,7.7953,0.878641
2,7.80516,0.881069
2,7.81502,0.8835
2,7.82489,0.885934
2,7.83477,0.888371
2,7.84465,0.89081
2,7.85454,0.893252
2,7.86443,0.895697
2,7.87433,0.898145
2,7.88423,0.900595
2,7.89414,0.903047
2,7.90405,0.905502
2,7.91397,0.90796
2,7.92389,0.910419
2,7.93382,0.912881
2,7.94375,0.915345
2,7.95368,0.917812
2,7.96362,0.92028
2,7.97356,0.92275
2,7.98351,0.925222
2,7.99346,0.927696
2,8.00342,0.930172
2,8.01337,0.93265
2,8.02333,0.935129
2,8.0333,0.93761
2,8.04327,0.940092
2,8.05324,0.942576
2,8.06321,0.945062
2,8.07319,0.947549
2,8.08316,0.950037
2,8.09315,0.952526
2,8.10313,0.955017
2,8.11312,0.957508
2,8.1231,0.960001
2,8.13309,0.962495
2,8.14309,0.964989
2,8.15308,0.967485
2,8.16307,0.969981
2,8.17307,0.972478
2,8.18307,0.974976
2,8.19307,0.977475
2,8.20307,0.979973
2,8.21307,0.982473
2,8.22307,0.984973
2,8.23308,0.987473
2,8.24308,0.989974
2,8.25308,0.992475
2,8.26309,0.994976
2,8.27309,0.997477
2,8.2831,0.999978
2,8.2931,1.00248
2,8.30311,1.00498
2,8.31311,1.00748
2,8.32312,1.00998
2,8.33312,1.01248
2,8.34312,1.01498
2,8.35313,1.01748
2,8.36313,1.01998
2,8.37313,1.02248
2,8.38313,1.02498
2,8.39313,1.02748
2,8.40312,1.02998
2,8.41312,1.03247
2,8.42311,1.03497
2,8.4331,1.03746
2,8.44309,1.03996
2,8.45308,1.04245
2,8.46307,1.04494
2,8.47305,1.04743
2,8.48303,1.04992
2,8.49301,1.05241
2,8.50299,1.05489
2,8.51296,1.05738
2,8.52293,1.05986
2,8.5329,1.06235
2,8.54286,1.06483
2,8.55282,1.06731
2,8.56278,1.06978
2,8.57274,1.07226
2,8.58269,1.07473
2,8.59263,1.07721
2,8.60258,1.07968
2,8.61251,1.08215
2,8.62245,1.08461
2,8.63238,1.08708
2,8.64231,1.08954
2,8.65223,1.092
2,8.66215,1.09445
2,8.67206,1.09691
2,8.68197,1.09936
2,8.69187,1.10181
2,8.70177,1.10426
2,8.71166,1.1067
2,8.72155,1.10915
2,8.73143,1.11159
2,8.7413,1.11402
2,8.75117,1.11646
2,8.76104,1.11889
2,8.7709,1.12132
2,8.78075,1.12374
2,8.7906,1.12616
2,8.80044,1.12858
2,8.81027,1.131
2,8.8201,1.13341
2,8.82992,1.13582
2,8.83973,1.13822
2,8.84954,1.14063
2,8.85934,1.14302
2,8.86913,1.14542
2,8.87891,1.14781
2,8.88869,1.1502
2,8.89846,1.15258
2,8.90822,1.15496
2,8.91798,1.15734
2,8.92773,1.15971
2,8.93746,1.16208
2,8.9472,1.16444
2,8.95692,1.1668
2,8.96663,1.16916
2,8.97634,1.17151
2,8.98604,1.17386
2,8.99572,1.1762
2,9.0054,1.17854
2,9.01507,1.18087
2,9.02474,1.1832
2,9.03439,1.18553
2,9.04403,1.18785
2,9.05367,1.19016
2,9.06329,1.19248
2,9.0729,1.19478
2,9.08251,1.19708
2,9.0921,1.19938
2,9.10169,1.20167
2,9.11126,1.20396
2,9.12083,1.20624
2,9.13038,1.20851
2,9.13993,1.21078
2,9.14946,1.21305
2,9.15898,1.21531
2,9.1685,1.21756
2,9.178,1.21981
2,9.18749,1.22206
2,9.19697,1.2243
2,9.20643,1.22653
2,9.21589,1.22876
2,9.22534,1.23098
2,9.23477,1.23319
2,9.24419,1.2354
2,9.2536,1.23761
2,9.263,1.2398
2,9.27238,1.242
2,9.28176,1.24418
2,9.29112,1.24636
2,9.30047,1.24853
2,9.30981,1.2507
2,9.31913,1.25286
2,9.32844,1.25502
2,9.33774,1.25717
2,9.34703,1.25931
2,9.3563,1.26144
2,9.36556,1.26357
2,9.37481,1.26569
2,9.38404,1.26781
2,9.39326,1.26992
2,9.40247,1.27202
2,9.41166,1.27412
2,9.42084,1.2762
2,9.43001,1.27828
2,9.43916,1.28036
2,9.4483,1.28243
2,9.45742,1.28449
2,9.46653,1.28654
2,9.47562,1.28859
2,9.4847,1.29063
2,9.49377,1.29266
2,9.50282,1.29468
2,9.51186,1.2967
2,9.52088,1.29871
2,9.52989,1.30071
2,9.53888,1.30271
2,9.54785,1.30469
2,9.55681,1.30667
2,9.56576,1.30864
2,9.57469,1.31061
2,9.58361,1.31256
2,9.59251,1.31451
2,9.60139,1.31645
2,9.61026,1.31838
2,9.61911,1.32031
2,9.62794,1.32223
2,9.63676,1.32413
2,9.64557,1.32603
2,9.65435,1.32793
2,9.66312,1.32981
2,9.67188,1.33169
2,9.68062,1.33355
2,9.68934,1.33541
2,9.69804,1.33726
2,9.70673,1.33911
2,9.7154,1.34094
2,9.72405,1.34277
2,9.73269,1.34458
2,9.74131,1.34639
2,9.74991,1.34819
2,9.75849,1.34998
2,9.76706,1.35176
2,9.77561,1.35354
2,9.78414,1.3553
2,9.79265,1.35706
2,9.80115,1.3588
2,9.80962,1.36054
2,9.81808,1.36227
2,9.82652,1.36399
2,9.83495,1.3657
2,9.84335,1.3674
2,9.85174,1.36909
2,9.86011,1.37077
2,9.86846,1.37245
2,9.87679,1.37411
2,9.8851,1.37577
2,9.89339,1.37741
2,9.90167,1.37905
2,9.90992,1.38067
2,9.91816,1.38229
2,9.92638,1.3839
2,9.93457,1.3855
2,9.94275,1.38708
2,9.95091,1.38866
2,9.95905,1.39023
2,9.96717,1.39179
2,9.97527,1.39334
2,9.98335,1.39488
2,9.99141,1.39641
2,9.99946,1.39793
2,10.0075,1.39944
2,10.0155,1.40094
2,10.0235,1.40243
2,10.0314,1.4039
2,10.0394,1.40537
2,10.0473,1.40683
2,10.0552,1.40828
2,10.0631,1.40972
2,10.0709,1.41115
2,10.0788,1.41257
2,10.0866,1.41398
2,10.0944,1.41537
2,10.1022,1.41676
2,10.1099,1.41814
2,10.1176,1.4195
2,10.1254,1.42086
2,10.1331,1.4222
2,10.1407,1.42354
2,10.1484,1.42486
2,10.156,1.42618
2,10.1636,1.42748
2,10.1712,1.42877
2,10.1788,1.43005
2,10.1863,1.43132
2,10.1938,1.43258
2,10.2013,1.43383
2,10.2088,1.43507
2,10.2163,1.4363
2,10.2237,1.43751
2,10.2311,1.43872
2,10.2385,1.43991
2,10.2459,1.4411
2,10.2532,1.44227
2,10.2605,1.44343
2,10.2678,1.44458
2,10.2751,1.44572
2,10.2824,1.44685
2,10.2896,1.44796
2,10.2968,1.44907
2,10.304,1.45016
2,10.3112,1.45125
2,10.3183,1.45232
2,10.3255,1.45338
2,10.3326,1.45443
2,10.3396,1.45546
2,10.3467,1.45649
2,10.3537,1.45751
2,10.3607,1.45851
2,10.3677,1.4595
2,10.3747,1.46048
2,10.3816,1.46145
2,10.3885,1.46241
2,10.3954,1.46335
2,10.4023,1.46429
2,10.4092,1.46521
2,10.416,1.46612
2,10.4228,1.46702
2,10.4296,1.46791
2,10.4363,1.46878
2,10.443,1.46965
2,10.4498,1.4705
2,10.4564,1.47134
2,10.4631,1.47217
2,10.4697,1.47299
2,10.4763,1.47379
2,10.4829,1.47458
2,10.4895,1.47537
2,10.496,1.47613
2,10.5026,1.47689
2,10.5091,1.47764
2,10.5155,1.47837
2,10.522,1.47909
2,10.5284,1.4798
2,10.5348,1.4805
2,10.5412,1.48119
2,10.5475,1.48186
2,10.5538,1.48252
2,10.5601,1.48317
2,10.5664,1.48381
2,10.5727,1.48443
2,10.5789,1.48505
2,10.5851,1.48565
2,10.5913,1.48624
2,10.5974,1.48681
2,10.6036,1.48738
2,10.6097,1.48793
2,10.6158,1.48847
2,10.6218,1.489
2,10.6279,1.48951
2,10.6339,1.49002
2,10.6398,1.49051
2,10.6458,1.49099
2,10.6517,1.49145
2,10.6577,1.49191
2,10.6635,1.49235
2,10.6694,1.49278
2,10.6752,1.4932
2,10.6811,1.4936
2,10.6868,1.494
2,10.6926,1.49438
2,10.6983,1.49474
2,10.7041,1.4951
2,10.7097,1.49544
2,10.7154,1.49577
2,10.721,1.49609
2,10.7267,1.4964
2,10.7323,1.49669
2,10.7378,1.49697
2,10.7434,1.49724
2,10.7489,1.4975
2,10.7544,1.49774
2,10.7598,1.49797
2,10.7653,1.49819
2,10.7707,1.4984
2,10.7761,1.49859
2,10.7814,1.49877
2,10.7868,1.49894
2,10.7921,1.4991
2,10.7974,1.49924
2,10.8026,1.49937
2,10.8079,1.49949
2,10.8131,1.4996
2,10.8183,1.49969
2,10.8235,1.49977
2,10.8286,1.49984
2,10.8337,1.4999
2,10.8388,1.49994
2,10.8439,1.49997
2,10.8489,1.49999
2,10.8539,1.5
2,10.8589,1.49999
2,10.8639,1.49998
2,10.8688,1.49994
2,10.8737,1.4999
2,10.8786,1.49984
2,10.8835,1.49978
2,10.8883,1.49969
2,10.8931,1.4996
2,10.8979,1.49949
2,10.9027,1.49938
2,10.9074,1.49924
2,10.9122,1.4991
2,10.9168,1.49894
2,10.9215,1.49878
2,10.9262,1.4986
2,10.9308,1.4984
2,10.9354,1.4982
2,10.9399,1.49798
2,10.9445,1.49775
2,10.949,1.4975
2,10.9535,1.49725
2,10.9579,1.49698
2,10.9624,1.4967
2,10.9668,1.4964
2,10.9712,1.4961
2,10.9756,1.49578
2,10.9799,1.49545
2,10.9842,1.49511
2,10.9885,1.49475
2,10.9928,1.49438
2,10.997,1.494
2,11.0012,1.49361
2,11.0054,1.49321
2,11.0096,1.49279
2,11.0137,1.49236
2,11.0179,1.49192
2,11.0219,1.49146
2,11.026,1.491
2,11.0301,1.49052
2,11.0341,1.49003
2,11.0381,1.48953
2,11.0421,1.48901
2,11.046,1.48848
2,11.0499,1.48794
2,11.0538,1.48739
2,11.0577,1.48683
2,11.0615,1.48625
2,11.0654,1.48566
2,11.0692,1.48506
2,11.0729,1.48445
2,11.0767,1.48382
2,11.0804,1.48319
2,11.0841,1.48254
2,11.0878,1.48187
2,11.0915,1.4812
2,11.0951,1.48052
2,11.0987,1.47982
2,11.1023,1.47911
2,11.1058,1.47839
2,11.1094,1.47765
2,11.1129,1.47691
2,11.1164,1.47615
2,11.1198,1.47538
2,11.1233,1.4746
2,11.1267,1.47381
2,11.1301,1.473
2,11.1335,1.47219
2,11.1368,1.47136
2,11.1401,1.47052
2,11.1434,1.46967
2,11.1467,1.4688
2,11.15,1.46793
2,11.1532,1.46704
2,11.1564,1.46614
2,11.1596,1.46523
2,11.1627,1.46431
2,11.1659,1.46337
2,11.169,1.46243
2,11.1721,1.46147
2,11.1751,1.4605
2,11.1782,1.45952
2,11.1812,1.45853
2,11.1842,1.45753
2,11.1872,1.45651
2,11.1901,1.45549
2,11.193,1.45445
2,11.1959,1.4534
2,11.1988,1.45234
2,11.2017,1.45127
2,11.2045,1.45019
2,11.2073,1.44909
2,11.2101,1.44799
2,11.2129,1.44687
2,11.2156,1.44574
2,11.2184,1.4446
2,11.2211,1.44345
2,11.2238,1.44229
2,11.2264,1.44112
2,11.2291,1.43994
2,11.2317,1.43874
2,11.2343,1.43754
2,11.2368,1.43632
2,11.2394,1.4351
2,11.2419,1.43386
2,11.2444,1.43261
2,11.2469,1.43135
2,11.2494,1.43008
2,11.2518,1.4288
2,11.2542,1.42751
2,11.2566,1.4262
2,11.259,1.42489
2,11.2613,1.42357
2,11.2637,1.42223
2,11.266,1.42089
2,11.2683,1.41953
2,11.2706,1.41817
2,11.2728,1.41679
2,11.275,1.4154
2,11.2772,1.41401
2,11.2794,1.4126
2,11.2816,1.41118
2,11.2837,1.40975
2,11.2859,1.40831
2,11.288,1.40686
2,11.2901,1.40541
2,11.2921,1.40394
2,11.2942,1.40246
2,11.2962,1.40097
2,11.2982,1.39947
2,11.3002,1.39796
2,11.3021,1.39644
2,11.3041,1.39491
2,11.306,1.39337
2,11.3079,1.39182
2,11.3098,1.39027
2,11.3117,1.3887
2,11.3135,1.38712
2,11.3153,1.38553
2,11.3171,1.38393
2,11.3189,1.38233
2,11.3207,1.38071
2,11.3224,1.37908
2,11.3242,1.37745
2,11.3259,1.3758
2,11.3276,1.37415
2,11.3293,1.37248
2,11.3309,1.37081
2,11.3326,1.36913
2,11.3342,1.36744
2,11.3358,1.36574
2,11.3374,1.36403
2,11.3389,1.36231
2,11.3405,1.36058
2,11.342,1.35884
2,11.3435,1.35709
2,11.345,1.35534
2,11.3465,1.35357
2,11.3479,1.3518
2,11.3494,1.35002
2,11.3508,1.34823
2,11.3522,1.34643
2,11.3536,1.34462
2,11.3549,1.34281
2,11.3563,1.34098
2,11.3576,1.33915
2,11.359,1.3373
2,11.3603,1.33545
2,11.3615,1.3336
2,11.3628,1.33173
2,11.3641,1.32985
2,11.3653,1.32797
2,11.3665,1.32608
2,11.3677,1.32418
2,11.3689,1.32227
2,11.3701,1.32035
2,11.3712,1.31843
2,11.3724,1.31649
2,11.3735,1.31455
2,11.3746,1.31261
2,11.3757,1.31065
2,11.3768,1.30869
2,11.3778,1.30671
2,11.3789,1.30474
2,11.3799,1.30275
2,11.3809,1.30075
2,11.3819,1.29875
2,11.3829,1.29674
2,11.3838,1.29473
2,11.3848,1.2927
2,11.3857,1.29067
2,11.3867,1.28863
2,11.3876,1.28659
2,11.3885,1.28453
2,11.3894,1.28247
2,11.3902,1.2804
2,11.3911,1.27833
2,11.3919,1.27625
2,11.3927,1.27416
2,11.3936,1.27207
2,11.3944,1.26996
2,11.3951,1.26785
2,11.3959,1.26574
2,11.3967,1.26362
2,11.3974,1.26149
2,11.3981,1.25935
2,11.3989,1.25721
2,11.3996,1.25506
2,11.4003,1.25291
2,11.4009,1.25075
2,11.4016,1.24858
2,11.4023,1.24641
2,11.4029,1.24423
2,11.4035,1.24204
2,11.4042,1.23985
2,11.4048,1.23765
2,11.4054,1.23545
2,11.406,1.23324
2,11.4065,1.23103
2,11.4071,1.2288
2,11.4076,1.22658
2,11.4082,1.22434
2,11.4087,1.22211
2,11.4092,1.21986
2,11.4097,1.21761
2,11.4102,1.21536
2,11.4107,1.2131
2,11.4112,1.21083
2,11.4116,1.20856
2,11.4121,1.20629
2,11.4125,1.20401
2,11.4129,1.20172
2,11.4134,1.19943
2,11.4138,1.19713
2,11.4142,1.19483
2,11.4146,1.19253
2,11.4149,1.19021
2,11.4153,1.1879
2,11.4157,1.18558
2,11.416,1.18325
2,11.4164,1.18092
2,11.4167,1.17859
2,11.417,1.17625
2,11.4174,1.17391
2,11.4177,1.17156
2,11.418,1.16921
2,11.4183,1.16685
2,11.4185,1.16449
2,11.4188,1.16213
2,11.4191,1.15976
2,11.4193,1.15739
2,11.4196,1.15501
2,11.4198,1.15263
2,11.4201,1.15025
2,11.4203,1.14786
2,11.4205,1.14547
2,11.4207,1.14308
2,11.4209,1.14068
2,11.4211,1.13828
2,11.4213,1.13587
2,11.4215,1.13346
2,11.4217,1.13105
2,11.4219,1.12863
2,11.422,1.12622
2,11.4222,1.12379
2,11.4223,1.12137
2,11.4225,1.11894
2,11.4226,1.11651
2,11.4228,1.11408
2,11.4229,1.11164
2,11.423,1.1092
2,11.4231,1.10676
2,11.4232,1.10431
2,11.4233,1.10187
2,11.4234,1.09942
2,11.4235,1.09696
2,11.4236,1.09451
2,11.4237,1.09205
2,11.4238,1.08959
2,11.4239,1.08713
2,11.424,1.08467
2,11.424,1.0822
2,11.4241,1.07973
2,11.4242,1.07726
2,11.4242,1.07479
2,11.4243,1.07231
2,11.4243,1.06984
2,11.4244,1.06736
2,11.4244,1.06488
2,11.4245,1.0624
2,11.4245,1.05992
2,11.4245,1.05743
2,11.4246,1.05495
2,11.4246,1.05246
2,11.4246,1.04997
2,11.4246,1.04748
2,11.4247,1.04499
2,11.4247,1.0425
2,11.4247,1.04001
2,11.4247,1.03752
2,11.4247,1.03502
2,11.4247,1.03253
2,11.4247,1.03003
2,11.4248,1.02753
2,11.4248,1.02503
2,11.4248,1.02254
2,11.4248,1.02004
2,11.4248,1.01754
2,11.4248,1.01504
2,11.4248,1.01254
2,11.4248,1.01004
2,11.4248,1.00754
2,11.4248,1.00504
2,11.4248,1.00253
2,11.4248,1.00003
2,11.4248,0.997532
2,11.4248,0.99503
2,11.4248,0.992529
2,11.4248,0.990028
2,11.4248,0.987528
2,11.4248,0.985028
2,11.4248,0.982528
2,11.4248,0.980028
2,11.4248,0.977529
2,11.4248,0.975031
2,11.4248,0.972533
2,11.4248,0.970036
2,11.4248,0.967539
2,11.4248,0.965044
2,11.4248,0.962549
2,11.4249,0.960055
2,11.4249,0.957563
2,11.4249,0.955071
2,11.4249,0.95258
2,11.4249,0.950091
2,11.425,0.947603
2,11.425,0.945116
2,11.425,0.942631
2,11.4251,0.940147
2,11.4251,0.937664
2,11.4251,0.935183
2,11.4252,0.932704
2,11.4252,0.930226
2,11.4253,0.92775
2,11.4253,0.925276
2,11.4254,0.922804
2,11.4255,0.920334
2,11.4255,0.917865
2,11.4256,0.915399
2,11.4257,0.912935
2,11.4257,0.910473
2,11.4258,0.908013
2,11.4259,0.905556
2,11.426,0.903101
2,11.4261,0.900648
2,11.4262,0.898198
2,11.4263,0.895751
2,11.4264,0.893306
2,11.4265,0.890863
2,11.4267,0.888424
2,11.4268,0.885987
2,11.4269,0.883553
2,11.4271,0.881122
2,11.4272,0.878694
2,11.4274,0.876269
2,11.4275,0.873847
2,11.4277,0.871429
2,11.4279,0.869013
2,11.428,0.866601
2,11.4282,0.864192
2,11.4284,0.861786
2,11.4286,0.859384
2,11.4288,0.856986
2,11.429,0.854591
2,11.4293,0.8522
2,11.4295,0.849812
2,11.4297,0.847428
2,11.43,0.845048
2,11.4302,0.842672
2,11.4305,0.8403
2,11.4307,0.837931
2,11.431,0.835567
2,11.4313,0.833207
2,11.4316,0.830851
2,11.4319,0.8285
2,11.4322,0.826152
2,11.4325,0.823809
2,11.4328,0.821471
2,11.4332,0.819137
2,11.4335,0.816807
2,11.4339,0.814482
2,11.4342,0.812162
2,11.4346,0.809846
2,11.435,0.807535
2,11.4354,0.805229
2,11.4358,0.802928
2,11.4362,0.800631
2,11.4366,0.79834
2,11.437,0.796054
2,11.4375,0.793773
2,11.4379,0.791497
2,11.4384,0.789226
2,11.4389,0.78696
2,11.4393,0.7847
2,11.4398,0.782445
2,11.4403,0.780196
2,11.4408,0.777952
2,11.4414,0.775714
2,11.4419,0.773481
2,11.4425,0.771254
2,11.443,0.769033
2,11.4436,0.766818
2,11.4442,0.764608
2,11.4448,0.762404
2,11.4454,0.760206
2,11.446,0.758014
2,11.4466,0.755829
2,11.4473,0.753649
2,11.4479,0.751476
2,11.4486,0.749308
2,11.4493,0.747147
2,11.45,0.744993
2,11.4507,0.742844
2,11.4514,0.740702
2,11.4521,0.738567
2,11.4529,0.736438
2,11.4536,0.734316
2,11.4544,0.7322
2,11.4552,0.730092
2,11.456,0.727989
3,3,1
3,3.01251,1.0025
3,3.02501,1.005
3,3.03752,1.0075
3,3.05002,1.01
3,3.06253,1.0125
3,3.07503,1.01501
3,3.08753,1.01751
3,3.10003,1.02
3,3.11253,1.0225
3,3.12503,1.025
3,3.13753,1.0275
3,3.15002,1.03
3,3.16251,1.03249
3,3.175,1.03499
3,3.18749,1.03748
3,3.19997,1.03998
3,3.21245,1.04247
3,3.22493,1.04496
3,3.2374,1.04745
3,3.24987,1.04994
3,3.26234,1.05243
3,3.2748,1.05492
3,3.28726,1.0574
3,3.29972,1.05989
3,3.31217,1.06237
3,3.32461,1.06485
3,3.33705,1.06733
3,3.34949,1.06981
3,3.36192,1.07228
3,3.37434,1.07476
3,3.38676,1.07723
3,3.39918,1.0797
3,3.41158,1.08217
3,3.42398,1.08463
3,3.43638,1.0871
3,3.44877,1.08956
3,3.46115,1.09202
3,3.47352,1.09448
3,3.48589,1.09693
3,3.49825,1.09938
3,3.5106,1.10183
3,3.52295,1.10428
3,3.53529,1.10673
3,3.54762,1.10917
3,3.55994,1.11161
3,3.57225,1.11404
3,3.58455,1.11648
3,3.59685,1.11891
3,3.60914,1.12134
3,3.62141,1.12376
3,3.63368,1.12618
3,3.64594,1.1286
3,3.65819,1.13102
3,3.67043,1.13343
3,3.68266,1.13584
3,3.69488,1.13825
3,3.70708,1.14065
3,3.71928,1.14305
3,3.73147,1.14544
3,3.74365,1.14783
3,3.75581,1.15022
3,3.76796,1.1526
3,3.78011,1.15498
3,3.79224,1.15736
3,3.80436,1.15973
3,3.81646,1.1621
3,3.82856,1.16446
3,3.84064,1.16682
3,3.85271,1.16918
3,3.86477,1.17153
3,3.87681,1.17388
3,3.88884,1.17622
3,3.90086,1.17856
3,3.91287,1.18089
3,3.92486,1.18322
3,3.93684,1.18555
3,3.9488,1.18787
3,3.96075,1.19018
3,3.97268,1.1925
3,3.9846,1.1948
3,3.99651,1.1971
3,4.0084,1.1994
3,4.02028,1.20169
3,4.03214,1.20398
3,4.04398,1.20626
3,4.05581,1.20853
3,4.06763,1.2108
3,4.07943,1.21307
3,4.09121,1.21533
3,4.10298,1.21758
3,4.11473,1.21983
3,4.12646,1.22208
3,4.13818,1.22432
3,4.14988,1.22655
3,4.16156,1.22877
3,4.17323,1.231
3,4.18488,1.23321
3,4.19651,1.23542
3,4.20812,1.23762
3,4.21972,1.23982
3,4.2313,1.24201
3,4.24285,1.2442
3,4.2544,1.24638
3,4.26592,1.24855
3,4.27742,1.25072
3,4.28891,1.25288
3,4.30037,1.25504
3,4.31182,1.25718
3,4.32325,1.25933
3,4.33466,1.26146
3,4.34605,1.26359
3,4.35742,1.26571
3,4.36876,1.26783
3,4.38009,1.26994
3,4.3914,1.27204
3,4.40269,1.27413
3,4.41396,1.27622
3,4.4252,1.2783
3,4.43643,1.28038
3,4.44764,1.28245
3,4.45882,1.28451
3,4.46998,1.28656
3,4.48112,1.2886
3,4.49224,1.29064
3,4.50334,1.29268
3,4.51441,1.2947
3,4.52547,1.29672
3,4.5365,1.29873
3,4.54751,1.30073
3,4.55849,1.30272
3,4.56946,1.30471
3,4.5804,1.30669
3,4.59131,1.30866
3,4.60221,1.31062
3,4.61308,1.31258
3,4.62393,1.31453
3,4.63475,1.31647
3,4.64555,1.3184
3,4.65633,1.32033
3,4.66708,1.32224
3,4.67781,1.32415
3,4.68851,1.32605
3,4.69919,1.32794
3,4.70984,1.32983
3,4.72047,1.3317
3,4.73108,1.33357
3,4.74166,1.33543
3,4.75221,1.33728
3,4.76274,1.33912
3,4.77325,1.34096
3,4.78372,1.34278
3,4.79418,1.3446
3,4.8046,1.34641
3,4.815,1.34821
3,4.82538,1.35
3,4.83573,1.35178
3,4.84605,1.35355
3,4.85634,1.35532
3,4.86661,1.35707
3,4.87685,1.35882
3,4.88707,1.36055
3,4.89725,1.36228
3,4.90742,1.364
3,4.91755,1.36571
3,4.92765,1.36741
3,4.93773,1.36911
3,4.94778,1.37079
3,4.95781,1.37246
3,4.9678,1.37413
3,4.97777,1.37578
3,4.9877,1.37743
3,4.99761,1.37906
3,5.0075,1.38069
3,5.01735,1.3823
3,5.02717,1.38391
3,5.03697,1.38551
3,5.04674,1.3871
3,5.05647,1.38868
3,5.06618,1.39024
3,5.07586,1.3918
3,5.08551,1.39335
3,5.09513,1.39489
3,5.10472,1.39642
3,5.11428,1.39794
3,5.12381,1.39945
3,5.13331,1.40095
3,5.14278,1.40244
3,5.15222,1.40392
3,5.16163,1.40539
3,5.17101,1.40685
3,5.18036,1.40829
3,5.18968,1.40973
3,5.19897,1.41116
3,5.20823,1.41258
3,5.21745,1.41399
3,5.22665,1.41539
3,5.23581,1.41677
3,5.24494,1.41815
3,5.25404,1.41951
3,5.26311,1.42087
3,5.27215,1.42222
3,5.28116,1.42355
3,5.29013,1.42487
3,5.29907,1.42619
3,5.30798,1.42749
3,5.31686,1.42878
3,5.32571,1.43006
3,5.33452,1.43133
3,5.3433,1.43259
3,5.35205,1.43384
3,5.36077,1.43508
3,5.36945,1.43631
3,5.3781,1.43752
3,5.38672,1.43873
3,5.39531,1.43992
3,5.40386,1.44111
3,5.41238,1.44228
3,5.42086,1.44344
3,5.42932,1.44459
3,5.43774,1.44573
3,5.44612,1.44686
3,5.45447,1.44797
3,5.46279,1.44908
3,5.47108,1.45017
3,5.47933,1.45126
3,5.48755,1.45233
3,5.49573,1.45339
3,5.50388,1.45444
3,5.51199,1.45547
3,5.52007,1.4565
3,5.52812,1.45751
3,5.53613,1.45852
3,5.54411,1.45951
3,5.55205,1.46049
3,5.55996,1.46146
3,5.56784,1.46242
3,5.57568,1.46336
3,5.58348,1.4643
3,5.59125,1.46522
3,5.59898,1.46613
3,5.60668,1.46703
3,5.61435,1.46791
3,5.62198,1.46879
3,5.62957,1.46965
3,5.63713,1.47051
3,5.64466,1.47135
3,5.65215,1.47218
3,5.6596,1.47299
3,5.66702,1.4738
3,5.6744,1.47459
3,5.68174,1.47537
3,5.68905,1.47614
3,5.69633,1.4769
3,5.70357,1.47764
3,5.71077,1.47838
3,5.71794,1.4791
3,5.72507,1.47981
3,5.73217,1.48051
3,5.73923,1.48119
3,5.74625,1.48187
3,5.75324,1.48253
3,5.76019,1.48318
3,5.7671,1.48381
3,5.77398,1.48444
3,5.78082,1.48505
3,5.78763,1.48565
3,5.79439,1.48624
3,5.80113,1.48682
3,5.80782,1.48738
3,5.81448,1.48794
3,5.8211,1.48848
3,5.82769,1.489
3,5.83424,1.48952
3,5.84075,1.49002
3,5.84723,1.49051
3,5.85367,1.49099
3,5.86007,1.49146
3,5.86643,1.49191
3,5.87276,1.49235
3,5.87905,1.49278
3,5.88531,1.4932
3,5.89152,1.49361
3,5.8977,1.494
3,5.90385,1.49438
3,5.90995,1.49475
3,5.91602,1.4951
3,5.92205,1.49545
3,5.92805,1.49578
3,5.93401,1.49609
3,5.93993,1.4964
3,5.94581,1.49669
3,5.95165,1.49697
3,5.95746,1.49724
3,5.96323,1.4975
3,5.96897,1.49774
3,5.97466,1.49797
3,5.98032,1.49819
3,5.98594,1.4984
3,5.99153,1.49859
3,5.99707,1.49877
3,6.00258,1.49894
3,6.00805,1.4991
3,6.01349,1.49924
3,6.01888,1.49937
3,6.02424,1.49949
3,6.02956,1.4996
3,6.03485,1.49969
3,6.04009,1.49977
3,6.0453,1.49984
3,6.05047,1.4999
3,6.05561,1.49994
3,6.06071,1.49997
3,6.06576,1.49999
3,6.07079,1.5
3,6.07577,1.49999
3,6.08072,1.49998
3,6.08562,1.49994
3,6.0905,1.4999
3,6.09533,1.49984
3,6.10013,1.49977
3,6.10488,1.49969
3,6.10961,1.4996
3,6.11429,1.49949
3,6.11893,1.49937
3,6.12354,1.49924
3,6.12811,1.4991
3,6.13265,1.49894
3,6.13714,1.49877
3,6.1416,1.49859
3,6.14602,1.4984
3,6.15041,1.49819
3,6.15475,1.49797
3,6.15906,1.49774
3,6.16334,1.4975
3,6.16757,1.49724
3,6.17177,1.49698
3,6.17593,1.49669
3,6.18005,1.4964
3,6.18413,1.4961
3,6.18818,1.49578
3,6.19219,1.49545
3,6.19617,1.4951
3,6.2001,1.49475
3,6.204,1.49438
3,6.20786,1.494
3,6.21169,1.49361
3,6.21548,1.4932
3,6.21923,1.49279
3,6.22294,1.49236
3,6.22662,1.49191
3,6.23026,1.49146
3,6.23386,1.49099
3,6.23743,1.49052
3,6.24096,1.49002
3,6.24445,1.48952
3,6.24791,1.48901
3,6.25133,1.48848
3,6.25471,1.48794
3,6.25806,1.48739
3,6.26136,1.48682
3,6.26464,1.48624
3,6.26787,1.48566
3,6.27107,1.48506
3,6.27424,1.48444
3,6.27736,1.48382
3,6.28045,1.48318
3,6.28351,1.48253
3,6.28653,1.48187
3,6.28951,1.4812
3,6.29246,1.48051
3,6.29536,1.47981
3,6.29824,1.4791
3,6.30108,1.47838
3,6.30388,1.47765
3,6.30664,1.4769
3,6.30937,1.47614
3,6.31207,1.47538
3,6.31473,1.47459
3,6.31735,1.4738
3,6.31994,1.473
3,6.32249,1.47218
3,6.32501,1.47135
3,6.32749,1.47051
3,6.32994,1.46966
3,6.33235,1.46879
3,6.33472,1.46792
3,6.33706,1.46703
3,6.33937,1.46613
3,6.34164,1.46522
3,6.34387,1.4643
3,6.34607,1.46337
3,6.34824,1.46242
3,6.35037,1.46146
3,6.35247,1.46049
3,6.35453,1.45951
3,6.35656,1.45852
3,6.35855,1.45752
3,6.36051,1.4565
3,6.36243,1.45548
3,6.36432,1.45444
3,6.36618,1.45339
3,6.368,1.45233
3,6.36979,1.45126
3,6.37154,1.45018
3,6.37326,1.44908
3,6.37495,1.44798
3,6.3766,1.44686
3,6.37822,1.44573
3,6.37981,1.44459
3,6.38136,1.44344
3,6.38288,1.44228
3,6.38436,1.44111
3,6.38582,1.43993
3,6.38724,1.43873
3,6.38862,1.43753
3,6.38998,1.43631
3,6.3913,1.43509
3,6.39259,1.43385
3,6.39384,1.4326
3,6.39507,1.43134
3,6.39626,1.43007
3,6.39742,1.42879
3,6.39855,1.4275
3,6.39964,1.42619
3,6.4007,1.42488
3,6.40173,1.42356
3,6.40273,1.42222
3,6.4037,1.42088
3,6.40464,1.41952
3,6.40554,1.41815
3,6.40641,1.41678
3,6.40725,1.41539
3,6.40806,1.41399
3,6.40884,1.41259
3,6.40959,1.41117
3,6.41031,1.40974
3,6.411,1.4083
3,6.41165,1.40685
3,6.41228,1.40539
3,6.41287,1.40392
3,6.41344,1.40244
3,6.41397,1.40096
3,6.41448,1.39946
3,6.41495,1.39795
3,6.4154,1.39643
3,6.41581,1.3949
3,6.4162,1.39336
3,6.41655,1.39181
3,6.41688,1.39025
3,6.41717,1.38868
3,6.41744,1.3871
3,6.41768,1.38552
3,6.41789,1.38392
3,6.41807,1.38231
3,6.41822,1.3807
3,6.41835,1.37907
3,6.41844,1.37743
3,6.41851,1.37579
3,6.41855,1.37413
3,6.41856,1.37247
3,6.41854,1.3708
3,6.41849,1.36911
3,6.41842,1.36742
3,6.41832,1.36572
3,6.41819,1.36401
3,6.41804,1.36229
3,6.41786,1.36056
3,6.41765,1.35883
3,6.41741,1.35708
3,6.41715,1.35532
3,6.41686,1.35356
3,6.41654,1.35179
3,6.4162,1.35
3,6.41583,1.34821
3,6.41543,1.34641
3,6.41501,1.34461
3,6.41456,1.34279
3,6.41409,1.34096
3,6.41359,1.33913
3,6.41307,1.33729
3,6.41252,1.33544
3,6.41194,1.33358
3,6.41134,1.33171
3,6.41072,1.32984
3,6.41007,1.32795
3,6.4094,1.32606
3,6.4087,1.32416
3,6.40797,1.32225
3,6.40723,1.32033
3,6.40646,1.31841
3,6.40566,1.31648
3,6.40484,1.31454
3,6.404,1.31259
3,6.40313,1.31063
3,6.40225,1.30867
3,6.40133,1.3067
3,6.4004,1.30472
3,6.39944,1.30273
3,6.39846,1.30074
3,6.39746,1.29873
3,6.39643,1.29673
3,6.39538,1.29471
3,6.39431,1.29268
3,6.39322,1.29065
3,6.3921,1.28861
3,6.39097,1.28657
3,6.38981,1.28451
3,6.38863,1.28245
3,6.38743,1.28039
3,6.38621,1.27831
3,6.38497,1.27623
3,6.38371,1.27414
3,6.38242,1.27205
3,6.38112,1.26995
3,6.3798,1.26784
3,6.37845,1.26572
3,6.37709,1.2636
3,6.37571,1.26147
3,6.3743,1.25933
3,6.37288,1.25719
3,6.37144,1.25505
3,6.36998,1.25289
3,6.3685,1.25073
3,6.367,1.24856
3,6.36548,1.24639
3,6.36394,1.24421
3,6.36239,1.24202
3,6.36082,1.23983
3,6.35923,1.23763
3,6.35762,1.23543
3,6.35599,1.23322
3,6.35435,1.23101
3,6.35269,1.22878
3,6.35101,1.22656
3,6.34931,1.22433
3,6.3476,1.22209
3,6.34587,1.21984
3,6.34413,1.21759
3,6.34237,1.21534
3,6.34059,1.21308
3,6.33879,1.21081
3,6.33698,1.20854
3,6.33516,1.20627
3,6.33332,1.20399
3,6.33146,1.2017
3,6.32959,1.19941
3,6.32771,1.19711
3,6.3258,1.19481
3,6.32389,1.19251
3,6.32196,1.19019
3,6.32002,1.18788
3,6.31806,1.18556
3,6.31608,1.18323
3,6.3141,1.1809
3,6.3121,1.17857
3,6.31009,1.17623
3,6.30806,1.17389
3,6.30602,1.17154
3,6.30397,1.16919
3,6.3019,1.16683
3,6.29983,1.16447
3,6.29774,1.16211
3,6.29563,1.15974
3,6.29352,1.15737
3,6.29139,1.15499
3,6.28926,1.15261
3,6.28711,1.15023
3,6.28495,1.14784
3,6.28278,1.14545
3,6.28059,1.14306
3,6.2784,1.14066
3,6.2762,1.13826
3,6.27398,1.13585
3,6.27176,1.13344
3,6.26953,1.13103
3,6.26728,1.12861
3,6.26503,1.1262
3,6.26277,1.12377
3,6.26049,1.12135
3,6.25821,1.11892
3,6.25592,1.11649
3,6.25362,1.11406
3,6.25131,1.11162
3,6.249,1.10918
3,6.24667,1.10674
3,6.24434,1.10429
3,6.242,1.10184
3,6.23965,1.09939
3,6.2373,1.09694
3,6.23494,1.09449
3,6.23257,1.09203
3,6.23019,1.08957
3,6.22781,1.08711
3,6.22542,1.08464
3,6.22302,1.08218
3,6.22062,1.07971
3,6.21821,1.07724
3,6.2158,1.07477
3,6.21338,1.07229
3,6.21095,1.06982
3,6.20852,1.06734
3,6.20609,1.06486
3,6.20365,1.06238
3,6.2012,1.0599
3,6.19875,1.05741
3,6.1963,1.05493
3,6.19384,1.05244
3,6.19138,1.04995
3,6.18891,1.04746
3,6.18644,1.04497
3,6.18397,1.04248
3,6.1815,1.03999
3,6.17902,1.03749
3,6.17654,1.035
3,6.17405,1.0325
3,6.17156,1.03001
3,6.16908,1.02751
3,6.16658,1.02501
3,6.16409,1.02251
3,6.1616,1.02002
3,6.1591,1.01752
3,6.1566,1.01502
3,6.15411,1.01252
3,6.15161,1.01002
3,6.14911,1.00751
3,6.14661,1.00501
3,6.1441,1.00251
3,6.1416,1.00001
3,6.1391,0.99751
3,6.1366,0.995009
3,6.1341,0.992507
3,6.1316,0.990007
3,6.1291,0.987506
3,6.1266,0.985006
3,6.12411,0.982506
3,6.12161,0.980006
3,6.11912,0.977507
3,6.11662,0.975009
3,6.11413,0.972511
3,6.11164,0.970014
3,6.10916,0.967518
3,6.10667,0.965022
3,6.10419,0.962527
3,6.10171,0.960034
3,6.09924,0.957541
3,6.09676,0.955049
3,6.09429,0.952559
3,6.09183,0.950069
3,6.08937,0.947581
3,6.08691,0.945094
3,6.08446,0.942609
3,6.08201,0.940125
3,6.07956,0.937642
3,6.07712,0.935162
3,6.07468,0.932682
3,6.07225,0.930205
3,6.06983,0.927729
3,6.06741,0.925255
3,6.065,0.922782
3,6.06259,0.920312
3,6.06019,0.917844
3,6.05779,0.915378
3,6.0554,0.912914
3,6.05302,0.910452
3,6.05064,0.907992
3,6.04827,0.905535
3,6.04591,0.90308
3,6.04355,0.900627
3,6.0412,0.898177
3,6.03886,0.895729
3,6.03653,0.893284
3,6.03421,0.890842
3,6.03189,0.888403
3,6.02958,0.885966
3,6.02728,0.883532
3,6.02499,0.881101
3,6.02271,0.878673
3,6.02044,0.876248
3,6.01818,0.873826
3,6.01592,0.871407
3,6.01368,0.868992
3,6.01145,0.86658
3,6.00922,0.864171
3,6.00701,0.861765
3,6.0048,0.859363
3,6.00261,0.856965
3,6.00043,0.85457
3,5.99826,0.852179
3,5.9961,0.849791
3,5.99395,0.847407
3,5.99181,0.845027
3,5.98968,0.842651
3,5.98757,0.840279
3,5.98547,0.837911
3,5.98338,0.835547
3,5.9813,0.833187
3,5.97924,0.830831
3,5.97718,0.828479
3,5.97514,0.826132
3,5.97312,0.823789
3,5.9711,0.82145
3,5.9691,0.819116
3,5.96712,0.816787
3,5.96515,0.814462
3,5.96319,0.812141
3,5.96124,0.809826
3,5.95931,0.807515
3,5.9574,0.805209
3,5.9555,0.802908
3,5.95361,0.800611
3,5.95174,0.79832
3,5.94988,0.796034
3,5.94804,0.793753
3,5.94622,0.791477
3,5.94441,0.789206
3,5.94261,0.786941
3,5.94083,0.78468
3,5.93907,0.782426
3,5.93733,0.780176
3,5.9356,0.777933
3,5.93389,0.775694
3,5.93219,0.773462
3,5.93051,0.771235
3,5.92885,0.769014
3,5.92721,0.766798
3,5.92558,0.764589
3,5.92397,0.762385
3,5.92238,0.760187
3,5.92081,0.757995
3,5.91925,0.75581
3,5.91772,0.75363
3,5.9162,0.751457
3,5.9147,0.749289
3,5.91322,0.747128
3,5.91176,0.744974
3,5.91032,0.742826
3,5.90889,0.740684
3,5.90749,0.738548
3,5.90611,0.73642
3,5.90474,0.734297
3,5.9034,0.732182
3,5.90208,0.730073
3,5.90077,0.727971
3,5.89949,0.725876
3,5.89823,0.723787
3,5.89698,0.721706
3,5.89576,0.719631
3,5.89456,0.717564
3,5.89338,0.715504
3,5.89223,0.71345
3,5.89109,0.711404
3,5.88998,0.709365
3,5.88888,0.707333
3,5.88781,0.705309
3,5.88677,0.703292
3,5.88574,0.701283
3,5.88474,0.699281
3,5.88375,0.697286
3,5.8828,0.695299
3,5.88186,0.69332
3,5.88095,0.691348
3,5.88006,0.689384
3,5.87919,0.687428
3,5.87835,0.68548
3,5.87753,0.683539
3,5.87674,0.681607
3,5.87596,0.679682
3,5.87522,0.677766
3,5.87449,0.675857
3,5.8738,0.673957
3,5.87312,0.672065
3,5.87247,0.670181
3,5.87185,0.668305
3,5.87125,0.666437
3,5.87067,0.664578
3,5.87012,0.662727
3,5.8696,0.660885
3,5.8691,0.659051
3,5.86863,0.657226
3,5.86818,0.655409
3,5.86776,0.653601
3,5.86736,0.651802
3,5.86699,0.650011
3,5.86665,0.648229
3,5.86633,0.646456
3,5.86604,0.644692
3,5.86578,0.642937
3,5.86554,0.64119
3,5.86533,0.639453
3,5.86515,0.637724
3,5.86499,0.636005
3,5.86486,0.634295
3,5.86476,0.632594
3,5.86469,0.630902
3,5.86465,0.629219
3,5.86463,0.627546
3,5.86464,0.625881
3,5.86468,0.624227
3,5.86474,0.622581
3,5.86484,0.620946
3,5.86496,0.619319
3,5.86511,0.617702
3,5.86529,0.616095
3,5.8655,0.614497
3,5.86574,0.612909
3,5.86601,0.611331
3,5.86631,0.609762
3,5.86663,0.608203
3,5.86699,0.606654
3,5.86737,0.605115
3,5.86779,0.603586
3,5.86823,0.602066
3,5.8687,0.600557
3,5.86921,0.599058
3,5.86974,0.597568
3,5.87031,0.596089
3,5.8709,0.59462
3,5.87153,0.59316
3,5.87218,0.591712
3,5.87287,0.590273
3,5.87359,0.588844
3,5.87433,0.587426
3,5.87511,0.586018
3,5.87592,0.584621
3,5.87677,0.583234
3,5.87764,0.581857
3,5.87854,0.580491
3,5.87948,0.579135
3,5.88044,0.57779
3,5.88144,0.576456
3,5.88247,0.575132
3,5.88354,0.573818
3,5.88463,0.572516
3,5.88576,0.571224
3,5.88692,0.569942
3,5.88811,0.568672
3,5.88933,0.567412
3,5.89059,0.566163
3,5.89187,0.564925
3,5.8932,0.563698
3,5.89455,0.562482
3,5.89594,0.561277
3,5.89736,0.560082
3,5.89881,0.558899
3,5.90029,0.557727
3,5.90181,0.556566
3,5.90337,0.555415
3,5.90495,0.554277
3,5.90657,0.553149
3,5.90822,0.552032
3,5.90991,0.550927
3,5.91163,0.549833
3,5.91338,0.54875
3,5.91517,0.547678
3,5.91699,0.546618
3,5.91885,0.545569
3,5.92074,0.544531
3,5.92266,0.543505
3,5.92462,0.54249
3,5.92661,0.541487
3,5.92864,0.540495
3,5.9307,0.539515
3,5.9328,0.538546
3,5.93493,0.537589
3,5.93709,0.536643
3,5.93929,0.535709
3,5.94153,0.534787
3,5.9438,0.533876
3,5.9461,0.532977
3,5.94844,0.532089
3,5.95082,0.531213
3,5.95323,0.530349
3,5.95567,0.529497
3,5.95816,0.528657
3,5.96067,0.527828
3,5.96322,0.527011
3,5.96581,0.526206
3,5.96843,0.525413
3,5.97109,0.524631
3,5.97379,0.523862
3,5.97652,0.523104
3,5.97928,0.522359
3,5.98208,0.521625
3,5.98492,0.520904
3,5.9878,0.520194
3,5.9907,0.519496
3,5.99365,0.518811
3,5.99663,0.518137
3,5.99965,0.517475
3,6.0027,0.516826
3,6.00579,0.516189
3,6.00892,0.515563
3,6.01208,0.51495
3,6.01528,0.514349
3,6.01852,0.51376
3,6.02179,0.513184
3,6.0251,0.512619
3,6.02845,0.512067
3,6.03183,0.511527
3,6.03525,0.510999
3,6.0387,0.510483
3,6.0422,0.50998
3,6.04573,0.509489
3,6.04929,0.50901
3,6.05289,0.508543
3,6.05653,0.508089
3,6.06021,0.507647
3,6.06392,0.507218
3,6.06767,0.5068
3,6.07146,0.506395
3,6.07529,0.506003
3,6.07915,0.505623
3,6.08305,0.505255
3,6.08698,0.504899
3,6.09096,0.504556
3,6.09497,0.504225
3,6.09901,0.503907
3,6.1031,0.503601
3,6.10722,0.503308
3,6.11138,0.503027
3,6.11558,0.502758
3,6.11981,0.502502
3,6.12408,0.502258
3,6.12839,0.502027
3,6.13274,0.501808
3,6.13712,0.501602
3,6.14154,0.501408
3,6.146,0.501227
3,6.1505,0.501058
3,6.15503,0.500902
3,6.1596,0.500758
3,6.16421,0.500626
3,6.16886,0.500507
3,6.17354,0.500401
3,6.17826,0.500307
3,6.18302,0.500226
3,6.18781,0.500157
3,6.19265,0.5001
3,6.19752,0.500057
3,6.20243,0.500025
3,6.20737,0.500006
3,6.21236,0.5
3,6.21738,0.500006
3,6.22244,0.500025
3,6.22753,0.500056
3,6.23267,0.5001
3,6.23784,0.500156
3,6.24305,0.500225
3,6.24829,0.500306
3,6.25358,0.5004
3,6.2589,0.500506
3,6.26426,0.500625
3,6.26965,0.500756
3,6.27509,0.5009
3,6.28056,0.501056
3,6.28606,0.501225
3,6.29161,0.501406
3,6.29719,0.501599
3,6.30282,0.501806
3,6.30847,0.502024
3,6.31417,0.502255
3,6.3199,0.502499
3,6.32567,0.502755
3,6.33148,0.503023
3,6.33733,0.503304
3,6.34321,0.503597
3,6.34913,0.503903
3,6.35508,0.504221
3,6.36108,0.504552
3,6.36711,0.504895
3,6.37318,0.50525
3,6.37928,0.505618
3,6.38543,0.505998
3,6.39161,0.50639
3,6.39782,0.506795
3,6.40408,0.507212
3,6.41037,0.507641
3,6.4167,0.508083
3,6.42306,0.508537
3,6.42946,0.509004
3,6.4359,0.509482
3,6.44238,0.509973
3,6.44889,0.510477
3,6.45544,0.510992
3,6.46202,0.51152
3,6.46865,0.51206
3,6.4753,0.512612
3,6.482,0.513176
3,6.48873,0.513753
3,6.4955,0.514341
3,6.50231,0.514942
3,6.50915,0.515555
3,6.51602,0.51618
3,6.52294,0.516818
3,6.52989,0.517467
3,6.53688,0.518128
3,6.5439,0.518802
3,6.55096,0.519487
3,6.55805,0.520185
3,6.56518,0.520894
3,6.57235,0.521616
3,6.57955,0.522349
3,6.58679,0.523095
3,6.59407,0.523852
3,6.60138,0.524621
3,6.60872,0.525402
3,6.6161,0.526195
3,6.62352,0.527
3,6.63097,0.527817
3,6.63846,0.528646
3,6.64599,0.529486
3,6.65355,0.530338
3,6.66114,0.531202
3,6.66877,0.532078
3,6.67643,0.532965
3,6.68413,0.533864
3,6.69187,0.534775
3,6.69964,0.535697
3,6.70744,0.536631
3,6.71528,0.537576
3,6.72315,0.538533
3,6.73106,0.539502
3,6.73901,0.540482
3,6.74698,0.541474
3,6.755,0.542477
3,6.76304,0.543492
3,6.77112,0.544518
3,6.77924,0.545555
3,6.78739,0.546604
3,6.79557,0.547664
3,6.80379,0.548736
3,6.81204,0.549818
3,6.82032,0.550912
3,6.82864,0.552018
3,6.83699,0.553134
3,6.84538,0.554262
3,6.8538,0.5554
3,6.86225,0.55655
3,6.87073,0.557711
3,6.87925,0.558884
3,6.8878,0.560067
3,6.89639,0.561261
3,6.90501,0.562466
3,6.91366,0.563682
3,6.92234,0.564909
3,6.93106,0.566147
3,6.93981,0.567396
3,6.94859,0.568655
3,6.9574,0.569926
3,6.96625,0.571207
3,6.97512,0.572499
3,6.98403,0.573801
3,6.99298,0.575114
3,7.00195,0.576438
3,7.01096,0.577773
3,7.01999,0.579118
3,7.02906,0.580473
3,7.03816,0.581839
3,7.0473,0.583216
3,7.05646,0.584603
3,7.06565,0.586
3,7.07488,0.587408
3,7.08414,0.588826
3,7.09342,0.590254
3,7.10274,0.591693
3,7.11209,0.593141
3,7.12147,0.5946
3,7.13088,0.596069
3,7.14032,0.597549
3,7.14979,0.599038
3,7.15929,0.600537
3,7.16882,0.602047
3,7.17838,0.603566
3,7.18797,0.605095
3,7.19759,0.606634
3,7.20724,0.608183
3,7.21692,0.609742
3,7.22663,0.61131
3,7.23636,0.612889
3,7.24613,0.614476
3,7.25593,0.616074
3,7.26575,0.617681
3,7.2756,0.619298
3,7.28548,0.620924
3,7.29539,0.62256
3,7.30533,0.624205
3,7.3153,0.62586
3,7.32529,0.627524
3,7.33531,0.629197
3,7.34536,0.630879
3,7.35544,0.632571
3,7.36555,0.634272
3,7.37568,0.635982
3,7.38584,0.637702
3,7.39603,0.63943
3,7.40624,0.641167
3,7.41648,0.642914
3,7.42675,0.644669
3,7.43705,0.646433
3,7.44737,0.648206
3,7.45772,0.649988
3,7.46809,0.651778
3,7.47849,0.653578
3,7.48892,0.655386
3,7.49937,0.657202
3,7.50985,0.659027
3,7.52035,0.660861
3,7.53088,0.662703
3,7.54144,0.664554
3,7.55201,0.666413
3,7.56262,0.66828
3,7.57325,0.670156
3,7.5839,0.67204
3,7.59458,0.673932
3,7.60529,0.675832
3,7.61601,0.677741
3,7.62676,0.679657
3,7.63754,0.681581
3,7.64834,0.683514
3,7.65916,0.685454
3,7.67001,0.687402
3,7.68088,0.689359
3,7.69178,0.691322
3,7.70269,0.693294
3,7.71363,0.695273
3,7.7246,0.69726
3,7.73558,0.699254
3,7.74659,0.701256
3,7.75762,0.703266
3,7.76867,0.705283
3,7.77975,0.707307
3,7.79085,0.709338
3,7.80197,0.711377
3,7.81311,0.713423
3,7.82427,0.715477
3,7.83545,0.717537
3,7.84666,0.719604
3,7.85788,0.721679
3,7.86913,0.72376
3,7.8804,0.725848
3,7.89168,0.727944
3,7.90299,0.730046
3,7.91432,0.732154
3,7.92567,0.73427
3,7.93704,0.736392
3,7.94843,0.73852
3,7.95984,0.740656
3,7.97126,0.742797
3,7.98271,0.744946
3,7.99418,0.7471
3,8.00566,0.749261
3,8.01717,0.751428
3,8.02869,0.753601
3,8.04023,0.755781
3,8.05179,0.757967
3,8.06337,0.760158
3,8.07496,0.762356
3,8.08658,0.76456
3,8.09821,0.766769
3,8.10986,0.768985
3,8.12152,0.771206
3,8.1332,0.773433
3,8.1449,0.775665
3,8.15662,0.777903
3,8.16835,0.780147
3,8.18011,0.782396
3,8.19187,0.784651
3,8.20365,0.786911
3,8.21545,0.789176
3,8.22727,0.791447
3,8.2391,0.793723
3,8.25094,0.796004
3,8.2628,0.79829
3,8.27468,0.800581
3,8.28657,0.802877
3,8.29848,0.805179
3,8.3104,0.807485
3,8.32233,0.809795
3,8.33428,0.812111
3,8.34625,0.814431
3,8.35822,0.816756
3,8.37021,0.819086
3,8.38222,0.82142
3,8.39424,0.823758
3,8.40627,0.826101
3,8.41831,0.828448
3,8.43037,0.8308
3,8.44244,0.833156
3,8.45452,0.835516
3,8.46662,0.83788
3,8.47872,0.840248
3,8.49084,0.84262
3,8.50297,0.844996
3,8.51511,0.847376
3,8.52727,0.84976
3,8.53943,0.852147
3,8.55161,0.854539
3,8.5638,0.856933
3,8.57599,0.859332
3,8.5882,0.861734
3,8.60042,0.864139
3,8.61265,0.866548
3,8.62489,0.86896
3,8.63714,0.871376
3,8.6494,0.873794
3,8.66167,0.876216
3,8.67394,0.878641
3,8.68623,0.881069
3,8.69852,0.8835
3,8.71083,0.885934
3,8.72314,0.888371
3,8.73546,0.89081
3,8.74779,0.893252
3,8.76013,0.895697
3,8.77247,0.898145
3,8.78483,0.900595
3,8.79719,0.903047
3,8.80955,0.905502
3,8.82193,0.90796
3,8.83431,0.910419
3,8.8467,0.912881
3,8.85909,0.915345
3,8.87149,0.917812
3,8.8839,0.92028
3,8.89631,0.92275
3,8.90873,0.925222
3,8.92116,0.927696
3,8.93359,0.930172
3,8.94602,0.93265
3,8.95846,0.935129
3,8.97091,0.93761
3,8.98336,0.940092
3,8.99581,0.942576
3,9.00827,0.945062
3,9.02073,0.947549
3,9.0332,0.950037
3,9.04567,0.952526
3,9.05815,0.955017
3,9.07062,0.957508
3,9.0831,0.960001
3,9.09559,0.962495
3,9.10807,0.964989
3,9.12056,0.967485
3,9.13306,0.969981
3,9.14555,0.972478
3,9.15804,0.974976
3,9.17054,0.977475
3,9.18304,0.979973
3,9.19554,0.982473
3,9.20805,0.984973
3,9.22055,0.987473
3,9.23305,0.989974
3,9.24556,0.992475
3,9.25806,0.994976
3,9.27057,0.997477
3,9.28308,0.999978
3,9.29558,1.00248
3,9.30809,1.00498
3,9.32059,1.00748
3,9.3331,1.00998
3,9.3456,1.01248
3,9.35811,1.01498
3,9.37061,1.01748
3,9.38311,1.01998
3,9.39561,1.02248
3,9.40811,1.02498
3,9.4206,1.02748
3,9.4331,1.02998
3,9.44559,1.03247
3,9.45808,1.03497
3,9.47056,1.03746
3,9.48305,1.03996
3,9.49553,1.04245
3,9.50801,1.04494
3,9.52048,1.04743
3,9.53295,1.04992
3,9.54542,1.05241
3,9.55788,1.05489
3,9.57034,1.05738
3,9.58279,1.05986
3,9.59524,1.06235
3,9.60769,1.06483
3,9.62013,1.06731
3,9.63257,1.06978
3,9.645,1.07226
3,9.65742,1.07473
3,9.66984,1.07721
3,9.68225,1.07968
3,9.69466,1.08215
3,9.70706,1.08461
3,9.71946,1.08708
3,9.73184,1.08954
3,9.74423,1.092
3,9.7566,1.09445
3,9.76897,1.09691
3,9.78133,1.09936
3,9.79368,1.10181
3,9.80603,1.10426
3,9.81836,1.1067
3,9.83069,1.10915
3,9.84301,1.11159
3,9.85533,1.11402
3,9.86763,1.11646
3,9.87993,1.11889
3,9.89221,1.12132
3,9.90449,1.12374
3,9.91676,1.12616
3,9.92902,1.12858
3,9.94127,1.131
3,9.95351,1.13341
3,9.96574,1.13582
3,9.97795,1.13822
3,9.99016,1.14063
3,10.0024,1.14302
3,10.0145,1.14542
3,10.0267,1.14781
3,10.0389,1.1502
3,10.051,1.15258
3,10.0632,1.15496
3,10.0753,1.15734
3,10.0874,1.15971
3,10.0995,1.16208
3,10.1116,1.16444
3,10.1237,1.1668
3,10.1358,1.16916
3,10.1478,1.17151
3,10.1599,1.17386
3,10.1719,1.1762
3,10.1839,1.17854
3,10.1959,1.18087
3,10.2079,1.1832
3,10.2199,1.18553
3,10.2319,1.18785
3,10.2438,1.19016
3,10.2558,1.19248
3,10.2677,1.19478
3,10.2796,1.19708
3,10.2915,1.19938
3,10.3034,1.20167
3,10.3152,1.20396
3,10.3271,1.20624
3,10.3389,1.20851
3,10.3507,1.21078
3,10.3625,1.21305
3,10.3743,1.21531
3,10.3861,1.21756
3,10.3978,1.21981
3,10.4095,1.22206
3,10.4213,1.2243
3,10.433,1.22653
3,10.4446,1.22876
3,10.4563,1.23098
3,10.468,1.23319
3,10.4796,1.2354
3,10.4912,1.23761
3,10.5028,1.2398
3,10.5144,1.242
3,10.5259,1.24418
3,10.5375,1.24636
3,10.549,1.24853
3,10.5605,1.2507
3,10.572,1.25286
3,10.5835,1.25502
3,10.5949,1.25717
3,10.6063,1.25931
3,10.6177,1.26144
3,10.6291,1.26357
3,10.6405,1.26569
3,10.6519,1.26781
3,10.6632,1.26992
3,10.6745,1.27202
3,10.6858,1.27412
3,10.697,1.2762
3,10.7083,1.27828
3,10.7195,1.28036
3,10.7307,1.28243
3,10.7419,1.28449
3,10.7531,1.28654
3,10.7642,1.28859
3,10.7753,1.29063
3,10.7864,1.29266
3,10.7975,1.29468
3,10.8086,1.2967
3,10.8196,1.29871
3,10.8306,1.30071
3,10.8416,1.30271
3,10.8525,1.30469
3,10.8635,1.30667
3,10.8744,1.30864
3,10.8853,1.31061
3,10.8962,1.31256
3,10.907,1.31451
3,10.9178,1.31645
3,10.9286,1.31838
3,10.9394,1.32031
3,10.9502,1.32223
3,10.9609,1.32413
3,10.9716,1.32603
3,10.9823,1.32793
3,10.9929,1.32981
3,11.0036,1.33169
3,11.0142,1.33355
3,11.0248,1.33541
3,11.0353,1.33726
3,11.0458,1.33911
3,11.0563,1.34094
3,11.0668,1.34277
3,11.0773,1.34458
3,11.0877,1.34639
3,11.0981,1.34819
3,11.1085,1.34998
3,11.1188,1.35176
3,11.1291,1.35354
3,11.1394,1.3553
3,11.1497,1.35706
3,11.1599,1.3588
3,11.1702,1.36054
3,11.1804,1.36227
3,11.1905,1.36399
3,11.2006,1.3657
3,11.2108,1.3674
3,11.2208,1.36909
3,11.2309,1.37077
3,11.2409,1.37245
3,11.2509,1.37411
3,11.2609,1.37577
3,11.2708,1.37741
3,11.2807,1.37905
3,11.2906,1.38067
3,11.3004,1.38229
3,11.3103,1.3839
3,11.3201,1.3855
3,11.3298,1.38708
3,11.3396,1.38866
3,11.3493,1.39023
3,11.359,1.39179
3,11.3686,1.39334
3,11.3782,1.39488
3,11.3878,1.39641
3,11.3974,1.39793
3,11.4069,1.39944
3,11.4164,1.40094
3,11.4259,1.40243
3,11.4353,1.4039
3,11.4447,1.40537
3,11.4541,1.40683
3,11.4635,1.40828
3,11.4728,1.40972
3,11.4821,1.41115
3,11.4913,1.41257
3,11.5006,1.41398
3,11.5098,1.41537
3,11.5189,1.41676
3,11.528,1.41814
3,11.5371,1.4195
3,11.5462,1.42086
3,11.5553,1.4222
3,11.5643,1.42354
3,11.5732,1.42486
3,11.5822,1.42618
3,11.5911,1.42748
3,11.6,1.42877
3,11.6088,1.43005
3,11.6176,1.43132
3,11.6264,1.43258
3,11.6352,1.43383
3,11.6439,1.43507
3,11.6526,1.4363
3,11.6612,1.43751
3,11.6698,1.43872
3,11.6784,1.43991
3,11.687,1.4411
3,11.6955,1.44227
3,11.704,1.44343
3,11.7124,1.44458
3,11.7208,1.44572
3,11.7292,1.44685
3,11.7376,1.44796
3,11.7459,1.44907
3,11.7542,1.45016
3,11.7624,1.45125
3,11.7707,1.45232
3,11.7788,1.45338
3,11.787,1.45443
3,11.7951,1.45546
3,11.8032,1.45649
3,11.8112,1.45751
3,11.8192,1.45851
3,11.8272,1.4595
3,11.8352,1.46048
3,11.8431,1.46145
3,11.851,1.46241
3,11.8588,1.46335
3,11.8666,1.46429
3,11.8744,1.46521
3,11.8821,1.46612
3,11.8898,1.46702
3,11.8975,1.46791
3,11.9051,1.46878
3,11.9127,1.46965
3,11.9203,1.4705
3,11.9278,1.47134
3,11.9353,1.47217
3,11.9427,1.47299
3,11.9501,1.47379
3,11.9575,1.47458
3,11.9649,1.47537
3,11.9722,1.47613
3,11.9795,1.47689
3,11.9867,1.47764
3,11.9939,1.47837
3,12.0011,1.47909
3,12.0082,1.4798
3,12.0153,1.4805
3,12.0223,1.48119
3,12.0294,1.48186
3,12.0364,1.48252
3,12.0433,1.48317
3,12.0502,1.48381
3,12.0571,1.48443
3,12.0639,1.48505
3,12.0708,1.48565
3,12.0775,1.48624
3,12.0843,1.48681
3,12.0909,1.48738
3,12.0976,1.48793
3,12.1042,1.48847
3,12.1108,1.489
3,12.1174,1.48951
3,12.1239,1.49002
3,12.1304,1.49051
3,12.1368,1.49099
3,12.1432,1.49145
3,12.1496,1.49191
3,12.1559,1.49235
3,12.1622,1.49278
3,12.1684,1.4932
3,12.1747,1.4936
3,12.1808,1.494
3,12.187,1.49438
3,12.1931,1.49474
3,12.1992,1.4951
3,12.2052,1.49544
3,12.2112,1.49577
3,12.2171,1.49609
3,12.2231,1.4964
3,12.2289,1.49669
3,12.2348,1.49697
3,12.2406,1.49724
3,12.2464,1.4975
3,12.2521,1.49774
3,12.2578,1.49797
3,12.2635,1.49819
3,12.2691,1.4984
3,12.2747,1.49859
3,12.2802,1.49877
3,12.2857,1.49894
3,12.2912,1.4991
3,12.2966,1.49924
3,12.302,1.49937
3,12.3074,1.49949
3,12.3127,1.4996
3,12.318,1.49969
3,12.3232,1.49977
3,12.3284,1.49984
3,12.3336,1.4999
3,12.3387,1.49994
3,12.3438,1.49997
3,12.3489,1.49999
3,12.3539,1.5
3,12.3589,1.49999
3,12.3639,1.49998
3,12.3688,1.49994
3,12.3736,1.4999
3,12.3785,1.49984
3,12.3833,1.49978
3,12.388,1.49969
3,12.3927,1.4996
3,12.3974,1.49949
3,12.4021,1.49938
3,12.4067,1.49924
3,12.4113,1.4991
3,12.4158,1.49894
3,12.4203,1.49878
3,12.4247,1.4986
3,12.4292,1.4984
3,12.4336,1.4982
3,12.4379,1.49798
3,12.4422,1.49775
3,12.4465,1.4975
3,12.4507,1.49725
3,12.4549,1.49698
3,12.4591,1.4967
3,12.4632,1.4964
3,12.4673,1.4961
3,12.4713,1.49578
3,12.4753,1.49545
3,12.4793,1.49511
3,12.4833,1.49475
3,12.4872,1.49438
3,12.491,1.494
3,12.4948,1.49361
3,12.4986,1.49321
3,12.5024,1.49279
3,12.5061,1.49236
3,12.5098,1.49192
3,12.5134,1.49146
3,12.517,1.491
3,12.5206,1.49052
3,12.5241,1.49003
3,12.5276,1.48953
3,12.5311,1.48901
3,12.5345,1.48848
3,12.5379,1.48794
3,12.5412,1.48739
3,12.5445,1.48683
3,12.5478,1.48625
3,12.551,1.48566
3,12.5542,1.48506
3,12.5574,1.48445
3,12.5605,1.48382
3,12.5636,1.48319
3,12.5667,1.48254
3,12.5697,1.48187
3,12.5727,1.4812
3,12.5756,1.48052
3,12.5785,1.47982
3,12.5814,1.47911
3,12.5842,1.47839
3,12.587,1.47765
3,12.5898,1.47691
3,12.5925,1.47615
3,12.5952,1.47538
3,12.5979,1.4746
3,12.6005,1.47381
3,12.6031,1.473
3,12.6057,1.47219
3,12.6082,1.47136
3,12.6107,1.47052
3,12.6131,1.46967
3,12.6155,1.4688
3,12.6179,1.46793
3,12.6202,1.46704
3,12.6225,1.46614
3,12.6248,1.46523
3,12.627,1.46431
3,12.6292,1.46337
3,12.6314,1.46243
3,12.6335,1.46147
3,12.6356,1.4605
3,12.6377,1.45952
3,12.6397,1.45853
3,12.6417,1.45753
3,12.6437,1.45651
3,12.6456,1.45549
3,12.6475,1.45445
3,12.6493,1.4534
3,12.6512,1.45234
3,12.653,1.45127
3,12.6547,1.45019
3,12.6564,1.44909
3,12.6581,1.44799
3,12.6598,1.44687
3,12.6614,1.44574
3,12.663,1.4446
3,12.6645,1.44345
3,12.6661,1.44229
3,12.6675,1.44112
3,12.669,1.43994
3,12.6704,1.43874
3,12.6718,1.43754
3,12.6732,1.43632
3,12.6745,1.4351
3,12.6758,1.43386
3,12.677,1.43261
3,12.6782,1.43135
3,12.6794,1.43008
3,12.6806,1.4288
3,12.6817,1.42751
3,12.6828,1.4262
3,12.6839,1.42489
3,12.6849,1.42357
3,12.6859,1.42223
3,12.6869,1.42089
3,12.6878,1.41953
3,12.6887,1.41817
3,12.6896,1.41679
3,12.6904,1.4154
3,12.6912,1.41401
3,12.692,1.4126
3,12.6928,1.41118
3,12.6935,1.40975
3,12.6942,1.40831
3,12.6948,1.40686
3,12.6955,1.40541
3,12.6961,1.40394
3,12.6966,1.40246
3,12.6972,1.40097
3,12.6977,1.39947
3,12.6981,1.39796
3,12.6986,1.39644
3,12.699,1.39491
3,12.6994,1.39337
3,12.6997,1.39182
3,12.7001,1.39027
3,12.7004,1.3887
3,12.7006,1.38712
3,12.7009,1.38553
3,12.7011,1.38393
3,12.7013,1.38233
3,12.7014,1.38071
3,12.7015,1.37908
3,12.7016,1.37745
3,12.7017,1.3758
3,12.7017,1.37415
3,12.7017,1.37248
3,12.7017,1.37081
3,12.7017,1.36913
3,12.7016,1.36744
3,12.7015,1.36574
3,12.7014,1.36403
3,12.7012,1.36231
3,12.701,1.36058
3,12.7008,1.35884
3,12.7006,1.35709
3,12.7003,1.35534
3,12.7,1.35357
3,12.6997,1.3518
3,12.6994,1.35002
3,12.699,1.34823
3,12.6986,1.34643
3,12.6982,1.34462
3,12.6978,1.34281
3,12.6973,1.34098
3,12.6968,1.33915
3,12.6963,1.3373
3,12.6957,1.33545
3,12.6951,1.3336
3,12.6945,1.33173
3,12.6939,1.32985
3,12.6933,1.32797
3,12.6926,1.32608
3,12.6919,1.32418
3,12.6912,1.32227
3,12.6904,1.32035
3,12.6896,1.31843
3,12.6889,1.31649
3,12.688,1.31455
3,12.6872,1.31261
3,12.6863,1.31065
3,12.6854,1.30869
3,12.6845,1.30671
3,12.6836,1.30474
3,12.6826,1.30275
3,12.6817,1.30075
3,12.6806,1.29875
3,12.6796,1.29674
3,12.6786,1.29473
3,12.6775,1.2927
3,12.6764,1.29067
3,12.6753,1.28863
3,12.6742,1.28659
3,12.673,1.28453
3,12.6718,1.28247
3,12.6706,1.2804
3,12.6694,1.27833
3,12.6682,1.27625
3,12.6669,1.27416
3,12.6656,1.27207
3,12.6643,1.26996
3,12.663,1.26785
3,12.6617,1.26574
3,12.6603,1.26362
3,12.6589,1.26149
3,12.6575,1.25935
3,12.6561,1.25721
3,12.6546,1.25506
3,12.6532,1.25291
3,12.6517,1.25075
3,12.6502,1.24858
3,12.6487,1.24641
3,12.6471,1.24423
3,12.6456,1.24204
3,12.644,1.23985
3,12.6424,1.23765
3,12.6408,1.23545
3,12.6392,1.23324
3,12.6375,1.23103
3,12.6359,1.2288
3,12.6342,1.22658
3,12.6325,1.22434
3,12.6308,1.22211
3,12.6291,1.21986
3,12.6273,1.21761
3,12.6256,1.21536
3,12.6238,1.2131
3,12.622,1.21083
3,12.6202,1.20856
3,12.6184,1.20629
3,12.6165,1.20401
3,12.6147,1.20172
3,12.6128,1.19943
3,12.6109,1.19713
3,12.609,1.19483
3,12.6071,1.19253
3,12.6052,1.19021
3,12.6032,1.1879
3,12.6013,1.18558
3,12.5993,1.18325
3,12.5973,1.18092
3,12.5953,1.17859
3,12.5933,1.17625
3,12.5913,1.17391
3,12.5892,1.17156
3,12.5872,1.16921
3,12.5851,1.16685
3,12.583,1.16449
3,12.5809,1.16213
3,12.5788,1.15976
3,12.5767,1.15739
3,12.5746,1.15501
3,12.5725,1.15263
3,12.5703,1.15025
3,12.5682,1.14786
3,12.566,1.14547
3,12.5638,1.14308
3,12.5616,1.14068
3,12.5594,1.13828
3,12.5572,1.13587
3,12.555,1.13346
3,12.5527,1.13105
3,12.5505,1.12863
3,12.5482,1.12622
3,12.546,1.12379
3,12.5437,1.12137
3,12.5414,1.11894
3,12.5391,1.11651
3,12.5368,1.11408
3,12.5345,1.11164
3,12.5322,1.1092
3,12.5299,1.10676
3,12.5275,1.10431
3,12.5252,1.10187
3,12.5229,1.09942
3,12.5205,1.09696
3,12.5181,1.09451
3,12.5158,1.09205
3,12.5134,1.08959
3,12.511,1.08713
3,12.5086,1.08467
3,12.5062,1.0822
3,12.5038,1.07973
3,12.5014,1.07726
3,12.499,1.07479
3,12.4966,1.07231
3,12.4942,1.06984
3,12.4917,1.06736
3,12.4893,1.06488
3,12.4869,1.0624
3,12.4844,1.05992
3,12.482,1.05743
3,12.4795,1.05495
3,12.477,1.05246
3,12.4746,1.04997
3,12.4721,1.04748
3,12.4697,1.04499
3,12.4672,1.0425
3,12.4647,1.04001
3,12.4622,1.03752
3,12.4597,1.03502
3,12.4573,1.03253
3,12.4548,1.03003
3,12.4523,1.02753
3,12.4498,1.02503
3,12.4473,1.02254
3,12.4448,1.02004
3,12.4423,1.01754
3,12.4398,1.01504
3,12.4373,1.01254
3,12.4348,1.01004
3,12.4323,1.00754
3,12.4298,1.00504
3,12.4273,1.00253
3,12.4248,1.00003
3,12.4223,0.997532
3,12.4198,0.99503
3,12.4173,0.992529
3,12.4148,0.990028
3,12.4123,0.987528
3,12.4098,0.985028
3,12.4073,0.982528
3,12.4048,0.980028
3,12.4023,0.977529
3,12.3998,0.975031
3,12.3973,0.972533
3,12.3948,0.970036
3,12.3924,0.967539
3,12.3899,0.965044
3,12.3874,0.962549
3,12.3849,0.960055
3,12.3824,0.957563
3,12.38,0.955071
3,12.3775,0.95258
3,12.375,0.950091
3,12.3726,0.947603
3,12.3701,0.945116
3,12.3677,0.942631
3,12.3652,0.940147
3,12.3628,0.937664
3,12.3603,0.935183
3,12.3579,0.932704
3,12.3555,0.930226
3,12.353,0.92775
3,12.3506,0.925276
3,12.3482,0.922804
3,12.3458,0.920334
3,12.3434,0.917865
3,12.341,0.915399
3,12.3386,0.912935
3,12.3362,0.910473
3,12.3338,0.908013
3,12.3315,0.905556
3,12.3291,0.903101
3,12.3268,0.900648
3,12.3244,0.898198
3,12.3221,0.895751
3,12.3197,0.893306
3,12.3174,0.890863
3,12.3151,0.888424
3,12.3128,0.885987
3,12.3105,0.883553
3,12.3082,0.881122
3,12.3059,0.878694
3,12.3036,0.876269
3,12.3014,0.873847
3,12.2991,0.871429
3,12.2969,0.869013
3,12.2946,0.866601
3,12.2924,0.864192
3,12.2902,0.861786
3,12.288,0.859384
3,12.2858,0.856986
3,12.2836,0.854591
3,12.2815,0.8522
3,12.2793,0.849812
3,12.2772,0.847428
3,12.275,0.845048
3,12.2729,0.842672
3,12.2708,0.8403
3,12.2687,0.837931
3,12.2666,0.835567
3,12.2645,0.833207
3,12.2624,0.830851
3,12.2604,0.8285
3,12.2583,0.826152
3,12.2563,0.823809
3,12.2543,0.821471
3,12.2523,0.819137
3,12.2503,0.816807
3,12.2483,0.814482
3,12.2464,0.812162
3,12.2444,0.809846
3,12.2425,0.807535
3,12.2406,0.805229
3,12.2387,0.802928
3,12.2368,0.800631
3,12.2349,0.79834
3,12.2331,0.796054
3,12.2312,0.793773
3,12.2294,0.791497
3,12.2276,0.789226
3,12.2258,0.78696
3,12.224,0.7847
3,12.2223,0.782445
3,12.2205,0.780196
3,12.2188,0.777952
3,12.2171,0.775714
3,12.2154,0.773481
3,12.2137,0.771254
3,12.2121,0.769033
3,12.2104,0.766818
3,12.2088,0.764608
3,12.2072,0.762404
3,12.2056,0.760206
3,12.204,0.758014
3,12.2025,0.755829
3,12.2009,0.753649
3,12.1994,0.751476
3,12.1979,0.749308
3,12.1964,0.747147
3,12.195,0.744993
3,12.1935,0.742844
3,12.1921,0.740702
3,12.1907,0.738567
3,12.1893,0.736438
3,12.1879,0.734316
3,12.1866,0.7322
3,12.1853,0.730092
3,12.184,0.727989
4,4,1
4,4.01501,1.0025
4,4.03001,1.005
4,4.04502,1.0075
4,4.06003,1.01
4,4.07503,1.0125
4,4.09004,1.01501
4,4.10504,1.01751
4,4.12004,1.02
4,4.13504,1.0225
4,4.15003,1.025
4,4.16503,1.0275
4,4.18002,1.03
4,4.19501,1.03249
4,4.20999,1.03499
4,4.22497,1.03748
4,4.23995,1.03998
4,4.25492,1.04247
4,4.26989,1.04496
4,4.28486,1.04745
4,4.29982,1.04994
4,4.31477,1.05243
4,4.32972,1.05492
4,4.34467,1.0574
4,4.3596,1.05989
4,4.37454,1.06237
4,4.38946,1.06485
4,4.40438,1.06733
4,4.41929,1.06981
4,4.4342,1.07228
4,4.4491,1.07476
4,4.46399,1.07723
4,4.47887,1.0797
4,4.49375,1.08217
4,4.50862,1.08463
4,4.52348,1.0871
4,4.53833,1.08956
4,4.55317,1.09202
4,4.568,1.09448
4,4.58282,1.09693
4,4.59763,1.09938
4,4.61244,1.10183
4,4.62723,1.10428
4,4.64201,1.10673
4,4.65678,1.10917
4,4.67154,1.11161
4,4.68629,1.11404
4,4.70103,1.11648
4,4.71576,1.11891
4,4.73047,1.12134
4,4.74518,1.12376
4,4.75987,1.12618
4,4.77454,1.1286
4,4.78921,1.13102
4,4.80386,1.13343
4,4.8185,1.13584
4,4.83312,1.13825
4,4.84773,1.14065
4,4.86233,1.14305
4,4.87691,1.14544
4,4.89148,1.14783
4,4.90603,1.15022
4,4.92057,1.1526
4,4.93509,1.15498
4,4.9496,1.15736
4,4.96409,1.15973
4,4.97856,1.1621
4,4.99302,1.16446
4,5.00746,1.16682
4,5.02189,1.16918
4,5.0363,1.17153
4,5.05069,1.17388
4,5.06507,1.17622
4,5.07942,1.17856
4,5.09376,1.18089
4,5.10808,1.18322
4,5.12238,1.18555
4,5.13667,1.18787
4,5.15093,1.19018
4,5.16518,1.1925
4,5.17941,1.1948
4,5.19361,1.1971
4,5.2078,1.1994
4,5.22197,1.20169
4,5.23611,1.20398
4,5.25024,1.20626
4,5.26435,1.20853
4,5.27843,1.2108
4,5.2925,1.21307
4,5.30654,1.21533
4,5.32056,1.21758
4,5.33456,1.21983
4,5.34854,1.22208
4,5.36249,1.22432
4,5.37643,1.22655
4,5.39034,1.22877
4,5.40422,1.231
4,5.41809,1.23321
4,5.43193,1.23542
4,5.44575,1.23762
4,5.45954,1.23982
4,5.47331,1.24201
4,5.48705,1.2442
4,5.50078,1.24638
4,5.51447,1.24855
4,5.52814,1.25072
4,5.54179,1.25288
4,5.55541,1.25504
4,5.56901,1.25718
4,5.58258,1.25933
4,5.59612,1.26146
4,5.60964,1.26359
4,5.62313,1.26571
4,5.63659,1.26783
4,5.65003,1.26994
4,5.66344,1.27204
4,5.67682,1.27413
4,5.69018,1.27622
4,5.70351,1.2783
4,5.71681,1.28038
4,5.73008,1.28245
4,5.74332,1.28451
4,5.75654,1.28656
4,5.76973,1.2886
4,5.78289,1.29064
4,5.79601,1.29268
4,5.80911,1.2947
4,5.82218,1.29672
4,5.83522,1.29873
4,5.84824,1.30073
4,5.86122,1.30272
4,5.87417,1.30471
4,5.88709,1.30669
4,5.89997,1.30866
4,5.91283,1.31062
4,5.92566,1.31258
4,5.93846,1.31453
4,5.95122,1.31647
4,5.96395,1.3184
4,5.97665,1.32033
4,5.98932,1.32224
4,6.00196,1.32415
4,6.01456,1.32605
4,6.02713,1.32794
4,6.03967,1.32983
4,6.05218,1.3317
4,6.06465,1.33357
4,6.07709,1.33543
4,6.08949,1.33728
4,6.10186,1.33912
4,6.1142,1.34096
4,6.12651,1.34278
4,6.13877,1.3446
4,6.15101,1.34641
4,6.16321,1.34821
4,6.17537,1.35
4,6.1875,1.35178
4,6.1996,1.35355
4,6.21166,1.35532
4,6.22368,1.35707
4,6.23567,1.35882
4,6.24762,1.36055
4,6.25954,1.36228
4,6.27142,1.364
4,6.28326,1.36571
4,6.29507,1.36741
4,6.30684,1.36911
4,6.31857,1.37079
4,6.33027,1.37246
4,6.34193,1.37413
4,6.35355,1.37578
4,6.36513,1.37743
4,6.37668,1.37906
4,6.38818,1.38069
4,6.39965,1.3823
4,6.41109,1.38391
4,6.42248,1.38551
4,6.43383,1.3871
4,6.44515,1.38868
4,6.45643,1.39024
4,6.46766,1.3918
4,6.47886,1.39335
4,6.49002,1.39489
4,6.50114,1.39642
4,6.51222,1.39794
4,6.52326,1.39945
4,6.53426,1.40095
4,6.54522,1.40244
4,6.55614,1.40392
4,6.56702,1.40539
4,6.57786,1.40685
4,6.58866,1.40829
4,6.59941,1.40973
4,6.61013,1.41116
4,6.62081,1.41258
4,6.63144,1.41399
4,6.64203,1.41539
4,6.65258,1.41677
4,6.66309,1.41815
4,6.67356,1.41951
4,6.68398,1.42087
4,6.69437,1.42222
4,6.70471,1.42355
4,6.715,1.42487
4,6.72526,1.42619
4,6.73547,1.42749
4,6.74564,1.42878
4,6.75577,1.43006
4,6.76586,1.43133
4,6.7759,1.43259
4,6.78589,1.43384
4,6.79585,1.43508
4,6.80576,1.43631
4,6.81563,1.43752
4,6.82545,1.43873
4,6.83523,1.43992
4,6.84496,1.44111
4,6.85466,1.44228
4,6.8643,1.44344
4,6.87391,1.44459
4,6.88346,1.44573
4,6.89298,1.44686
4,6.90245,1.44797
4,6.91187,1.44908
4,6.92125,1.45017
4,6.93058,1.45126
4,6.93987,1.45233
4,6.94912,1.45339
4,6.95831,1.45444
4,6.96747,1.45547
4,6.97657,1.4565
4,6.98563,1.45751
4,6.99465,1.45852
4,7.00362,1.45951
4,7.01254,1.46049
4,7.02142,1.46146
4,7.03025,1.46242
4,7.03904,1.46336
4,7.04778,1.4643
4,7.05647,1.46522
4,7.06511,1.46613
4,7.07371,1.46703
4,7.08226,1.46791
4,7.09077,1.46879
4,7.09923,1.46965
4,7.10764,1.47051
4,7.116,1.47135
4,7.12432,1.47218
4,7.13259,1.47299
4,7.14081,1.4738
4,7.14899,1.47459
4,7.15712,1.47537
4,7.1652,1.47614
4,7.17323,1.4769
4,7.18121,1.47764
4,7.18915,1.47838
4,7.19704,1.4791
4,7.20488,1.47981
4,7.21267,1.48051
4,7.22042,1.48119
4,7.22811,1.48187
4,7.23576,1.48253
4,7.24336,1.48318
4,7.25091,1.48381
4,7.25842,1.48444
4,7.26587,1.48505
4,7.27328,1.48565
4,7.28064,1.48624
4,7.28795,1.48682
4,7.29521,1.48738
4,7.30242,1.48794
4,7.30958,1.48848
4,7.31669,1.489
4,7.32376,1.48952
4,7.33077,1.49002
4,7.33774,1.49051
4,7.34466,1.49099
4,7.35153,1.49146
4,7.35835,1.49191
4,7.36512,1.49235
4,7.37184,1.49278
4,7.37851,1.4932
4,7.38513,1.49361
4,7.3917,1.494
4,7.39823,1.49438
4,7.4047,1.49475
4,7.41112,1.4951
4,7.4175,1.49545
4,7.42382,1.49578
4,7.4301,1.49609
4,7.43633,1.4964
4,7.4425,1.49669
4,7.44863,1.49697
4,7.4547,1.49724
4,7.46073,1.4975
4,7.46671,1.49774
4,7.47264,1.49797
4,7.47851,1.49819
4,7.48434,1.4984
4,7.49012,1.49859
4,7.49585,1.49877
4,7.50152,1.49894
4,7.50715,1.4991
4,7.51273,1.49924
4,7.51826,1.49937
4,7.52374,1.49949
4,7.52916,1.4996
4,7.53454,1.49969
4,7.53987,1.49977
4,7.54515,1.49984
4,7.55037,1.4999
4,7.55555,1.49994
4,7.56068,1.49997
4,7.56576,1.49999
4,7.57079,1.5
4,7.57576,1.49999
4,7.58069,1.49998
4,7.58557,1.49994
4,7.5904,1.4999
4,7.59517,1.49984
4,7.5999,1.49977
4,7.60458,1.49969
4,7.6092,1.4996
4,7.61378,1.49949
4,7.61831,1.49937
4,7.62279,1.49924
4,7.62721,1.4991
4,7.63159,1.49894
4,7.63592,1.49877
4,7.6402,1.49859
4,7.64442,1.4984
4,7.6486,1.49819
4,7.65273,1.49797
4,7.65681,1.49774
4,7.66084,1.4975
4,7.66481,1.49724
4,7.66874,1.49698
4,7.67262,1.49669
4,7.67645,1.4964
4,7.68023,1.4961
4,7.68396,1.49578
4,7.68764,1.49545
4,7.69127,1.4951
4,7.69485,1.49475
4,7.69838,1.49438
4,7.70187,1.494
4,7.7053,1.49361
4,7.70868,1.4932
4,7.71201,1.49279
4,7.7153,1.49236
4,7.71853,1.49191
4,7.72172,1.49146
4,7.72486,1.49099
4,7.72794,1.49052
4,7.73098,1.49002
4,7.73397,1.48952
4,7.73691,1.48901
4,7.7398,1.48848
4,7.74265,1.48794
4,7.74544,1.48739
4,7.74819,1.48682
4,7.75088,1.48624
4,7.75353,1.48566
4,7.75613,1.48506
4,7.75868,1.48444
4,7.76118,1.48382
4,7.76363,1.48318
4,7.76604,1.48253
4,7.7684,1.48187
4,7.7707,1.4812
4,7.77296,1.48051
4,7.77518,1.47981
4,7.77734,1.4791
4,7.77946,1.47838
4,7.78153,1.47765
4,7.78355,1.4769
4,7.78552,1.47614
4,7.78744,1.47538
4,7.78932,1.47459
4,7.79115,1.4738
4,7.79294,1.473
4,7.79467,1.47218
4,7.79636,1.47135
4,7.798,1.47051
4,7.79959,1.46966
4,7.80114,1.46879
4,7.80264,1.46792
4,7.80409,1.46703
4,7.8055,1.46613
4,7.80686,1.46522
4,7.80817,1.4643
4,7.80944,1.46337
4,7.81066,1.46242
4,7.81183,1.46146
4,7.81296,1.46049
4,7.81404,1.45951
4,7.81508,1.45852
4,7.81607,1.45752
4,7.81701,1.4565
4,7.81791,1.45548
4,7.81876,1.45444
4,7.81957,1.45339
4,7.82033,1.45233
4,7.82105,1.45126
4,7.82172,1.45018
4,7.82234,1.44908
4,7.82293,1.44798
4,7.82346,1.44686
4,7.82395,1.44573
4,7.8244,1.44459
4,7.8248,1.44344
4,7.82516,1.44228
4,7.82548,1.44111
4,7.82575,1.43993
4,7.82597,1.43873
4,7.82615,1.43753
4,7.82629,1.43631
4,7.82639,1.43509
4,7.82644,1.43385
4,7.82644,1.4326
4,7.82641,1.43134
4,7.82633,1.43007
4,7.82621,1.42879
4,7.82604,1.4275
4,7.82583,1.42619
4,7.82558,1.42488
4,7.82529,1.42356
4,7.82495,1.42222
4,7.82458,1.42088
4,7.82416,1.41952
4,7.82369,1.41815
4,7.82319,1.41678
4,7.82265,1.41539
4,7.82206,1.41399
4,7.82143,1.41259
4,7.82076,1.41117
4,7.82005,1.40974
4,7.8193,1.4083
4,7.8185,1.40685
4,7.81767,1.40539
4,7.8168,1.40392
4,7.81588,1.40244
4,7.81493,1.40096
4,7.81393,1.39946
4,7.8129,1.39795
4,7.81182,1.39643
4,7.81071,1.3949
4,7.80955,1.39336
4,7.80836,1.39181
4,7.80713,1.39025
4,7.80586,1.38868
4,7.80455,1.3871
4,7.8032,1.38552
4,7.80181,1.38392
4,7.80038,1.38231
4,7.79892,1.3807
4,7.79742,1.37907
4,7.79587,1.37743
4,7.7943,1.37579
4,7.79268,1.37413
4,7.79103,1.37247
4,7.78934,1.3708
4,7.78761,1.36911
4,7.78584,1.36742
4,7.78404,1.36572
4,7.7822,1.36401
4,7.78033,1.36229
4,7.77842,1.36056
4,7.77647,1.35883
4,7.77449,1.35708
4,7.77247,1.35532
4,7.77041,1.35356
4,7.76833,1.35179
4,7.7662,1.35
4,7.76404,1.34821
4,7.76185,1.34641
4,7.75962,1.34461
4,7.75735,1.34279
4,7.75505,1.34096
4,7.75272,1.33913
4,7.75036,1.33729
4,7.74796,1.33544
4,7.74552,1.33358
4,7.74305,1.33171
4,7.74055,1.32984
4,7.73802,1.32795
4,7.73545,1.32606
4,7.73286,1.32416
4,7.73023,1.32225
4,7.72756,1.32033
4,7.72487,1.31841
4,7.72214,1.31648
4,7.71938,1.31454
4,7.71659,1.31259
4,7.71377,1.31063
4,7.71091,1.30867
4,7.70803,1.3067
4,7.70512,1.30472
4,7.70217,1.30273
4,7.6992,1.30074
4,7.69619,1.29873
4,7.69315,1.29673
4,7.69009,1.29471
4,7.687,1.29268
4,7.68387,1.29065
4,7.68072,1.28861
4,7.67754,1.28657
4,7.67433,1.28451
4,7.67109,1.28245
4,7.66782,1.28039
4,7.66452,1.27831
4,7.6612,1.27623
4,7.65785,1.27414
4,7.65447,1.27205
4,7.65107,1.26995
4,7.64763,1.26784
4,7.64417,1.26572
4,7.64069,1.2636
4,7.63718,1.26147
4,7.63364,1.25933
4,7.63007,1.25719
4,7.62648,1.25505
4,7.62287,1.25289
4,7.61923,1.25073
4,7.61556,1.24856
4,7.61187,1.24639
4,7.60815,1.24421
4,7.60441,1.24202
4,7.60065,1.23983
4,7.59686,1.23763
4,7.59305,1.23543
4,7.58921,1.23322
4,7.58535,1.23101
4,7.58147,1.22878
4,7.57757,1.22656
4,7.57364,1.22433
4,7.56969,1.22209
4,7.56572,1.21984
4,7.56172,1.21759
4,7.55771,1.21534
4,7.55367,1.21308
4,7.54961,1.21081
4,7.54553,1.20854
4,7.54143,1.20627
4,7.53731,1.20399
4,7.53316,1.2017
4,7.529,1.19941
4,7.52482,1.19711
4,7.52062,1.19481
4,7.51639,1.19251
4,7.51215,1.19019
4,7.50789,1.18788
4,7.50362,1.18556
4,7.49932,1.18323
4,7.495,1.1809
4,7.49067,1.17857
4,7.48632,1.17623
4,7.48195,1.17389
4,7.47756,1.17154
4,7.47316,1.16919
4,7.46874,1.16683
4,7.4643,1.16447
4,7.45985,1.16211
4,7.45538,1.15974
4,7.45089,1.15737
4,7.44639,1.15499
4,7.44187,1.15261
4,7.43734,1.15023
4,7.43279,1.14784
4,7.42823,1.14545
4,7.42365,1.14306
4,7.41906,1.14066
4,7.41445,1.13826
4,7.40983,1.13585
4,7.4052,1.13344
4,7.40055,1.13103
4,7.3959,1.12861
4,7.39122,1.1262
4,7.38654,1.12377
4,7.38184,1.12135
4,7.37713,1.11892
4,7.37241,1.11649
4,7.36768,1.11406
4,7.36293,1.11162
4,7.35818,1.10918
4,7.35341,1.10674
4,7.34863,1.10429
4,7.34385,1.10184
4,7.33905,1.09939
4,7.33424,1.09694
4,7.32942,1.09449
4,7.3246,1.09203
4,7.31976,1.08957
4,7.31491,1.08711
4,7.31006,1.08464
4,7.3052,1.08218
4,7.30033,1.07971
4,7.29545,1.07724
4,7.29056,1.07477
4,7.28567,1.07229
4,7.28077,1.06982
4,7.27586,1.06734
4,7.27095,1.06486
4,7.26603,1.06238
4,7.2611,1.0599
4,7.25616,1.05741
4,7.25123,1.05493
4,7.24628,1.05244
4,7.24133,1.04995
4,7.23638,1.04746
4,7.23142,1.04497
4,7.22645,1.04248
4,7.22148,1.03999
4,7.21651,1.03749
4,7.21153,1.035
4,7.20656,1.0325
4,7.20157,1.03001
4,7.19659,1.02751
4,7.1916,1.02501
4,7.18661,1.02251
4,7.18161,1.02002
4,7.17662,1.01752
4,7.17162,1.01502
4,7.16662,1.01252
4,7.16162,1.01002
4,7.15662,1.00751
4,7.15162,1.00501
4,7.14662,1.00251
4,7.14161,1.00001
4,7.13661,0.99751
4,7.13161,0.995009
4,7.12661,0.992507
4,7.12161,0.990007
4,7.11661,0.987506
4,7.11161,0.985006
4,7.10661,0.982506
4,7.10162,0.980006
4,7.09662,0.977507
4,7.09163,0.975009
4,7.08664,0.972511
4,7.08166,0.970014
4,7.07667,0.967518
4,7.07169,0.965022
4,7.06672,0.962527
4,7.06175,0.960034
4,7.05678,0.957541
4,7.05181,0.955049
4,7.04685,0.952559
4,7.0419,0.950069
4,7.03695,0.947581
4,7.032,0.945094
4,7.02706,0.942609
4,7.02213,0.940125
4,7.0172,0.937642
4,7.01228,0.935162
4,7.00737,0.932682
4,7.00246,0.930205
4,6.99756,0.927729
4,6.99266,0.925255
4,6.98778,0.922782
4,6.9829,0.920312
4,6.97803,0.917844
4,6.97317,0.915378
4,6.96831,0.912914
4,6.96347,0.910452
4,6.95863,0.907992
4,6.9538,0.905535
4,6.94899,0.90308
4,6.94418,0.900627
4,6.93938,0.898177
4,6.93459,0.895729
4,6.92982,0.893284
4,6.92505,0.890842
4,6.92029,0.888403
4,6.91555,0.885966
4,6.91082,0.883532
4,6.90609,0.881101
4,6.90139,0.878673
4,6.89669,0.876248
4,6.892,0.873826
4,6.88733,0.871407
4,6.88267,0.868992
4,6.87802,0.86658
4,6.87339,0.864171
4,6.86877,0.861765
4,6.86417,0.859363
4,6.85958,0.856965
4,6.855,0.85457
4,6.85044,0.852179
4,6.84589,0.849791
4,6.84135,0.847407
4,6.83684,0.845027
4,6.83234,0.842651
4,6.82785,0.840279
4,6.82338,0.837911
4,6.81892,0.835547
4,6.81449,0.833187
4,6.81007,0.830831
4,6.80566,0.828479
4,6.80128,0.826132
4,6.79691,0.823789
4,6.79255,0.82145
4,6.78822,0.819116
4,6.7839,0.816787
4,6.77961,0.814462
4,6.77533,0.812141
4,6.77107,0.809826
4,6.76683,0.807515
4,6.76261,0.805209
4,6.7584,0.802908
4,6.75422,0.800611
4,6.75006,0.79832
4,6.74592,0.796034
4,6.74179,0.793753
4,6.73769,0.791477
4,6.73361,0.789206
4,6.72955,0.786941
4,6.72552,0.78468
4,6.7215,0.782426
4,6.7175,0.780176
4,6.71353,0.777933
4,6.70958,0.775694
4,6.70565,0.773462
4,6.70175,0.771235
4,6.69787,0.769014
4,6.69401,0.766798
4,6.69017,0.764589
4,6.68636,0.762385
4,6.68257,0.760187
4,6.6788,0.757995
4,6.67506,0.75581
4,6.67135,0.75363
4,6.66766,0.751457
4,6.66399,0.749289
4,6.66035,0.747128
4,6.65673,0.744974
4,6.65314,0.742826
4,6.64958,0.740684
4,6.64604,0.738548
4,6.64253,0.73642
4,6.63904,0.734297
4,6.63558,0.732182
4,6.63215,0.730073
4,6.62874,0.727971
4,6.62536,0.725876
4,6.62201,0.723787
4,6.61869,0.721706
4,6.61539,0.719631
4,6.61213,0.717564
4,6.60889,0.715504
4,6.60568,0.71345
4,6.60249,0.711404
4,6.59934,0.709365
4,6.59622,0.707333
4,6.59312,0.705309
4,6.59006,0.703292
4,6.58702,0.701283
4,6.58402,0.699281
4,6.58104,0.697286
4,6.57809,0.695299
4,6.57518,0.69332
4,6.5723,0.691348
4,6.56944,0.689384
4,6.56662,0.687428
4,6.56383,0.68548
4,6.56107,0.683539
4,6.55834,0.681607
4,6.55565,0.679682
4,6.55298,0.677766
4,6.55035,0.675857
4,6.54775,0.673957
4,6.54519,0.672065
4,6.54265,0.670181
4,6.54015,0.668305
4,6.53769,0.666437
4,6.53525,0.664578
4,6.53285,0.662727
4,6.53048,0.660885
4,6.52815,0.659051
4,6.52585,0.657226
4,6.52359,0.655409
4,6.52136,0.653601
4,6.51916,0.651802
4,6.517,0.650011
4,6.51488,0.648229
4,6.51279,0.646456
4,6.51073,0.644692
4,6.50871,0.642937
4,6.50673,0.64119
4,6.50478,0.639453
4,6.50287,0.637724
4,6.501,0.636005
4,6.49916,0.634295
4,6.49736,0.632594
4,6.49559,0.630902
4,6.49386,0.629219
4,6.49217,0.627546
4,6.49052,0.625881
4,6.4889,0.624227
4,6.48732,0.622581
4,6.48578,0.620946
4,6.48428,0.619319
4,6.48282,0.617702
4,6.48139,0.616095
4,6.48,0.614497
4,6.47865,0.612909
4,6.47734,0.611331
4,6.47607,0.609762
4,6.47483,0.608203
4,6.47364,0.606654
4,6.47249,0.605115
4,6.47137,0.603586
4,6.4703,0.602066
4,6.46926,0.600557
4,6.46827,0.599058
4,6.46731,0.597568
4,6.4664,0.596089
4,6.46552,0.59462
4,6.46469,0.59316
4,6.46389,0.591712
4,6.46314,0.590273
4,6.46243,0.588844
4,6.46176,0.587426
4,6.46113,0.586018
4,6.46054,0.584621
4,6.46,0.583234
4,6.45949,0.581857
4,6.45903,0.580491
4,6.45861,0.579135
4,6.45823,0.57779
4,6.4579,0.576456
4,6.4576,0.575132
4,6.45735,0.573818
4,6.45715,0.572516
4,6.45698,0.571224
4,6.45686,0.569942
4,6.45678,0.568672
4,6.45674,0.567412
4,6.45675,0.566163
4,6.4568,0.564925
4,6.45689,0.563698
4,6.45703,0.562482
4,6.45721,0.561277
4,6.45744,0.560082
4,6.45771,0.558899
4,6.45802,0.557727
4,6.45838,0.556566
4,6.45878,0.555415
4,6.45923,0.554277
4,6.45972,0.553149
4,6.46025,0.552032
4,6.46084,0.550927
4,6.46146,0.549833
4,6.46213,0.54875
4,6.46285,0.547678
4,6.46361,0.546618
4,6.46442,0.545569
4,6.46527,0.544531
4,6.46617,0.543505
4,6.46711,0.54249
4,6.4681,0.541487
4,6.46913,0.540495
4,6.47022,0.539515
4,6.47134,0.538546
4,6.47252,0.537589
4,6.47374,0.536643
4,6.475,0.535709
4,6.47631,0.534787
4,6.47767,0.533876
4,6.47908,0.532977
4,6.48053,0.532089
4,6.48203,0.531213
4,6.48358,0.530349
4,6.48517,0.529497
4,6.48681,0.528657
4,6.4885,0.527828
4,6.49023,0.527011
4,6.49202,0.526206
4,6.49385,0.525413
4,6.49572,0.524631
4,6.49765,0.523862
4,6.49962,0.523104
4,6.50164,0.522359
4,6.50371,0.521625
4,6.50583,0.520904
4,6.50799,0.520194
4,6.5102,0.519496
4,6.51246,0.518811
4,6.51477,0.518137
4,6.51713,0.517475
4,6.51953,0.516826
4,6.52198,0.516189
4,6.52448,0.515563
4,6.52703,0.51495
4,6.52963,0.514349
4,6.53228,0.51376
4,6.53498,0.513184
4,6.53772,0.512619
4,6.54051,0.512067
4,6.54336,0.511527
4,6.54625,0.510999
4,6.54919,0.510483
4,6.55218,0.50998
4,6.55521,0.509489
4,6.5583,0.50901
4,6.56144,0.508543
4,6.56462,0.508089
4,6.56786,0.507647
4,6.57114,0.507218
4,6.57447,0.5068
4,6.57786,0.506395
4,6.58129,0.506003
4,6.58477,0.505623
4,6.5883,0.505255
4,6.59188,0.504899
4,6.59551,0.504556
4,6.59919,0.504225
4,6.60292,0.503907
4,6.6067,0.503601
4,6.61053,0.503308
4,6.61441,0.503027
4,6.61834,0.502758
4,6.62231,0.502502
4,6.62634,0.502258
4,6.63042,0.502027
4,6.63455,0.501808
4,6.63872,0.501602
4,6.64295,0.501408
4,6.64723,0.501227
4,6.65156,0.501058
4,6.65593,0.500902
4,6.66036,0.500758
4,6.66484,0.500626
4,6.66936,0.500507
4,6.67394,0.500401
4,6.67857,0.500307
4,6.68324,0.500226
4,6.68797,0.500157
4,6.69275,0.5001
4,6.69757,0.500057
4,6.70245,0.500025
4,6.70738,0.500006
4,6.71236,0.5
4,6.71738,0.500006
4,6.72246,0.500025
4,6.72759,0.500056
4,6.73277,0.5001
4,6.73799,0.500156
4,6.74327,0.500225
4,6.7486,0.500306
4,6.75397,0.5004
4,6.7594,0.500506
4,6.76488,0.500625
4,6.77041,0.500756
4,6.77598,0.5009
4,6.78161,0.501056
4,6.78729,0.501225
4,6.79302,0.501406
4,6.79879,0.501599
4,6.80462,0.501806
4,6.8105,0.502024
4,6.81642,0.502255
4,6.8224,0.502499
4,6.82843,0.502755
4,6.8345,0.503023
4,6.84063,0.503304
4,6.84681,0.503597
4,6.85303,0.503903
4,6.85931,0.504221
4,6.86563,0.504552
4,6.872,0.504895
4,6.87843,0.50525
4,6.8849,0.505618
4,6.89142,0.505998
4,6.898,0.50639
4,6.90462,0.506795
4,6.91129,0.507212
4,6.91801,0.507641
4,6.92478,0.508083
4,6.9316,0.508537
4,6.93847,0.509004
4,6.94538,0.509482
4,6.95235,0.509973
4,6.95937,0.510477
4,6.96643,0.510992
4,6.97354,0.51152
4,6.98071,0.51206
4,6.98792,0.512612
4,6.99518,0.513176
4,7.00248,0.513753
4,7.00984,0.514341
4,7.01725,0.514942
4,7.0247,0.515555
4,7.0322,0.51618
4,7.03976,0.516818
4,7.04736,0.517467
4,7.055,0.518128
4,7.0627,0.518802
4,7.07044,0.519487
4,7.07824,0.520185
4,7.08608,0.520894
4,7.09397,0.521616
4,7.1019,0.522349
4,7.10989,0.523095
4,7.11792,0.523852
4,7.126,0.524621
4,7.13413,0.525402
4,7.1423,0.526195
4,7.15052,0.527
4,7.15879,0.527817
4,7.16711,0.528646
4,7.17547,0.529486
4,7.18388,0.530338
4,7.19234,0.531202
4,7.20085,0.532078
4,7.2094,0.532965
4,7.218,0.533864
4,7.22664,0.534775
4,7.23533,0.535697
4,7.24407,0.536631
4,7.25286,0.537576
4,7.26169,0.538533
4,7.27056,0.539502
4,7.27949,0.540482
4,7.28846,0.541474
4,7.29747,0.542477
4,7.30653,0.543492
4,7.31564,0.544518
4,7.32479,0.545555
4,7.33399,0.546604
4,7.34323,0.547664
4,7.35252,0.548736
4,7.36185,0.549818
4,7.37123,0.550912
4,7.38066,0.552018
4,7.39012,0.553134
4,7.39964,0.554262
4,7.4092,0.5554
4,7.4188,0.55655
4,7.42844,0.557711
4,7.43814,0.558884
4,7.44787,0.560067
4,7.45765,0.561261
4,7.46747,0.562466
4,7.47734,0.563682
4,7.48725,0.564909
4,7.4972,0.566147
4,7.5072,0.567396
4,7.51724,0.568655
4,7.52733,0.569926
4,7.53745,0.571207
4,7.54762,0.572499
4,7.55784,0.573801
4,7.56809,0.575114
4,7.57839,0.576438
4,7.58873,0.577773
4,7.59911,0.579118
4,7.60954,0.580473
4,7.62,0.581839
4,7.63051,0.583216
4,7.64106,0.584603
4,7.65165,0.586
4,7.66229,0.587408
4,7.67296,0.588826
4,7.68368,0.590254
4,7.69443,0.591693
4,7.70523,0.593141
4,7.71607,0.5946
4,7.72695,0.596069
4,7.73787,0.597549
4,7.74883,0.599038
4,7.75983,0.600537
4,7.77087,0.602047
4,7.78195,0.603566
4,7.79307,0.605095
4,7.80423,0.606634
4,7.81542,0.608183
4,7.82666,0.609742
4,7.83794,0.61131
4,7.84925,0.612889
4,7.86061,0.614476
4,7.872,0.616074
4,7.88343,0.617681
4,7.8949,0.619298
4,7.90641,0.620924
4,7.91795,0.62256
4,7.92954,0.624205
4,7.94116,0.62586
4,7.95282,0.627524
4,7.96451,0.629197
4,7.97624,0.630879
4,7.98801,0.632571
4,7.99982,0.634272
4,8.01166,0.635982
4,8.02354,0.637702
4,8.03546,0.63943
4,8.04741,0.641167
4,8.0594,0.642914
4,8.07142,0.644669
4,8.08348,0.646433
4,8.09558,0.648206
4,8.10771,0.649988
4,8.11987,0.651778
4,8.13207,0.653578
4,8.1443,0.655386
4,8.15657,0.657202
4,8.16888,0.659027
4,8.18121,0.660861
4,8.19358,0.662703
4,8.20599,0.664554
4,8.21843,0.666413
4,8.2309,0.66828
4,8.2434,0.670156
4,8.25594,0.67204
4,8.26851,0.673932
4,8.28112,0.675832
4,8.29375,0.677741
4,8.30642,0.679657
4,8.31912,0.681581
4,8.33185,0.683514
4,8.34462,0.685454
4,8.35741,0.687402
4,8.37024,0.689359
4,8.3831,0.691322
4,8.39599,0.693294
4,8.40891,0.695273
4,8.42186,0.69726
4,8.43484,0.699254
4,8.44785,0.701256
4,8.46089,0.703266
4,8.47396,0.705283
4,8.48706,0.707307
4,8.50019,0.709338
4,8.51334,0.711377
4,8.52653,0.713423
4,8.53975,0.715477
4,8.55299,0.717537
4,8.56626,0.719604
4,8.57956,0.721679
4,8.59289,0.72376
4,8.60625,0.725848
4,8.61963,0.727944
4,8.63304,0.730046
4,8.64648,0.732154
4,8.65994,0.73427
4,8.67343,0.736392
4,8.68695,0.73852
4,8.70049,0.740656
4,8.71406,0.742797
4,8.72766,0.744946
4,8.74128,0.7471
4,8.75492,0.749261
4,8.76859,0.751428
4,8.78229,0.753601
4,8.79601,0.755781
4,8.80976,0.757967
4,8.82352,0.760158
4,8.83732,0.762356
4,8.85113,0.76456
4,8.86498,0.766769
4,8.87884,0.768985
4,8.89273,0.771206
4,8.90664,0.773433
4,8.92057,0.775665
4,8.93452,0.777903
4,8.9485,0.780147
4,8.9625,0.782396
4,8.97652,0.784651
4,8.99057,0.786911
4,9.00463,0.789176
4,9.01871,0.791447
4,9.03282,0.793723
4,9.04695,0.796004
4,9.06109,0.79829
4,9.07526,0.800581
4,9.08945,0.802877
4,9.10366,0.805179
4,9.11788,0.807485
4,9.13213,0.809795
4,9.14639,0.812111
4,9.16068,0.814431
4,9.17498,0.816756
4,9.1893,0.819086
4,9.20364,0.82142
4,9.21799,0.823758
4,9.23237,0.826101
4,9.24676,0.828448
4,9.26117,0.8308
4,9.27559,0.833156
4,9.29004,0.835516
4,9.3045,0.83788
4,9.31897,0.840248
4,9.33346,0.84262
4,9.34797,0.844996
4,9.36249,0.847376
4,9.37703,0.84976
4,9.39158,0.852147
4,9.40615,0.854539
4,9.42073,0.856933
4,9.43533,0.859332
4,9.44994,0.861734
4,9.46456,0.864139
4,9.4792,0.866548
4,9.49385,0.86896
4,9.50851,0.871376
4,9.52319,0.873794
4,9.53788,0.876216
4,9.55258,0.878641
4,9.5673,0.881069
4,9.58202,0.8835
4,9.59676,0.885934
4,9.61151,0.888371
4,9.62627,0.89081
4,9.64104,0.893252
4,9.65583,0.895697
4,9.67062,0.898145
4,9.68542,0.900595
4,9.70023,0.903047
4,9.71506,0.905502
4,9.72989,0.90796
4,9.74473,0.910419
4,9.75958,0.912881
4,9.77444,0.915345
4,9.78931,0.917812
4,9.80418,0.92028
4,9.81906,0.92275
4,9.83396,0.925222
4,9.84885,0.927696
4,9.86376,0.930172
4,9.87867,0.93265
4,9.89359,0.935129
4,9.90852,0.93761
4,9.92345,0.940092
4,9.93839,0.942576
4,9.95333,0.945062
4,9.96828,0.947549
4,9.98324,0.950037
4,9.9982,0.952526
4,10.0132,0.955017
4,10.0281,0.957508
4,10.0431,0.960001
4,10.0581,0.962495
4,10.0731,0.964989
4,10.088,0.967485
4,10.103,0.969981
4,10.118,0.972478
4,10.133,0.974976
4,10.148,0.977475
4,10.163,0.979973
4,10.178,0.982473
4,10.193,0.984973
4,10.208,0.987473
4,10.223,0.989974
4,10.238,0.992475
4,10.253,0.994976
4,10.268,0.997477
4,10.2831,0.999978
4,10.2981,1.00248
4,10.3131,1.00498
4,10.3281,1.00748
4,10.3431,1.00998
4,10.3581,1.01248
4,10.3731,1.01498
4,10.3881,1.01748
4,10.4031,1.01998
4,10.4181,1.02248
4,10.4331,1.02498
4,10.4481,1.02748
4,10.4631,1.02998
4,10.4781,1.03247
4,10.493,1.03497
4,10.508,1.03746
4,10.523,1.03996
4,10.538,1.04245
4,10.5529,1.04494
4,10.5679,1.04743
4,10.5829,1.04992
4,10.5978,1.05241
4,10.6128,1.05489
4,10.6277,1.05738
4,10.6427,1.05986
4,10.6576,1.06235
4,10.6725,1.06483
4,10.6874,1.06731
4,10.7023,1.06978
4,10.7173,1.07226
4,10.7322,1.07473
4,10.747,1.07721
4,10.7619,1.07968
4,10.7768,1.08215
4,10.7917,1.08461
4,10.8065,1.08708
4,10.8214,1.08954
4,10.8362,1.092
4,10.8511,1.09445
4,10.8659,1.09691
4,10.8807,1.09936
4,10.8955,1.10181
4,10.9103,1.10426
4,10.9251,1.1067
4,10.9398,1.10915
4,10.9546,1.11159
4,10.9694,1.11402
4,10.9841,1.11646
4,10.9988,1.11889
4,11.0135,1.12132
4,11.0282,1.12374
4,11.0429,1.12616
4,11.0576,1.12858
4,11.0723,1.131
4,11.0869,1.13341
4,11.1016,1.13582
4,11.1162,1.13822
4,11.1308,1.14063
4,11.1454,1.14302
4,11.16,1.14542
4,11.1745,1.14781
4,11.1891,1.1502
4,11.2036,1.15258
4,11.2181,1.15496
4,11.2327,1.15734
4,11.2471,1.15971
4,11.2616,1.16208
4,11.2761,1.16444
4,11.2905,1.1668
4,11.305,1.16916
4,11.3194,1.17151
4,11.3338,1.17386
4,11.3481,1.1762
4,11.3625,1.17854
4,11.3768,1.18087
4,11.3911,1.1832
4,11.4054,1.18553
4,11.4197,1.18785
4,11.434,1.19016
4,11.4482,1.19248
4,11.4625,1.19478
4,11.4767,1.19708
4,11.4909,1.19938
4,11.505,1.20167
4,11.5192,1.20396
4,11.5333,1.20624
4,11.5474,1.20851
4,11.5615,1.21078
4,11.5756,1.21305
4,11.5896,1.21531
4,11.6036,1.21756
4,11.6176,1.21981
4,11.6316,1.22206
4,11.6456,1.2243
4,11.6595,1.22653
4,11.6734,1.22876
4,11.6873,1.23098
4,11.7012,1.23319
4,11.715,1.2354
4,11.7288,1.23761
4,11.7426,1.2398
4,11.7564,1.242
4,11.7701,1.24418
4,11.7838,1.24636
4,11.7975,1.24853
4,11.8112,1.2507
4,11.8249,1.25286
4,11.8385,1.25502
4,11.8521,1.25717
4,11.8656,1.25931
4,11.8792,1.26144
4,11.8927,1.26357
4,11.9062,1.26569
4,11.9197,1.26781
4,11.9331,1.26992
4,11.9465,1.27202
4,11.9599,1.27412
4,11.9732,1.2762
4,11.9866,1.27828
4,11.9999,1.28036
4,12.0131,1.28243
4,12.0264,1.28449
4,12.0396,1.28654
4,12.0528,1.28859
4,12.066,1.29063
4,12.0791,1.29266
4,12.0922,1.29468
4,12.1053,1.2967
4,12.1183,1.29871
4,12.1313,1.30071
4,12.1443,1.30271
4,12.1572,1.30469
4,12.1702,1.30667
4,12.183,1.30864
4,12.1959,1.31061
4,12.2087,1.31256
4,12.2215,1.31451
4,12.2343,1.31645
4,12.247,1.31838
4,12.2597,1.32031
4,12.2724,1.32223
4,12.285,1.32413
4,12.2976,1.32603
4,12.3102,1.32793
4,12.3227,1.32981
4,12.3353,1.33169
4,12.3477,1.33355
4,12.3602,1.33541
4,12.3726,1.33726
4,12.3849,1.33911
4,12.3973,1.34094
4,12.4096,1.34277
4,12.4219,1.34458
4,12.4341,1.34639
4,12.4463,1.34819
4,12.4585,1.34998
4,12.4706,1.35176
4,12.4827,1.35354
4,12.4947,1.3553
4,12.5068,1.35706
4,12.5188,1.3588
4,12.5307,1.36054
4,12.5426,1.36227
4,12.5545,1.36399
4,12.5663,1.3657
4,12.5782,1.3674
4,12.5899,1.36909
4,12.6017,1.37077
4,12.6134,1.37245
4,12.625,1.37411
4,12.6366,1.37577
4,12.6482,1.37741
4,12.6598,1.37905
4,12.6713,1.38067
4,12.6827,1.38229
4,12.6942,1.3839
4,12.7056,1.3855
4,12.7169,1.38708
4,12.7282,1.38866
4,12.7395,1.39023
4,12.7508,1.39179
4,12.7619,1.39334
4,12.7731,1.39488
4,12.7842,1.39641
4,12.7953,1.39793
4,12.8064,1.39944
4,12.8174,1.40094
4,12.8283,1.40243
4,12.8392,1.4039
4,12.8501,1.40537
4,12.8609,1.40683
4,12.8717,1.40828
4,12.8825,1.40972
4,12.8932,1.41115
4,12.9039,1.41257
4,12.9145,1.41398
4,12.9251,1.41537
4,12.9357,1.41676
4,12.9462,1.41814
4,12.9567,1.4195
4,12.9671,1.42086
4,12.9775,1.4222
4,12.9878,1.42354
4,12.9981,1.42486
4,13.0084,1.42618
4,13.0186,1.42748
4,13.0287,1.42877
4,13.0389,1.43005
4,13.049,1.43132
4,13.059,1.43258
4,13.069,1.43383
4,13.0789,1.43507
4,13.0889,1.4363
4,13.0987,1.43751
4,13.1085,1.43872
4,13.1183,1.43991
4,13.1281,1.4411
4,13.1378,1.44227
4,13.1474,1.44343
4,13.157,1.44458
4,13.1666,1.44572
4,13.1761,1.44685
4,13.1855,1.44796
4,13.195,1.44907
4,13.2044,1.45016
4,13.2137,1.45125
4,13.223,1.45232
4,13.2322,1.45338
4,13.2414,1.45443
4,13.2506,1.45546
4,13.2597,1.45649
4,13.2687,1.45751
4,13.2778,1.45851
4,13.2867,1.4595
4,13.2957,1.46048
4,13.3045,1.46145
4,13.3134,1.46241
4,13.3221,1.46335
4,13.3309,1.46429
4,13.3396,1.46521
4,13.3482,1.46612
4,13.3568,1.46702
4,13.3654,1.46791
4,13.3739,1.46878
4,13.3823,1.46965
4,13.3908,1.4705
4,13.3991,1.47134
4,13.4074,1.47217
4,13.4157,1.47299
4,13.4239,1.47379
4,13.4321,1.47458
4,13.4402,1.47537
4,13.4483,1.47613
4,13.4563,1.47689
4,13.4643,1.47764
4,13.4723,1.47837
4,13.4802,1.47909
4,13.488,1.4798
4,13.4958,1.4805
4,13.5035,1.48119
4,13.5112,1.48186
4,13.5189,1.48252
4,13.5265,1.48317
4,13.534,1.48381
4,13.5415,1.48443
4,13.549,1.48505
4,13.5564,1.48565
4,13.5638,1.48624
4,13.5711,1.48681
4,13.5783,1.48738
4,13.5855,1.48793
4,13.5927,1.48847
4,13.5998,1.489
4,13.6069,1.48951
4,13.6139,1.49002
4,13.6209,1.49051
4,13.6278,1.49099
4,13.6347,1.49145
4,13.6415,1.49191
4,13.6482,1.49235
4,13.655,1.49278
4,13.6616,1.4932
4,13.6683,1.4936
4,13.6748,1.494
4,13.6814,1.49438
4,13.6878,1.49474
4,13.6943,1.4951
4,13.7006,1.49544
4,13.707,1.49577
4,13.7132,1.49609
4,13.7195,1.4964
4,13.7256,1.49669
4,13.7318,1.49697
4,13.7378,1.49724
4,13.7439,1.4975
4,13.7498,1.49774
4,13.7558,1.49797
4,13.7616,1.49819
4,13.7675,1.4984
4,13.7733,1.49859
4,13.779,1.49877
4,13.7847,1.49894
4,13.7903,1.4991
4,13.7959,1.49924
4,13.8014,1.49937
4,13.8069,1.49949
4,13.8123,1.4996
4,13.8177,1.49969
4,13.823,1.49977
4,13.8283,1.49984
4,13.8335,1.4999
4,13.8387,1.49994
4,13.8438,1.49997
4,13.8489,1.49999
4,13.8539,1.5
4,13.8589,1.49999
4,13.8638,1.49998
4,13.8687,1.49994
4,13.8735,1.4999
4,13.8783,1.49984
4,13.883,1.49978
4,13.8877,1.49969
4,13.8923,1.4996
4,13.8969,1.49949
4,13.9015,1.49938
4,13.9059,1.49924
4,13.9104,1.4991
4,13.9147,1.49894
4,13.9191,1.49878
4,13.9233,1.4986
4,13.9276,1.4984
4,13.9318,1.4982
4,13.9359,1.49798
4,13.94,1.49775
4,13.944,1.4975
4,13.948,1.49725
4,13.9519,1.49698
4,13.9558,1.4967
4,13.9596,1.4964
4,13.9634,1.4961
4,13.9671,1.49578
4,13.9708,1.49545
4,13.9744,1.49511
4,13.978,1.49475
4,13.9815,1.49438
4,13.985,1.494
4,13.9885,1.49361
4,13.9918,1.49321
4,13.9952,1.49279
4,13.9985,1.49236
4,14.0017,1.49192
4,14.0049,1.49146
4,14.008,1.491
4,14.0111,1.49052
4,14.0141,1.49003
4,14.0171,1.48953
4,14.0201,1.48901
4,14.023,1.48848
4,14.0258,1.48794
4,14.0286,1.48739
4,14.0313,1.48683
4,14.034,1.48625
4,14.0367,1.48566
4,14.0393,1.48506
4,14.0418,1.48445
4,14.0443,1.48382
4,14.0468,1.48319
4,14.0492,1.48254
4,14.0516,1.48187
4,14.0539,1.4812
4,14.0561,1.48052
4,14.0583,1.47982
4,14.0605,1.47911
4,14.0626,1.47839
4,14.0647,1.47765
4,14.0667,1.47691
4,14.0687,1.47615
4,14.0706,1.47538
4,14.0725,1.4746
4,14.0743,1.47381
4,14.0761,1.473
4,14.0778,1.47219
4,14.0795,1.47136
4,14.0812,1.47052
4,14.0828,1.46967
4,14.0843,1.4688
4,14.0858,1.46793
4,14.0873,1.46704
4,14.0887,1.46614
4,14.09,1.46523
4,14.0913,1.46431
4,14.0926,1.46337
4,14.0938,1.46243
4,14.095,1.46147
4,14.0961,1.4605
4,14.0972,1.45952
4,14.0983,1.45853
4,14.0992,1.45753
4,14.1002,1.45651
4,14.1011,1.45549
4,14.1019,1.45445
4,14.1027,1.4534
4,14.1035,1.45234
4,14.1042,1.45127
4,14.1049,1.45019
4,14.1055,1.44909
4,14.1061,1.44799
4,14.1066,1.44687
4,14.1071,1.44574
4,14.1076,1.4446
4,14.108,1.44345
4,14.1083,1.44229
4,14.1087,1.44112
4,14.1089,1.43994
4,14.1092,1.43874
4,14.1093,1.43754
4,14.1095,1.43632
4,14.1096,1.4351
4,14.1096,1.43386
4,14.1096,1.43261
4,14.1096,1.43135
4,14.1095,1.43008
4,14.1094,1.4288
4,14.1092,1.42751
4,14.109,1.4262
4,14.1088,1.42489
4,14.1085,1.42357
4,14.1081,1.42223
4,14.1078,1.42089
4,14.1073,1.41953
4,14.1069,1.41817
4,14.1064,1.41679
4,14.1058,1.4154
4,14.1052,1.41401
4,14.1046,1.4126
4,14.104,1.41118
4,14.1032,1.40975
4,14.1025,1.40831
4,14.1017,1.40686
4,14.1009,1.40541
4,14.1,1.40394
4,14.0991,1.40246
4,14.0981,1.40097
4,14.0971,1.39947
4,14.0961,1.39796
4,14.095,1.39644
4,14.0939,1.39491
4,14.0928,1.39337
4,14.0916,1.39182
4,14.0903,1.39027
4,14.0891,1.3887
4,14.0877,1.38712
4,14.0864,1.38553
4,14.085,1.38393
4,14.0836,1.38233
4,14.0821,1.38071
4,14.0806,1.37908
4,14.0791,1.37745
4,14.0775,1.3758
4,14.0759,1.37415
4,14.0742,1.37248
4,14.0725,1.37081
4,14.0708,1.36913
4,14.069,1.36744
4,14.0672,1.36574
4,14.0654,1.36403
4,14.0635,1.36231
4,14.0616,1.36058
4,14.0597,1.35884
4,14.0577,1.35709
4,14.0557,1.35534
4,14.0536,1.35357
4,14.0515,1.3518
4,14.0494,1.35002
4,14.0472,1.34823
4,14.0451,1.34643
4,14.0428,1.34462
4,14.0406,1.34281
4,14.0383,1.34098
4,14.0359,1.33915
4,14.0336,1.3373
4,14.0312,1.33545
4,14.0287,1.3336
4,14.0263,1.33173
4,14.0238,1.32985
4,14.0212,1.32797
4,14.0187,1.32608
4,14.0161,1.32418
4,14.0134,1.32227
4,14.0108,1.32035
4,14.0081,1.31843
4,14.0053,1.31649
4,14.0026,1.31455
4,13.9998,1.31261
4,13.997,1.31065
4,13.9941,1.30869
4,13.9912,1.30671
4,13.9883,1.30474
4,13.9854,1.30275
4,13.9824,1.30075
4,13.9794,1.29875
4,13.9764,1.29674
4,13.9733,1.29473
4,13.9702,1.2927
4,13.9671,1.29067
4,13.9639,1.28863
4,13.9607,1.28659
4,13.9575,1.28453
4,13.9543,1.28247
4,13.951,1.2804
4,13.9477,1.27833
4,13.9444,1.27625
4,13.9411,1.27416
4,13.9377,1.27207
4,13.9343,1.26996
4,13.9308,1.26785
4,13.9274,1.26574
4,13.9239,1.26362
4,13.9204,1.26149
4,13.9169,1.25935
4,13.9133,1.25721
4,13.9097,1.25506
4,13.9061,1.25291
4,13.9024,1.25075
4,13.8988,1.24858
4,13.8951,1.24641
4,13.8914,1.24423
4,13.8876,1.24204
4,13.8839,1.23985
4,13.8801,1.23765
4,13.8763,1.23545
4,13.8724,1.23324
4,13.8686,1.23103
4,13.8647,1.2288
4,13.8608,1.22658
4,13.8569,1.22434
4,13.8529,1.22211
4,13.8489,1.21986
4,13.8449,1.21761
4,13.8409,1.21536
4,13.8369,1.2131
4,13.8328,1.21083
4,13.8287,1.20856
4,13.8246,1.20629
4,13.8205,1.20401
4,13.8164,1.20172
4,13.8122,1.19943
4,13.808,1.19713
4,13.8038,1.19483
4,13.7996,1.19253
4,13.7954,1.19021
4,13.7911,1.1879
4,13.7868,1.18558
4,13.7825,1.18325
4,13.7782,1.18092
4,13.7739,1.17859
4,13.7695,1.17625
4,13.7652,1.17391
4,13.7608,1.17156
4,13.7564,1.16921
4,13.752,1.16685
4,13.7475,1.16449
4,13.7431,1.16213
4,13.7386,1.15976
4,13.7341,1.15739
4,13.7296,1.15501
4,13.7251,1.15263
4,13.7206,1.15025
4,13.716,1.14786
4,13.7115,1.14547
4,13.7069,1.14308
4,13.7023,1.14068
4,13.6977,1.13828
4,13.6931,1.13587
4,13.6884,1.13346
4,13.6838,1.13105
4,13.6791,1.12863
4,13.6744,1.12622
4,13.6698,1.12379
4,13.6651,1.12137
4,13.6604,1.11894
4,13.6556,1.11651
4,13.6509,1.11408
4,13.6462,1.11164
4,13.6414,1.1092
4,13.6366,1.10676
4,13.6319,1.10431
4,13.6271,1.10187
4,13.6223,1.09942
4,13.6175,1.09696
4,13.6127,1.09451
4,13.6078,1.09205
4,13.603,1.08959
4,13.5981,1.08713
4,13.5933,1.08467
4,13.5884,1.0822
4,13.5836,1.07973
4,13.5787,1.07726
4,13.5738,1.07479
4,13.5689,1.07231
4,13.564,1.06984
4,13.5591,1.06736
4,13.5542,1.06488
4,13.5493,1.0624
4,13.5443,1.05992
4,13.5394,1.05743
4,13.5345,1.05495
4,13.5295,1.05246
4,13.5246,1.04997
4,13.5196,1.04748
4,13.5146,1.04499
4,13.5097,1.0425
4,13.5047,1.04001
4,13.4997,1.03752
4,13.4948,1.03502
4,13.4898,1.03253
4,13.4848,1.03003
4,13.4798,1.02753
4,13.4748,1.02503
4,13.4698,1.02254
4,13.4648,1.02004
4,13.4598,1.01754
4,13.4548,1.01504
4,13.4499,1.01254
4,13.4449,1.01004
4,13.4398,1.00754
4,13.4348,1.00504
4,13.4298,1.00253
4,13.4248,1.00003
4,13.4198,0.997532
4,13.4148,0.99503
4,13.4098,0.992529
4,13.4048,0.990028
4,13.3998,0.987528
4,13.3948,0.985028
4,13.3898,0.982528
4,13.3848,0.980028
4,13.3799,0.977529
4,13.3749,0.975031
4,13.3699,0.972533
4,13.3649,0.970036
4,13.3599,0.967539
4,13.3549,0.965044
4,13.3499,0.962549
4,13.345,0.960055
4,13.34,0.957563
4,13.335,0.955071
4,13.3301,0.95258
4,13.3251,0.950091
4,13.3202,0.947603
4,13.3152,0.945116
4,13.3103,0.942631
4,13.3054,0.940147
4,13.3004,0.937664
4,13.2955,0.935183
4,13.2906,0.932704
4,13.2857,0.930226
4,13.2808,0.92775
4,13.2759,0.925276
4,13.271,0.922804
4,13.2661,0.920334
4,13.2613,0.917865
4,13.2564,0.915399
4,13.2515,0.912935
4,13.2467,0.910473
4,13.2419,0.908013
4,13.237,0.905556
4,13.2322,0.903101
4,13.2274,0.900648
4,13.2226,0.898198
4,13.2178,0.895751
4,13.213,0.893306
4,13.2083,0.890863
4,13.2035,0.888424
4,13.1988,0.885987
4,13.194,0.883553
4,13.1893,0.881122
4,13.1846,0.878694
4,13.1799,0.876269
4,13.1752,0.873847
4,13.1706,0.871429
4,13.1659,0.869013
4,13.1613,0.866601
4,13.1566,0.864192
4,13.152,0.861786
4,13.1474,0.859384
4,13.1428,0.856986
4,13.1382,0.854591
4,13.1337,0.8522
4,13.1291,0.849812
4,13.1246,0.847428
4,13.1201,0.845048
4,13.1156,0.842672
4,13.1111,0.8403
4,13.1066,0.837931
4,13.1021,0.835567
4,13.0977,0.833207
4,13.0933,0.830851
4,13.0889,0.8285
4,13.0845,0.826152
4,13.0801,0.823809
4,13.0758,0.821471
4,13.0714,0.819137
4,13.0671,0.816807
4,13.0628,0.814482
4,13.0586,0.812162
4,13.0543,0.809846
4,13.05,0.807535
4,13.0458,0.805229
4,13.0416,0.802928
4,13.0374,0.800631
4,13.0333,0.79834
4,13.0291,0.796054
4,13.025,0.793773
4,13.0209,0.791497
4,13.0168,0.789226
4,13.0128,0.78696
4,13.0087,0.7847
4,13.0047,0.782445
4,13.0007,0.780196
4,12.9968,0.777952
4,12.9928,0.775714
4,12.9889,0.773481
4,12.985,0.771254
4,12.9811,0.769033
4,12.9772,0.766818
4,12.9734,0.764608
4,12.9696,0.762404
4,12.9658,0.760206
4,12.962,0.758014
4,12.9583,0.755829
4,12.9546,0.753649
4,12.9509,0.751476
4,12.9472,0.749308
4,12.9436,0.747147
4,12.94,0.744993
4,12.9364,0.742844
4,12.9328,0.740702
4,12.9293,0.738567
4,12.9257,0.736438
4,12.9223,0.734316
4,12.9188,0.7322
4,12.9154,0.730092
4,12.912,0.727989
5,5,1
5,5.01751,1.0025
5,5.03502,1.005
5,5.05252,1.0075
5,5.07003,1.01
5,5.08754,1.0125
5,5.10504,1.01501
5,5.12254,1.01751
5,5.14004,1.02
5,5.15754,1.0225
5,5.17504,1.025
5,5.19253,1.0275
5,5.21001,1.03
5,5.2275,1.03249
5,5.24498,1.03499
5,5.26246,1.03748
5,5.27993,1.03998
5,5.29739,1.04247
5,5.31485,1.04496
5,5.33231,1.04745
5,5.34976,1.04994
5,5.3672,1.05243
5,5.38464,1.05492
5,5.40207,1.0574
5,5.41949,1.05989
5,5.4369,1.06237
5,5.45431,1.06485
5,5.47171,1.06733
5,5.4891,1.06981
5,5.50648,1.07228
5,5.52386,1.07476
5,5.54122,1.07723
5,5.55857,1.0797
5,5.57592,1.08217
5,5.59325,1.08463
5,5.61057,1.0871
5,5.62789,1.08956
5,5.64519,1.09202
5,5.66248,1.09448
5,5.67975,1.09693
5,5.69702,1.09938
5,5.71427,1.10183
5,5.73151,1.10428
5,5.74874,1.10673
5,5.76595,1.10917
5,5.78315,1.11161
5,5.80034,1.11404
5,5.81751,1.11648
5,5.83467,1.11891
5,5.85181,1.12134
5,5.86894,1.12376
5,5.88605,1.12618
5,5.90315,1.1286
5,5.92023,1.13102
5,5.93729,1.13343
5,5.95434,1.13584
5,5.97137,1.13825
5,5.98838,1.14065
5,6.00537,1.14305
5,6.02235,1.14544
5,6.03931,1.14783
5,6.05625,1.15022
5,6.07317,1.1526
5,6.09007,1.15498
5,6.10696,1.15736
5,6.12382,1.15973
5,6.14066,1.1621
5,6.15749,1.16446
5,6.17429,1.16682
5,6.19107,1.16918
5,6.20783,1.17153
5,6.22457,1.17388
5,6.24129,1.17622
5,6.25798,1.17856
5,6.27466,1.18089
5,6.29131,1.18322
5,6.30793,1.18555
5,6.32454,1.18787
5,6.34112,1.19018
5,6.35767,1.1925
5,6.37421,1.1948
5,6.39072,1.1971
5,6.4072,1.1994
5,6.42366,1.20169
5,6.44009,1.20398
5,6.4565,1.20626
5,6.47288,1.20853
5,6.48924,1.2108
5,6.50557,1.21307
5,6.52187,1.21533
5,6.53815,1.21758
5,6.55439,1.21983
5,6.57062,1.22208
5,6.58681,1.22432
5,6.60297,1.22655
5,6.61911,1.22877
5,6.63522,1.231
5,6.6513,1.23321
5,6.66735,1.23542
5,6.68337,1.23762
5,6.69936,1.23982
5,6.71532,1.24201
5,6.73125,1.2442
5,6.74716,1.24638
5,6.76302,1.24855
5,6.77886,1.25072
5,6.79467,1.25288
5,6.81045,1.25504
5,6.82619,1.25718
5,6.8419,1.25933
5,6.85758,1.26146
5,6.87323,1.26359
5,6.88884,1.26571
5,6.90442,1.26783
5,6.91997,1.26994
5,6.93548,1.27204
5,6.95096,1.27413
5,6.9664,1.27622
5,6.98181,1.2783
5,6.99719,1.28038
5,7.01253,1.28245
5,7.02783,1.28451
5,7.0431,1.28656
5,7.05833,1.2886
5,7.07353,1.29064
5,7.08869,1.29268
5,7.10381,1.2947
5,7.1189,1.29672
5,7.13395,1.29873
5,7.14896,1.30073
5,7.16394,1.30272
5,7.17888,1.30471
5,7.19377,1.30669
5,7.20863,1.30866
5,7.22346,1.31062
5,7.23824,1.31258
5,7.25298,1.31453
5,7.26769,1.31647
5,7.28235,1.3184
5,7.29698,1.32033
5,7.31156,1.32224
5,7.32611,1.32415
5,7.34061,1.32605
5,7.35508,1.32794
5,7.3695,1.32983
5,7.38388,1.3317
5,7.39822,1.33357
5,7.41252,1.33543
5,7.42677,1.33728
5,7.44099,1.33912
5,7.45516,1.34096
5,7.46929,1.34278
5,7.48337,1.3446
5,7.49742,1.34641
5,7.51141,1.34821
5,7.52537,1.35
5,7.53928,1.35178
5,7.55315,1.35355
5,7.56697,1.35532
5,7.58075,1.35707
5,7.59449,1.35882
5,7.60818,1.36055
5,7.62182,1.36228
5,7.63542,1.364
5,7.64897,1.36571
5,7.66248,1.36741
5,7.67594,1.36911
5,7.68936,1.37079
5,7.70273,1.37246
5,7.71605,1.37413
5,7.72933,1.37578
5,7.74256,1.37743
5,7.75574,1.37906
5,7.76887,1.38069
5,7.78196,1.3823
5,7.795,1.38391
5,7.80799,1.38551
5,7.82093,1.3871
5,7.83382,1.38868
5,7.84667,1.39024
5,7.85947,1.3918
5,7.87221,1.39335
5,7.88491,1.39489
5,7.89756,1.39642
5,7.91016,1.39794
5,7.92271,1.39945
5,7.93521,1.40095
5,7.94766,1.40244
5,7.96006,1.40392
5,7.97241,1.40539
5,7.9847,1.40685
5,7.99695,1.40829
5,8.00915,1.40973
5,8.02129,1.41116
5,8.03339,1.41258
5,8.04543,1.41399
5,8.05742,1.41539
5,8.06935,1.41677
5,8.08124,1.41815
5,8.09307,1.41951
5,8.10485,1.42087
5,8.11658,1.42222
5,8.12826,1.42355
5,8.13988,1.42487
5,8.15145,1.42619
5,8.16296,1.42749
5,8.17443,1.42878
5,8.18583,1.43006
5,8.19719,1.43133
5,8.20849,1.43259
5,8.21974,1.43384
5,8.23093,1.43508
5,8.24207,1.43631
5,8.25315,1.43752
5,8.26418,1.43873
5,8.27515,1.43992
5,8.28607,1.44111
5,8.29693,1.44228
5,8.30774,1.44344
5,8.3185,1.44459
5,8.32919,1.44573
5,8.33983,1.44686
5,8.35042,1.44797
5,8.36095,1.44908
5,8.37142,1.45017
5,8.38184,1.45126
5,8.3922,1.45233
5,8.4025,1.45339
5,8.41275,1.45444
5,8.42294,1.45547
5,8.43307,1.4565
5,8.44315,1.45751
5,8.45317,1.45852
5,8.46313,1.45951
5,8.47303,1.46049
5,8.48288,1.46146
5,8.49267,1.46242
5,8.5024,1.46336
5,8.51207,1.4643
5,8.52169,1.46522
5,8.53124,1.46613
5,8.54074,1.46703
5,8.55018,1.46791
5,8.55956,1.46879
5,8.56888,1.46965
5,8.57815,1.47051
5,8.58735,1.47135
5,8.5965,1.47218
5,8.60558,1.47299
5,8.61461,1.4738
5,8.62358,1.47459
5,8.63249,1.47537
5,8.64134,1.47614
5,8.65013,1.4769
5,8.65886,1.47764
5,8.66753,1.47838
5,8.67614,1.4791
5,8.68469,1.47981
5,8.69318,1.48051
5,8.70161,1.48119
5,8.70998,1.48187
5,8.71829,1.48253
5,8.72654,1.48318
5,8.73473,1.48381
5,8.74286,1.48444
5,8.75093,1.48505
5,8.75893,1.48565
5,8.76688,1.48624
5,8.77476,1.48682
5,8.78259,1.48738
5,8.79035,1.48794
5,8.79806,1.48848
5,8.8057,1.489
5,8.81328,1.48952
5,8.8208,1.49002
5,8.82825,1.49051
5,8.83565,1.49099
5,8.84299,1.49146
5,8.85026,1.49191
5,8.85747,1.49235
5,8.86462,1.49278
5,8.87171,1.4932
5,8.87874,1.49361
5,8.8857,1.494
5,8.89261,1.49438
5,8.89945,1.49475
5,8.90623,1.4951
5,8.91294,1.49545
5,8.9196,1.49578
5,8.92619,1.49609
5,8.93273,1.4964
5,8.9392,1.49669
5,8.9456,1.49697
5,8.95195,1.49724
5,8.95823,1.4975
5,8.96445,1.49774
5,8.97061,1.49797
5,8.97671,1.49819
5,8.98274,1.4984
5,8.98871,1.49859
5,8.99462,1.49877
5,9.00047,1.49894
5,9.00625,1.4991
5,9.01197,1.49924
5,9.01763,1.49937
5,9.02323,1.49949
5,9.02876,1.4996
5,9.03423,1.49969
5,9.03964,1.49977
5,9.04499,1.49984
5,9.05027,1.4999
5,9.0555,1.49994
5,9.06065,1.49997
5,9.06575,1.49999
5,9.07079,1.5
5,9.07576,1.49999
5,9.08067,1.49998
5,9.08551,1.49994
5,9.0903,1.4999
5,9.09502,1.49984
5,9.09968,1.49977
5,9.10427,1.49969
5,9.1088,1.4996
5,9.11328,1.49949
5,9.11768,1.49937
5,9.12203,1.49924
5,9.12631,1.4991
5,9.13054,1.49894
5,9.13469,1.49877
5,9.13879,1.49859
5,9.14282,1.4984
5,9.1468,1.49819
5,9.1507,1.49797
5,9.15455,1.49774
5,9.15834,1.4975
5,9.16206,1.49724
5,9.16572,1.49698
5,9.16932,1.49669
5,9.17285,1.4964
5,9.17633,1.4961
5,9.17974,1.49578
5,9.18309,1.49545
5,9.18637,1.4951
5,9.1896,1.49475
5,9.19276,1.49438
5,9.19587,1.494
5,9.19891,1.49361
5,9.20188,1.4932
5,9.2048,1.49279
5,9.20766,1.49236
5,9.21045,1.49191
5,9.21318,1.49146
5,9.21585,1.49099
5,9.21846,1.49052
5,9.22101,1.49002
5,9.22349,1.48952
5,9.22592,1.48901
5,9.22828,1.48848
5,9.23058,1.48794
5,9.23283,1.48739
5,9.23501,1.48682
5,9.23713,1.48624
5,9.23919,1.48566
5,9.24118,1.48506
5,9.24312,1.48444
5,9.245,1.48382
5,9.24681,1.48318
5,9.24857,1.48253
5,9.25026,1.48187
5,9.2519,1.4812
5,9.25347,1.48051
5,9.25499,1.47981
5,9.25644,1.4791
5,9.25784,1.47838
5,9.25917,1.47765
5,9.26045,1.4769
5,9.26166,1.47614
5,9.26282,1.47538
5,9.26392,1.47459
5,9.26495,1.4738
5,9.26593,1.473
5,9.26685,1.47218
5,9.26771,1.47135
5,9.26851,1.47051
5,9.26925,1.46966
5,9.26993,1.46879
5,9.27056,1.46792
5,9.27112,1.46703
5,9.27163,1.46613
5,9.27208,1.46522
5,9.27247,1.4643
5,9.2728,1.46337
5,9.27308,1.46242
5,9.27329,1.46146
5,9.27345,1.46049
5,9.27356,1.45951
5,9.2736,1.45852
5,9.27359,1.45752
5,9.27351,1.4565
5,9.27339,1.45548
5,9.2732,1.45444
5,9.27296,1.45339
5,9.27266,1.45233
5,9.27231,1.45126
5,9.2719,1.45018
5,9.27143,1.44908
5,9.2709,1.44798
5,9.27032,1.44686
5,9.26969,1.44573
5,9.269,1.44459
5,9.26825,1.44344
5,9.26745,1.44228
5,9.26659,1.44111
5,9.26567,1.43993
5,9.26471,1.43873
5,9.26368,1.43753
5,9.2626,1.43631
5,9.26147,1.43509
5,9.26028,1.43385
5,9.25904,1.4326
5,9.25775,1.43134
5,9.2564,1.43007
5,9.25499,1.42879
5,9.25354,1.4275
5,9.25203,1.42619
5,9.25046,1.42488
5,9.24885,1.42356
5,9.24718,1.42222
5,9.24545,1.42088
5,9.24368,1.41952
5,9.24185,1.41815
5,9.23997,1.41678
5,9.23804,1.41539
5,9.23605,1.41399
5,9.23402,1.41259
5,9.23193,1.41117
5,9.22979,1.40974
5,9.2276,1.4083
5,9.22536,1.40685
5,9.22306,1.40539
5,9.22072,1.40392
5,9.21833,1.40244
5,9.21588,1.40096
5,9.21339,1.39946
5,9.21084,1.39795
5,9.20825,1.39643
5,9.20561,1.3949
5,9.20291,1.39336
5,9.20017,1.39181
5,9.19738,1.39025
5,9.19454,1.38868
5,9.19165,1.3871
5,9.18871,1.38552
5,9.18573,1.38392
5,9.18269,1.38231
5,9.17961,1.3807
5,9.17648,1.37907
5,9.17331,1.37743
5,9.17008,1.37579
5,9.16681,1.37413
5,9.1635,1.37247
5,9.16013,1.3708
5,9.15672,1.36911
5,9.15326,1.36742
5,9.14976,1.36572
5,9.14621,1.36401
5,9.14262,1.36229
5,9.13898,1.36056
5,9.1353,1.35883
5,9.13157,1.35708
5,9.12779,1.35532
5,9.12397,1.35356
5,9.12011,1.35179
5,9.1162,1.35
5,9.11225,1.34821
5,9.10826,1.34641
5,9.10422,1.34461
5,9.10014,1.34279
5,9.09602,1.34096
5,9.09185,1.33913
5,9.08764,1.33729
5,9.08339,1.33544
5,9.0791,1.33358
5,9.07477,1.33171
5,9.07039,1.32984
5,9.06597,1.32795
5,9.06151,1.32606
5,9.05702,1.32416
5,9.05248,1.32225
5,9.0479,1.32033
5,9.04328,1.31841
5,9.03862,1.31648
5,9.03392,1.31454
5,9.02918,1.31259
5,9.0244,1.31063
5,9.01958,1.30867
5,9.01473,1.3067
5,9.00983,1.30472
5,9.0049,1.30273
5,8.99993,1.30074
5,8.99492,1.29873
5,8.98988,1.29673
5,8.9848,1.29471
5,8.97968,1.29268
5,8.97452,1.29065
5,8.96933,1.28861
5,8.9641,1.28657
5,8.95884,1.28451
5,8.95354,1.28245
5,8.94821,1.28039
5,8.94284,1.27831
5,8.93743,1.27623
5,8.93199,1.27414
5,8.92652,1.27205
5,8.92101,1.26995
5,8.91547,1.26784
5,8.9099,1.26572
5,8.90429,1.2636
5,8.89865,1.26147
5,8.89297,1.25933
5,8.88727,1.25719
5,8.88153,1.25505
5,8.87576,1.25289
5,8.86996,1.25073
5,8.86412,1.24856
5,8.85826,1.24639
5,8.85236,1.24421
5,8.84644,1.24202
5,8.84048,1.23983
5,8.8345,1.23763
5,8.82848,1.23543
5,8.82243,1.23322
5,8.81636,1.23101
5,8.81026,1.22878
5,8.80412,1.22656
5,8.79796,1.22433
5,8.79178,1.22209
5,8.78556,1.21984
5,8.77932,1.21759
5,8.77304,1.21534
5,8.76675,1.21308
5,8.76042,1.21081
5,8.75407,1.20854
5,8.74769,1.20627
5,8.74129,1.20399
5,8.73486,1.2017
5,8.72841,1.19941
5,8.72193,1.19711
5,8.71543,1.19481
5,8.7089,1.19251
5,8.70235,1.19019
5,8.69577,1.18788
5,8.68917,1.18556
5,8.68255,1.18323
5,8.67591,1.1809
5,8.66924,1.17857
5,8.66255,1.17623
5,8.65584,1.17389
5,8.6491,1.17154
5,8.64235,1.16919
5,8.63557,1.16683
5,8.62877,1.16447
5,8.62196,1.16211
5,8.61512,1.15974
5,8.60826,1.15737
5,8.60138,1.15499
5,8.59448,1.15261
5,8.58757,1.15023
5,8.58063,1.14784
5,8.57368,1.14545
5,8.56671,1.14306
5,8.55972,1.14066
5,8.55271,1.13826
5,8.54568,1.13585
5,8.53864,1.13344
5,8.53158,1.13103
5,8.52451,1.12861
5,8.51742,1.1262
5,8.51031,1.12377
5,8.50319,1.12135
5,8.49605,1.11892
5,8.4889,1.11649
5,8.48173,1.11406
5,8.47455,1.11162
5,8.46736,1.10918
5,8.46015,1.10674
5,8.45293,1.10429
5,8.44569,1.10184
5,8.43844,1.09939
5,8.43118,1.09694
5,8.42391,1.09449
5,8.41663,1.09203
5,8.40933,1.08957
5,8.40202,1.08711
5,8.39471,1.08464
5,8.38738,1.08218
5,8.38004,1.07971
5,8.37269,1.07724
5,8.36533,1.07477
5,8.35796,1.07229
5,8.35059,1.06982
5,8.3432,1.06734
5,8.33581,1.06486
5,8.3284,1.06238
5,8.32099,1.0599
5,8.31358,1.05741
5,8.30615,1.05493
5,8.29872,1.05244
5,8.29128,1.04995
5,8.28384,1.04746
5,8.27639,1.04497
5,8.26893,1.04248
5,8.26147,1.03999
5,8.25401,1.03749
5,8.24653,1.035
5,8.23906,1.0325
5,8.23158,1.03001
5,8.2241,1.02751
5,8.21661,1.02501
5,8.20912,1.02251
5,8.20163,1.02002
5,8.19413,1.01752
5,8.18664,1.01502
5,8.17914,1.01252
5,8.17164,1.01002
5,8.16414,1.00751
5,8.15663,1.00501
5,8.14913,1.00251
5,8.14163,1.00001
5,8.13412,0.99751
5,8.12662,0.995009
5,8.11912,0.992507
5,8.11161,0.990007
5,8.10411,0.987506
5,8.09661,0.985006
5,8.08912,0.982506
5,8.08162,0.980006
5,8.07413,0.977507
5,8.06664,0.975009
5,8.05915,0.972511
5,8.05167,0.970014
5,8.04419,0.967518
5,8.03672,0.965022
5,8.02925,0.962527
5,8.02178,0.960034
5,8.01432,0.957541
5,8.00686,0.955049
5,7.99941,0.952559
5,7.99197,0.950069
5,7.98453,0.947581
5,7.9771,0.945094
5,7.96967,0.942609
5,7.96226,0.940125
5,7.95485,0.937642
5,7.94744,0.935162
5,7.94005,0.932682
5,7.93266,0.930205
5,7.92529,0.927729
5,7.91792,0.925255
5,7.91056,0.922782
5,7.90321,0.920312
5,7.89587,0.917844
5,7.88854,0.915378
5,7.88123,0.912914
5,7.87392,0.910452
5,7.86662,0.907992
5,7.85934,0.905535
5,7.85207,0.90308
5,7.84481,0.900627
5,7.83756,0.898177
5,7.83032,0.895729
5,7.8231,0.893284
5,7.81589,0.890842
5,7.8087,0.888403
5,7.80152,0.885966
5,7.79435,0.883532
5,7.7872,0.881101
5,7.78006,0.878673
5,7.77294,0.876248
5,7.76583,0.873826
5,7.75874,0.871407
5,7.75166,0.868992
5,7.7446,0.86658
5,7.73756,0.864171
5,7.73054,0.861765
5,7.72353,0.859363
5,7.71654,0.856965
5,7.70957,0.85457
5,7.70261,0.852179
5,7.69568,0.849791
5,7.68876,0.847407
5,7.68186,0.845027
5,7.67499,0.842651
5,7.66813,0.840279
5,7.66129,0.837911
5,7.65447,0.835547
5,7.64767,0.833187
5,7.6409,0.830831
5,7.63414,0.828479
5,7.62741,0.826132
5,7.6207,0.823789
5,7.614,0.82145
5,7.60734,0.819116
5,7.60069,0.816787
5,7.59407,0.814462
5,7.58747,0.812141
5,7.58089,0.809826
5,7.57434,0.807515
5,7.56781,0.805209
5,7.56131,0.802908
5,7.55483,0.800611
5,7.54838,0.79832
5,7.54195,0.796034
5,7.53555,0.793753
5,7.52917,0.791477
5,7.52282,0.789206
5,7.51649,0.786941
5,7.5102,0.78468
5,7.50392,0.782426
5,7.49768,0.780176
5,7.49146,0.777933
5,7.48528,0.775694
5,7.47911,0.773462
5,7.47298,0.771235
5,7.46688,0.769014
5,7.4608,0.766798
5,7.45476,0.764589
5,7.44874,0.762385
5,7.44276,0.760187
5,7.4368,0.757995
5,7.43087,0.75581
5,7.42498,0.75363
5,7.41911,0.751457
5,7.41328,0.749289
5,7.40748,0.747128
5,7.40171,0.744974
5,7.39597,0.742826
5,7.39026,0.740684
5,7.38459,0.738548
5,7.37895,0.73642
5,7.37334,0.734297
5,7.36776,0.732182
5,7.36222,0.730073
5,7.35671,0.727971
5,7.35124,0.725876
5,7.3458,0.723787
5,7.3404,0.721706
5,7.33503,0.719631
5,7.32969,0.717564
5,7.32439,0.715504
5,7.31913,0.71345
5,7.3139,0.711404
5,7.30871,0.709365
5,7.30355,0.707333
5,7.29843,0.705309
5,7.29335,0.703292
5,7.2883,0.701283
5,7.2833,0.699281
5,7.27833,0.697286
5,7.27339,0.695299
5,7.2685,0.69332
5,7.26364,0.691348
5,7.25883,0.689384
5,7.25405,0.687428
5,7.24931,0.68548
5,7.24461,0.683539
5,7.23995,0.681607
5,7.23533,0.679682
5,7.23075,0.677766
5,7.22621,0.675857
5,7.22171,0.673957
5,7.21725,0.672065
5,7.21283,0.670181
5,7.20846,0.668305
5,7.20412,0.666437
5,7.19983,0.664578
5,7.19558,0.662727
5,7.19137,0.660885
5,7.1872,0.659051
5,7.18308,0.657226
5,7.179,0.655409
5,7.17496,0.653601
5,7.17097,0.651802
5,7.16702,0.650011
5,7.16311,0.648229
5,7.15924,0.646456
5,7.15543,0.644692
5,7.15165,0.642937
5,7.14792,0.64119
5,7.14424,0.639453
5,7.1406,0.637724
5,7.137,0.636005
5,7.13345,0.634295
5,7.12995,0.632594
5,7.12649,0.630902
5,7.12308,0.629219
5,7.11972,0.627546
5,7.1164,0.625881
5,7.11313,0.624227
5,7.10991,0.622581
5,7.10673,0.620946
5,7.1036,0.619319
5,7.10052,0.617702
5,7.09748,0.616095
5,7.0945,0.614497
5,7.09156,0.612909
5,7.08867,0.611331
5,7.08583,0.609762
5,7.08304,0.608203
5,7.0803,0.606654
5,7.0776,0.605115
5,7.07496,0.603586
5,7.07236,0.602066
5,7.06982,0.600557
5,7.06732,0.599058
5,7.06488,0.597568
5,7.06248,0.596089
5,7.06014,0.59462
5,7.05785,0.59316
5,7.05561,0.591712
5,7.05342,0.590273
5,7.05128,0.588844
5,7.04919,0.587426
5,7.04715,0.586018
5,7.04517,0.584621
5,7.04323,0.583234
5,7.04135,0.581857
5,7.03952,0.580491
5,7.03775,0.579135
5,7.03602,0.57779
5,7.03435,0.576456
5,7.03274,0.575132
5,7.03117,0.573818
5,7.02966,0.572516
5,7.0282,0.571224
5,7.0268,0.569942
5,7.02545,0.568672
5,7.02415,0.567412
5,7.02291,0.566163
5,7.02172,0.564925
5,7.02059,0.563698
5,7.01951,0.562482
5,7.01849,0.561277
5,7.01752,0.560082
5,7.01661,0.558899
5,7.01575,0.557727
5,7.01494,0.556566
5,7.0142,0.555415
5,7.0135,0.554277
5,7.01287,0.553149
5,7.01229,0.552032
5,7.01176,0.550927
5,7.01129,0.549833
5,7.01088,0.54875
5,7.01053,0.547678
5,7.01023,0.546618
5,7.00999,0.545569
5,7.0098,0.544531
5,7.00967,0.543505
5,7.0096,0.54249
5,7.00959,0.541487
5,7.00963,0.540495
5,7.00973,0.539515
5,7.00989,0.538546
5,7.01011,0.537589
5,7.01038,0.536643
5,7.01071,0.535709
5,7.0111,0.534787
5,7.01155,0.533876
5,7.01206,0.532977
5,7.01262,0.532089
5,7.01325,0.531213
5,7.01393,0.530349
5,7.01467,0.529497
5,7.01547,0.528657
5,7.01633,0.527828
5,7.01725,0.527011
5,7.01822,0.526206
5,7.01926,0.525413
5,7.02036,0.524631
5,7.02151,0.523862
5,7.02273,0.523104
5,7.024,0.522359
5,7.02533,0.521625
5,7.02673,0.520904
5,7.02818,0.520194
5,7.0297,0.519496
5,7.03127,0.518811
5,7.03291,0.518137
5,7.0346,0.517475
5,7.03636,0.516826
5,7.03817,0.516189
5,7.04005,0.515563
5,7.04198,0.51495
5,7.04398,0.514349
5,7.04604,0.51376
5,7.04816,0.513184
5,7.05034,0.512619
5,7.05258,0.512067
5,7.05488,0.511527
5,7.05725,0.510999
5,7.05967,0.510483
5,7.06216,0.50998
5,7.0647,0.509489
5,7.06731,0.50901
5,7.06998,0.508543
5,7.07271,0.508089
5,7.0755,0.507647
5,7.07836,0.507218
5,7.08128,0.5068
5,7.08425,0.506395
5,7.08729,0.506003
5,7.09039,0.505623
5,7.09356,0.505255
5,7.09678,0.504899
5,7.10007,0.504556
5,7.10342,0.504225
5,7.10683,0.503907
5,7.1103,0.503601
5,7.11384,0.503308
5,7.11744,0.503027
5,7.12109,0.502758
5,7.12482,0.502502
5,7.1286,0.502258
5,7.13245,0.502027
5,7.13636,0.501808
5,7.14033,0.501602
5,7.14436,0.501408
5,7.14846,0.501227
5,7.15261,0.501058
5,7.15683,0.500902
5,7.16112,0.500758
5,7.16546,0.500626
5,7.16987,0.500507
5,7.17434,0.500401
5,7.17887,0.500307
5,7.18347,0.500226
5,7.18813,0.500157
5,7.19285,0.5001
5,7.19763,0.500057
5,7.20248,0.500025
5,7.20739,0.500006
5,7.21236,0.5
5,7.21739,0.500006
5,7.22249,0.500025
5,7.22764,0.500056
5,7.23287,0.5001
5,7.23815,0.500156
5,7.24349,0.500225
5,7.2489,0.500306
5,7.25437,0.5004
5,7.25991,0.500506
5,7.2655,0.500625
5,7.27116,0.500756
5,7.27688,0.5009
5,7.28267,0.501056
5,7.28851,0.501225
5,7.29442,0.501406
5,7.30039,0.501599
5,7.30643,0.501806
5,7.31252,0.502024
5,7.31868,0.502255
5,7.3249,0.502499
5,7.33118,0.502755
5,7.33753,0.503023
5,7.34393,0.503304
5,7.3504,0.503597
5,7.35693,0.503903
5,7.36353,0.504221
5,7.37018,0.504552
5,7.3769,0.504895
5,7.38368,0.50525
5,7.39052,0.505618
5,7.39742,0.505998
5,7.40439,0.50639
5,7.41141,0.506795
5,7.4185,0.507212
5,7.42565,0.507641
5,7.43286,0.508083
5,7.44014,0.508537
5,7.44747,0.509004
5,7.45487,0.509482
5,7.46232,0.509973
5,7.46984,0.510477
5,7.47742,0.510992
5,7.48506,0.51152
5,7.49276,0.51206
5,7.50053,0.512612
5,7.50835,0.513176
5,7.51624,0.513753
5,7.52418,0.514341
5,7.53219,0.514942
5,7.54026,0.515555
5,7.54839,0.51618
5,7.55657,0.516818
5,7.56482,0.517467
5,7.57313,0.518128
5,7.5815,0.518802
5,7.58993,0.519487
5,7.59842,0.520185
5,7.60697,0.520894
5,7.61558,0.521616
5,7.62425,0.522349
5,7.63298,0.523095
5,7.64177,0.523852
5,7.65062,0.524621
5,7.65953,0.525402
5,7.6685,0.526195
5,7.67752,0.527
5,7.68661,0.527817
5,7.69575,0.528646
5,7.70496,0.529486
5,7.71422,0.530338
5,7.72354,0.531202
5,7.73292,0.532078
5,7.74236,0.532965
5,7.75186,0.533864
5,7.76142,0.534775
5,7.77103,0.535697
5,7.7807,0.536631
5,7.79043,0.537576
5,7.80022,0.538533
5,7.81007,0.539502
5,7.81997,0.540482
5,7.82993,0.541474
5,7.83995,0.542477
5,7.85002,0.543492
5,7.86016,0.544518
5,7.87035,0.545555
5,7.88059,0.546604
5,7.8909,0.547664
5,7.90126,0.548736
5,7.91167,0.549818
5,7.92215,0.550912
5,7.93267,0.552018
5,7.94326,0.553134
5,7.9539,0.554262
5,7.9646,0.5554
5,7.97535,0.55655
5,7.98616,0.557711
5,7.99702,0.558884
5,8.00794,0.560067
5,8.01891,0.561261
5,8.02994,0.562466
5,8.04102,0.563682
5,8.05216,0.564909
5,8.06335,0.566147
5,8.0746,0.567396
5,8.0859,0.568655
5,8.09725,0.569926
5,8.10866,0.571207
5,8.12012,0.572499
5,8.13164,0.573801
5,8.14321,0.575114
5,8.15483,0.576438
5,8.1665,0.577773
5,8.17823,0.579118
5,8.19001,0.580473
5,8.20184,0.581839
5,8.21373,0.583216
5,8.22566,0.584603
5,8.23765,0.586
5,8.24969,0.587408
5,8.26179,0.588826
5,8.27393,0.590254
5,8.28613,0.591693
5,8.29837,0.593141
5,8.31067,0.5946
5,8.32302,0.596069
5,8.33542,0.597549
5,8.34787,0.599038
5,8.36037,0.600537
5,8.37291,0.602047
5,8.38551,0.603566
5,8.39816,0.605095
5,8.41086,0.606634
5,8.42361,0.608183
5,8.4364,0.609742
5,8.44925,0.61131
5,8.46214,0.612889
5,8.47508,0.614476
5,8.48807,0.616074
5,8.50111,0.617681
5,8.5142,0.619298
5,8.52733,0.620924
5,8.54051,0.62256
5,8.55374,0.624205
5,8.56702,0.62586
5,8.58034,0.627524
5,8.59371,0.629197
5,8.60712,0.630879
5,8.62059,0.632571
5,8.63409,0.634272
5,8.64765,0.635982
5,8.66124,0.637702
5,8.67489,0.63943
5,8.68858,0.641167
5,8.70231,0.642914
5,8.71609,0.644669
5,8.72991,0.646433
5,8.74378,0.648206
5,8.75769,0.649988
5,8.77165,0.651778
5,8.78565,0.653578
5,8.79969,0.655386
5,8.81378,0.657202
5,8.8279,0.659027
5,8.84207,0.660861
5,8.85629,0.662703
5,8.87054,0.664554
5,8.88484,0.666413
5,8.89918,0.66828
5,8.91356,0.670156
5,8.92798,0.67204
5,8.94245,0.673932
5,8.95695,0.675832
5,8.97149,0.677741
5,8.98608,0.679657
5,9.0007,0.681581
5,9.01537,0.683514
5,9.03007,0.685454
5,9.04482,0.687402
5,9.0596,0.689359
5,9.07442,0.691322
5,9.08928,0.693294
5,9.10418,0.695273
5,9.11912,0.69726
5,9.13409,0.699254
5,9.1491,0.701256
5,9.16415,0.703266
5,9.17924,0.705283
5,9.19436,0.707307
5,9.20952,0.709338
5,9.22472,0.711377
5,9.23995,0.713423
5,9.25522,0.715477
5,9.27053,0.717537
5,9.28587,0.719604
5,9.30124,0.721679
5,9.31665,0.72376
5,9.33209,0.725848
5,9.34757,0.727944
5,9.36308,0.730046
5,9.37863,0.732154
5,9.39421,0.73427
5,9.40982,0.736392
5,9.42547,0.73852
5,9.44115,0.740656
5,9.45686,0.742797
5,9.4726,0.744946
5,9.48838,0.7471
5,9.50418,0.749261
5,9.52002,0.751428
5,9.53589,0.753601
5,9.55179,0.755781
5,9.56772,0.757967
5,9.58368,0.760158
5,9.59967,0.762356
5,9.61569,0.76456
5,9.63174,0.766769
5,9.64782,0.768985
5,9.66393,0.771206
5,9.68007,0.773433
5,9.69623,0.775665
5,9.71243,0.777903
5,9.72865,0.780147
5,9.7449,0.782396
5,9.76117,0.784651
5,9.77748,0.786911
5,9.79381,0.789176
5,9.81016,0.791447
5,9.82654,0.793723
5,9.84295,0.796004
5,9.85938,0.79829
5,9.87584,0.800581
5,9.89233,0.802877
5,9.90883,0.805179
5,9.92537,0.807485
5,9.94192,0.809795
5,9.9585,0.812111
5,9.97511,0.814431
5,9.99173,0.816756
5,10.0084,0.819086
5,10.0251,0.82142
5,10.0418,0.823758
5,10.0585,0.826101
5,10.0752,0.828448
5,10.092,0.8308
5,10.1087,0.833156
5,10.1256,0.835516
5,10.1424,0.83788
5,10.1592,0.840248
5,10.1761,0.84262
5,10.193,0.844996
5,10.2099,0.847376
5,10.2268,0.84976
5,10.2437,0.852147
5,10.2607,0.854539
5,10.2777,0.856933
5,10.2947,0.859332
5,10.3117,0.861734
5,10.3287,0.864139
5,10.3457,0.866548
5,10.3628,0.86896
5,10.3799,0.871376
5,10.397,0.873794
5,10.4141,0.876216
5,10.4312,0.878641
5,10.4484,0.881069
5,10.4655,0.8835
5,10.4827,0.885934
5,10.4999,0.888371
5,10.5171,0.89081
5,10.5343,0.893252
5,10.5515,0.895697
5,10.5688,0.898145
5,10.586,0.900595
5,10.6033,0.903047
5,10.6206,0.905502
5,10.6378,0.90796
5,10.6551,0.910419
5,10.6725,0.912881
5,10.6898,0.915345
5,10.7071,0.917812
5,10.7245,0.92028
5,10.7418,0.92275
5,10.7592,0.925222
5,10.7766,0.927696
5,10.7939,0.930172
5,10.8113,0.93265
5,10.8287,0.935129
5,10.8461,0.93761
5,10.8635,0.940092
5,10.881,0.942576
5,10.8984,0.945062
5,10.9158,0.947549
5,10.9333,0.950037
5,10.9507,0.952526
5,10.9682,0.955017
5,10.9856,0.957508
5,11.0031,0.960001
5,11.0206,0.962495
5,11.0381,0.964989
5,11.0555,0.967485
5,11.073,0.969981
5,11.0905,0.972478
5,11.108,0.974976
5,11.1255,0.977475
5,11.143,0.979973
5,11.1605,0.982473
5,11.178,0.984973
5,11.1955,0.987473
5,11.213,0.989974
5,11.2305,0.992475
5,11.248,0.994976
5,11.2655,0.997477
5,11.283,0.999978
5,11.3005,1.00248
5,11.318,1.00498
5,11.3356,1.00748
5,11.3531,1.00998
5,11.3706,1.01248
5,11.3881,1.01498
5,11.4056,1.01748
5,11.4231,1.01998
5,11.4406,1.02248
5,11.4581,1.02498
5,11.4756,1.02748
5,11.493,1.02998
5,11.5105,1.03247
5,11.528,1.03497
5,11.5455,1.03746
5,11.563,1.03996
5,11.5804,1.04245
5,11.5979,1.04494
5,11.6153,1.04743
5,11.6328,1.04992
5,11.6502,1.05241
5,11.6677,1.05489
5,11.6851,1.05738
5,11.7025,1.05986
5,11.7199,1.06235
5,11.7373,1.06483
5,11.7547,1.06731
5,11.7721,1.06978
5,11.7895,1.07226
5,11.8069,1.07473
5,11.8243,1.07721
5,11.8416,1.07968
5,11.859,1.08215
5,11.8763,1.08461
5,11.8936,1.08708
5,11.9109,1.08954
5,11.9282,1.092
5,11.9455,1.09445
5,11.9628,1.09691
5,11.9801,1.09936
5,11.9973,1.10181
5,12.0145,1.10426
5,12.0318,1.1067
5,12.049,1.10915
5,12.0662,1.11159
5,12.0834,1.11402
5,12.1005,1.11646
5,12.1177,1.11889
5,12.1348,1.12132
5,12.152,1.12374
5,12.1691,1.12616
5,12.1862,1.12858
5,12.2033,1.131
5,12.2203,1.13341
5,12.2374,1.13582
5,12.2544,1.13822
5,12.2714,1.14063
5,12.2884,1.14302
5,12.3054,1.14542
5,12.3223,1.14781
5,12.3393,1.1502
5,12.3562,1.15258
5,12.3731,1.15496
5,12.39,1.15734
5,12.4069,1.15971
5,12.4237,1.16208
5,12.4405,1.16444
5,12.4573,1.1668
5,12.4741,1.16916
5,12.4909,1.17151
5,12.5076,1.17386
5,12.5243,1.1762
5,12.541,1.17854
5,12.5577,1.18087
5,12.5743,1.1832
5,12.591,1.18553
5,12.6076,1.18785
5,12.6242,1.19016
5,12.6407,1.19248
5,12.6572,1.19478
5,12.6738,1.19708
5,12.6902,1.19938
5,12.7067,1.20167
5,12.7231,1.20396
5,12.7395,1.20624
5,12.7559,1.20851
5,12.7723,1.21078
5,12.7886,1.21305
5,12.8049,1.21531
5,12.8212,1.21756
5,12.8374,1.21981
5,12.8537,1.22206
5,12.8699,1.2243
5,12.886,1.22653
5,12.9022,1.22876
5,12.9183,1.23098
5,12.9343,1.23319
5,12.9504,1.2354
5,12.9664,1.23761
5,12.9824,1.2398
5,12.9984,1.242
5,13.0143,1.24418
5,13.0302,1.24636
5,13.0461,1.24853
5,13.0619,1.2507
5,13.0777,1.25286
5,13.0935,1.25502
5,13.1092,1.25717
5,13.1249,1.25931
5,13.1406,1.26144
5,13.1563,1.26357
5,13.1719,1.26569
5,13.1875,1.26781
5,13.203,1.26992
5,13.2185,1.27202
5,13.234,1.27412
5,13.2495,1.2762
5,13.2649,1.27828
5,13.2802,1.28036
5,13.2956,1.28243
5,13.3109,1.28449
5,13.3262,1.28654
5,13.3414,1.28859
5,13.3566,1.29063
5,13.3717,1.29266
5,13.3869,1.29468
5,13.402,1.2967
5,13.417,1.29871
5,13.432,1.30071
5,13.447,1.30271
5,13.4619,1.30469
5,13.4768,1.30667
5,13.4917,1.30864
5,13.5065,1.31061
5,13.5213,1.31256
5,13.536,1.31451
5,13.5507,1.31645
5,13.5654,1.31838
5,13.58,1.32031
5,13.5946,1.32223
5,13.6092,1.32413
5,13.6237,1.32603
5,13.6381,1.32793
5,13.6526,1.32981
5,13.6669,1.33169
5,13.6813,1.33355
5,13.6956,1.33541
5,13.7098,1.33726
5,13.724,1.33911
5,13.7382,1.34094
5,13.7523,1.34277
5,13.7664,1.34458
5,13.7805,1.34639
5,13.7945,1.34819
5,13.8084,1.34998
5,13.8223,1.35176
5,13.8362,1.35354
5,13.85,1.3553
5,13.8638,1.35706
5,13.8776,1.3588
5,13.8912,1.36054
5,13.9049,1.36227
5,13.9185,1.36399
5,13.932,1.3657
5,13.9455,1.3674
5,13.959,1.36909
5,13.9724,1.37077
5,13.9858,1.37245
5,13.9991,1.37411
5,14.0124,1.37577
5,14.0256,1.37741
5,14.0388,1.37905
5,14.0519,1.38067
5,14.065,1.38229
5,14.0781,1.3839
5,14.0911,1.3855
5,14.104,1.38708
5,14.1169,1.38866
5,14.1297,1.39023
5,14.1425,1.39179
5,14.1553,1.39334
5,14.168,1.39488
5,14.1806,1.39641
5,14.1932,1.39793
5,14.2058,1.39944
5,14.2183,1.40094
5,14.2307,1.40243
5,14.2431,1.4039
5,14.2555,1.40537
5,14.2678,1.40683
5,14.28,1.40828
5,14.2922,1.40972
5,14.3044,1.41115
5,14.3165,1.41257
5,14.3285,1.41398
5,14.3405,1.41537
5,14.3524,1.41676
5,14.3643,1.41814
5,14.3762,1.4195
5,14.3879,1.42086
5,14.3997,1.4222
5,14.4113,1.42354
5,14.423,1.42486
5,14.4345,1.42618
5,14.446,1.42748
5,14.4575,1.42877
5,14.4689,1.43005
5,14.4803,1.43132
5,14.4916,1.43258
5,14.5028,1.43383
5,14.514,1.43507
5,14.5252,1.4363
5,14.5362,1.43751
5,14.5473,1.43872
5,14.5582,1.43991
5,14.5692,1.4411
5,14.58,1.44227
5,14.5908,1.44343
5,14.6016,1.44458
5,14.6123,1.44572
5,14.6229,1.44685
5,14.6335,1.44796
5,14.644,1.44907
5,14.6545,1.45016
5,14.6649,1.45125
5,14.6753,1.45232
5,14.6856,1.45338
5,14.6958,1.45443
5,14.706,1.45546
5,14.7162,1.45649
5,14.7262,1.45751
5,14.7363,1.45851
5,14.7462,1.4595
5,14.7561,1.46048
5,14.766,1.46145
5,14.7758,1.46241
5,14.7855,1.46335
5,14.7952,1.46429
5,14.8048,1.46521
5,14.8143,1.46612
5,14.8238,1.46702
5,14.8333,1.46791
5,14.8427,1.46878
5,14.852,1.46965
5,14.8613,1.4705
5,14.8705,1.47134
5,14.8796,1.47217
5,14.8887,1.47299
5,14.8977,1.47379
5,14.9067,1.47458
5,14.9156,1.47537
5,14.9244,1.47613
5,14.9332,1.47689
5,14.942,1.47764
5,14.9506,1.47837
5,14.9592,1.47909
5,14.9678,1.4798
5,14.9763,1.4805
5,14.9847,1.48119
5,14.9931,1.48186
5,15.0014,1.48252
5,15.0097,1.48317
5,15.0178,1.48381
5,15.026,1.48443
5,15.034,1.48505
5,15.042,1.48565
5,15.05,1.48624
5,15.0579,1.48681
5,15.0657,1.48738
5,15.0735,1.48793
5,15.0812,1.48847
5,15.0888,1.489
5,15.0964,1.48951
5,15.1039,1.49002
5,15.1114,1.49051
5,15.1188,1.49099
5,15.1261,1.49145
5,15.1334,1.49191
5,15.1406,1.49235
5,15.1477,1.49278
5,15.1548,1.4932
5,15.1619,1.4936
5,15.1688,1.494
5,15.1757,1.49438
5,15.1826,1.49474
5,15.1894,1.4951
5,15.1961,1.49544
5,15.2027,1.49577
5,15.2093,1.49609
5,15.2159,1.4964
5,15.2223,1.49669
5,15.2287,1.49697
5,15.2351,1.49724
5,15.2414,1.4975
5,15.2476,1.49774
5,15.2537,1.49797
5,15.2598,1.49819
5,15.2659,1.4984
5,15.2718,1.49859
5,15.2778,1.49877
5,15.2836,1.49894
5,15.2894,1.4991
5,15.2951,1.49924
5,15.3008,1.49937
5,15.3064,1.49949
5,15.3119,1.4996
5,15.3174,1.49969
5,15.3228,1.49977
5,15.3281,1.49984
5,15.3334,1.4999
5,15.3386,1.49994
5,15.3438,1.49997
5,15.3489,1.49999
5,15.3539,1.5
5,15.3589,1.49999
5,15.3638,1.49998
5,15.3687,1.49994
5,15.3734,1.4999
5,15.3782,1.49984
5,15.3828,1.49978
5,15.3874,1.49969
5,15.392,1.4996
5,15.3964,1.49949
5,15.4008,1.49938
5,15.4052,1.49924
5,15.4095,1.4991
5,15.4137,1.49894
5,15.4178,1.49878
5,15.4219,1.4986
5,15.426,1.4984
5,15.4299,1.4982
5,15.4339,1.49798
5,15.4377,1.49775
5,15.4415,1.4975
5,15.4452,1.49725
5,15.4489,1.49698
5,15.4525,1.4967
5,15.456,1.4964
5,15.4595,1.4961
5,15.4629,1.49578
5,15.4662,1.49545
5,15.4695,1.49511
5,15.4728,1.49475
5,15.4759,1.49438
5,15.479,1.494
5,15.4821,1.49361
5,15.485,1.49321
5,15.488,1.49279
5,15.4908,1.49236
5,15.4936,1.49192
5,15.4963,1.49146
5,15.499,1.491
5,15.5016,1.49052
5,15.5042,1.49003
5,15.5067,1.48953
5,15.5091,1.48901
5,15.5114,1.48848
5,15.5138,1.48794
5,15.516,1.48739
5,15.5182,1.48683
5,15.5203,1.48625
5,15.5224,1.48566
5,15.5244,1.48506
5,15.5263,1.48445
5,15.5282,1.48382
5,15.53,1.48319
5,15.5317,1.48254
5,15.5334,1.48187
5,15.5351,1.4812
5,15.5366,1.48052
5,15.5382,1.47982
5,15.5396,1.47911
5,15.541,1.47839
5,15.5423,1.47765
5,15.5436,1.47691
5,15.5448,1.47615
5,15.546,1.47538
5,15.5471,1.4746
5,15.5481,1.47381
5,15.5491,1.473
5,15.55,1.47219
5,15.5509,1.47136
5,15.5517,1.47052
5,15.5524,1.46967
5,15.5531,1.4688
5,15.5537,1.46793
5,15.5543,1.46704
5,15.5548,1.46614
5,15.5553,1.46523
5,15.5557,1.46431
5,15.556,1.46337
5,15.5563,1.46243
5,15.5565,1.46147
5,15.5566,1.4605
5,15.5567,1.45952
5,15.5568,1.45853
5,15.5568,1.45753
5,15.5567,1.45651
5,15.5566,1.45549
5,15.5564,1.45445
5,15.5561,1.4534
5,15.5559,1.45234
5,15.5555,1.45127
5,15.5551,1.45019
5,15.5546,1.44909
5,15.5541,1.44799
5,15.5535,1.44687
5,15.5529,1.44574
5,15.5522,1.4446
5,15.5514,1.44345
5,15.5506,1.44229
5,15.5498,1.44112
5,15.5489,1.43994
5,15.5479,1.43874
5,15.5469,1.43754
5,15.5458,1.43632
5,15.5447,1.4351
5,15.5435,1.43386
5,15.5422,1.43261
5,15.5409,1.43135
5,15.5396,1.43008
5,15.5382,1.4288
5,15.5367,1.42751
5,15.5352,1.4262
5,15.5337,1.42489
5,15.532,1.42357
5,15.5304,1.42223
5,15.5287,1.42089
5,15.5269,1.41953
5,15.5251,1.41817
5,15.5232,1.41679
5,15.5212,1.4154
5,15.5193,1.41401
5,15.5172,1.4126
5,15.5151,1.41118
5,15.513,1.40975
5,15.5108,1.40831
5,15.5086,1.40686
5,15.5063,1.40541
5,15.5039,1.40394
5,15.5015,1.40246
5,15.4991,1.40097
5,15.4966,1.39947
5,15.4941,1.39796
5,15.4915,1.39644
5,15.4888,1.39491
5,15.4861,1.39337
5,15.4834,1.39182
5,15.4806,1.39027
5,15.4778,1.3887
5,15.4749,1.38712
5,15.4719,1.38553
5,15.4689,1.38393
5,15.4659,1.38233
5,15.4628,1.38071
5,15.4597,1.37908
5,15.4565,1.37745
5,15.4533,1.3758
5,15.45,1.37415
5,15.4467,1.37248
5,15.4433,1.37081
5,15.4399,1.36913
5,15.4365,1.36744
5,15.433,1.36574
5,15.4294,1.36403
5,15.4258,1.36231
5,15.4222,1.36058
5,15.4185,1.35884
5,15.4148,1.35709
5,15.411,1.35534
5,15.4072,1.35357
5,15.4033,1.3518
5,15.3994,1.35002
5,15.3955,1.34823
5,15.3915,1.34643
5,15.3874,1.34462
5,15.3834,1.34281
5,15.3792,1.34098
5,15.3751,1.33915
5,15.3709,1.3373
5,15.3666,1.33545
5,15.3623,1.3336
5,15.358,1.33173
5,15.3536,1.32985
5,15.3492,1.32797
5,15.3447,1.32608
5,15.3402,1.32418
5,15.3357,1.32227
5,15.3311,1.32035
5,15.3265,1.31843
5,15.3218,1.31649
5,15.3171,1.31455
5,15.3124,1.31261
5,15.3076,1.31065
5,15.3028,1.30869
5,15.298,1.30671
5,15.2931,1.30474
5,15.2881,1.30275
5,15.2832,1.30075
5,15.2782,1.29875
5,15.2731,1.29674
5,15.268,1.29473
5,15.2629,1.2927
5,15.2578,1.29067
5,15.2526,1.28863
5,15.2473,1.28659
5,15.2421,1.28453
5,15.2368,1.28247
5,15.2314,1.2804
5,15.2261,1.27833
5,15.2207,1.27625
5,15.2152,1.27416
5,15.2098,1.27207
5,15.2042,1.26996
5,15.1987,1.26785
5,15.1931,1.26574
5,15.1875,1.26362
5,15.1819,1.26149
5,15.1762,1.25935
5,15.1705,1.25721
5,15.1648,1.25506
5,15.159,1.25291
5,15.1532,1.25075
5,15.1474,1.24858
5,15.1415,1.24641
5,15.1356,1.24423
5,15.1297,1.24204
5,15.1237,1.23985
5,15.1177,1.23765
5,15.1117,1.23545
5,15.1057,1.23324
5,15.0996,1.23103
5,15.0935,1.2288
5,15.0874,1.22658
5,15.0812,1.22434
5,15.075,1.22211
5,15.0688,1.21986
5,15.0626,1.21761
5,15.0563,1.21536
5,15.05,1.2131
5,15.0437,1.21083
5,15.0373,1.20856
5,15.0309,1.20629
5,15.0245,1.20401
5,15.0181,1.20172
5,15.0117,1.19943
5,15.0052,1.19713
5,14.9987,1.19483
5,14.9921,1.19253
5,14.9856,1.19021
5,14.979,1.1879
5,14.9724,1.18558
5,14.9658,1.18325
5,14.9592,1.18092
5,14.9525,1.17859
5,14.9458,1.17625
5,14.9391,1.17391
5,14.9323,1.17156
5,14.9256,1.16921
5,14.9188,1.16685
5,14.912,1.16449
5,14.9052,1.16213
5,14.8984,1.15976
5,14.8915,1.15739
5,14.8846,1.15501
5,14.8777,1.15263
5,14.8708,1.15025
5,14.8639,1.14786
5,14.8569,1.14547
5,14.85,1.14308
5,14.843,1.14068
5,14.836,1.13828
5,14.8289,1.13587
5,14.8219,1.13346
5,14.8148,1.13105
5,14.8078,1.12863
5,14.8007,1.12622
5,14.7936,1.12379
5,14.7864,1.12137
5,14.7793,1.11894
5,14.7721,1.11651
5,14.765,1.11408
5,14.7578,1.11164
5,14.7506,1.1092
5,14.7434,1.10676
5,14.7362,1.10431
5,14.7289,1.10187
5,14.7217,1.09942
5,14.7144,1.09696
5,14.7072,1.09451
5,14.6999,1.09205
5,14.6926,1.08959
5,14.6853,1.08713
5,14.678,1.08467
5,14.6706,1.0822
5,14.6633,1.07973
5,14.6559,1.07726
5,14.6486,1.07479
5,14.6412,1.07231
5,14.6338,1.06984
5,14.6265,1.06736
5,14.6191,1.06488
5,14.6117,1.0624
5,14.6042,1.05992
5,14.5968,1.05743
5,14.5894,1.05495
5,14.582,1.05246
5,14.5745,1.04997
5,14.5671,1.04748
5,14.5596,1.04499
5,14.5522,1.0425
5,14.5447,1.04001
5,14.5373,1.03752
5,14.5298,1.03502
5,14.5223,1.03253
5,14.5148,1.03003
5,14.5073,1.02753
5,14.4999,1.02503
5,14.4924,1.02254
5,14.4849,1.02004
5,14.4774,1.01754
5,14.4699,1.01504
5,14.4624,1.01254
5,14.4549,1.01004
5,14.4474,1.00754
5,14.4399,1.00504
5,14.4324,1.00253
5,14.4249,1.00003
5,14.4174,0.997532
5,14.4099,0.99503
5,14.4024,0.992529
5,14.3949,0.990028
5,14.3874,0.987528
5,14.3799,0.985028
5,14.3724,0.982528
5,14.3649,0.980028
5,14.3574,0.977529
5,14.3499,0.975031
5,14.3424,0.972533
5,14.3349,0.970036
5,14.3274,0.967539
5,14.32,0.965044
5,14.3125,0.962549
5,14.305,0.960055
5,14.2976,0.957563
5,14.2901,0.955071
5,14.2827,0.95258
5,14.2752,0.950091
5,14.2678,0.947603
5,14.2603,0.945116
5,14.2529,0.942631
5,14.2455,0.940147
5,14.2381,0.937664
5,14.2307,0.935183
5,14.2233,0.932704
5,14.2159,0.930226
5,14.2085,0.92775
5,14.2012,0.925276
5,14.1938,0.922804
5,14.1865,0.920334
5,14.1791,0.917865
5,14.1718,0.915399
5,14.1645,0.912935
5,14.1572,0.910473
5,14.1499,0.908013
5,14.1426,0.905556
5,14.1353,0.903101
5,14.1281,0.900648
5,14.1208,0.898198
5,14.1136,0.895751
5,14.1063,0.893306
5,14.0991,0.890863
5,14.0919,0.888424
5,14.0848,0.885987
5,14.0776,0.883553
5,14.0704,0.881122
5,14.0633,0.878694
5,14.0562,0.876269
5,14.0491,0.873847
5,14.042,0.871429
5,14.0349,0.869013
5,14.0279,0.866601
5,14.0208,0.864192
5,14.0138,0.861786
5,14.0068,0.859384
5,13.9998,0.856986
5,13.9928,0.854591
5,13.9859,0.8522
5,13.9789,0.849812
5,13.972,0.847428
5,13.9651,0.845048
5,13.9582,0.842672
5,13.9514,0.8403
5,13.9445,0.837931
5,13.9377,0.835567
5,13.9309,0.833207
5,13.9241,0.830851
5,13.9174,0.8285
5,13.9107,0.826152
5,13.9039,0.823809
5,13.8972,0.821471
5,13.8906,0.819137
5,13.8839,0.816807
5,13.8773,0.814482
5,13.8707,0.812162
5,13.8641,0.809846
5,13.8576,0.807535
5,13.8511,0.805229
5,13.8446,0.802928
5,13.8381,0.800631
5,13.8316,0.79834
5,13.8252,0.796054
5,13.8188,0.793773
5,13.8124,0.791497
5,13.8061,0.789226
5,13.7997,0.78696
5,13.7934,0.7847
5,13.7872,0.782445
5,13.7809,0.780196
5,13.7747,0.777952
5,13.7685,0.775714
5,13.7624,0.773481
5,13.7562,0.771254
5,13.7501,0.769033
5,13.744,0.766818
5,13.738,0.764608
5,13.732,0.762404
5,13.726,0.760206
5,13.72,0.758014
5,13.7141,0.755829
5,13.7082,0.753649
5,13.7024,0.751476
5,13.6965,0.749308
5,13.6907,0.747147
5,13.6849,0.744993
5,13.6792,0.742844
5,13.6735,0.740702
5,13.6678,0.738567
5,13.6622,0.736438
5,13.6566,0.734316
5,13.651,0.7322
5,13.6455,0.730092
5,13.6399,0.727989
