t,x,u
0,0,1
0,0.0020004,1.001
0,0.0040008,1.002
0,0.0060012,1.003
0,0.0080016,1.004
0,0.010002,1.005
0,0.0120024,1.006
0,0.0140028,1.007
0,0.0160032,1.008
0,0.0180036,1.009
0,0.020004,1.01
0,0.0220044,1.011
0,0.0240048,1.012
0,0.0260052,1.013
0,0.0280056,1.014
0,0.030006,1.015
0,0.0320064,1.016
0,0.0340068,1.017
0,0.0360072,1.018
0,0.0380076,1.019
0,0.040008,1.02
0,0.0420084,1.021
0,0.0440088,1.022
0,0.0460092,1.023
0,0.0480096,1.024
0,0.05001,1.02499
0,0.0520104,1.02599
0,0.0540108,1.02699
0,0.0560112,1.02799
0,0.0580116,1.02899
0,0.060012,1.02999
0,0.0620124,1.03099
0,0.0640128,1.03198
0,0.0660132,1.03298
0,0.0680136,1.03398
0,0.070014,1.03498
0,0.0720144,1.03598
0,0.0740148,1.03697
0,0.0760152,1.03797
0,0.0780156,1.03897
0,0.080016,1.03997
0,0.0820164,1.04096
0,0.0840168,1.04196
0,0.0860172,1.04296
0,0.0880176,1.04395
0,0.090018,1.04495
0,0.0920184,1.04594
0,0.0940188,1.04694
0,0.0960192,1.04794
0,0.0980196,1.04893
0,0.10002,1.04993
0,0.10202,1.05092
0,0.104021,1.05192
0,0.106021,1.05291
0,0.108022,1.05391
0,0.110022,1.0549
0,0.112022,1.05589
0,0.114023,1.05689
0,0.116023,1.05788
0,0.118024,1.05887
0,0.120024,1.05987
0,0.122024,1.06086
0,0.124025,1.06185
0,0.126025,1.06285
0,0.128026,1.06384
0,0.130026,1.06483
0,0.132026,1.06582
0,0.134027,1.06681
0,0.136027,1.0678
0,0.138028,1.06879
0,0.140028,1.06979
0,0.142028,1.07078
0,0.144029,1.07177
0,0.146029,1.07276
0,0.14803,1.07374
0,0.15003,1.07473
0,0.15203,1.07572
0,0.154031,1.07671
0,0.156031,1.0777
0,0.158032,1.07869
0,0.160032,1.07967
0,0.162032,1.08066
0,0.164033,1.08165
0,0.166033,1.08264
0,0.168034,1.08362
0,0.170034,1.08461
0,0.172034,1.08559
0,0.174035,1.08658
0,0.176035,1.08756
0,0.178036,1.08855
0,0.180036,1.08953
0,0.182036,1.09052
0,0.184037,1.0915
0,0.186037,1.09248
0,0.188038,1.09347
0,0.190038,1.09445
0,0.192038,1.09543
0,0.194039,1.09641
0,0.196039,1.09739
0,0.19804,1.09837
0,0.20004,1.09935
0,0.20204,1.10033
0,0.204041,1.10131
0,0.206041,1.10229
0,0.208042,1.10327
0,0.210042,1.10425
0,0.212042,1.10523
0,0.214043,1.10621
0,0.216043,1.10718
0,0.218044,1.10816
0,0.220044,1.10914
0,0.222044,1.11011
0,0.224045,1.11109
0,0.226045,1.11206
0,0.228046,1.11304
0,0.230046,1.11401
0,0.232046,1.11498
0,0.234047,1.11596
0,0.236047,1.11693
0,0.238048,1.1179
0,0.240048,1.11887
0,0.242048,1.11985
0,0.244049,1.12082
0,0.246049,1.12179
0,0.24805,1.12276
0,0.25005,1.12373
0,0.25205,1.1247
0,0.254051,1.12566
0,0.256051,1.12663
0,0.258052,1.1276
0,0.260052,1.12857
0,0.262052,1.12953
0,0.264053,1.1305
0,0.266053,1.13146
0,0.268054,1.13243
0,0.270054,1.13339
0,0.272054,1.13436
0,0.274055,1.13532
0,0.276055,1.13628
0,0.278056,1.13724
0,0.280056,1.1382
0,0.282056,1.13917
0,0.284057,1.14013
0,0.286057,1.14109
0,0.288058,1.14205
0,0.290058,1.143
0,0.292058,1.14396
0,0.294059,1.14492
0,0.296059,1.14588
0,0.29806,1.14683
0,0.30006,1.14779
0,0.30206,1.14874
0,0.304061,1.1497
0,0.306061,1.15065
0,0.308062,1.15161
0,0.310062,1.15256
0,0.312062,1.15351
0,0.314063,1.15446
0,0.316063,1.15541
0,0.318064,1.15636
0,0.320064,1.15731
0,0.322064,1.15826
0,0.324065,1.15921
0,0.326065,1.16016
0,0.328066,1.16111
0,0.330066,1.16205
0,0.332066,1.163
0,0.334067,1.16394
0,0.336067,1.16489
0,0.338068,1.16583
0,0.340068,1.16678
0,0.342068,1.16772
0,0.344069,1.16866
0,0.346069,1.1696
0,0.34807,1.17054
0,0.35007,1.17148
0,0.35207,1.17242
0,0.354071,1.17336
0,0.356071,1.1743
0,0.358072,1.17523
0,0.360072,1.17617
0,0.362072,1.17711
0,0.364073,1.17804
0,0.366073,1.17898
0,0.368074,1.17991
0,0.370074,1.18084
0,0.372074,1.18177
0,0.374075,1.18271
0,0.376075,1.18364
0,0.378076,1.18457
0,0.380076,1.1855
0,0.382076,1.18642
0,0.384077,1.18735
0,0.386077,1.18828
0,0.388078,1.1892
0,0.390078,1.19013
0,0.392078,1.19105
0,0.394079,1.19198
0,0.396079,1.1929
0,0.39808,1.19382
0,0.40008,1.19475
0,0.40208,1.19567
0,0.404081,1.19659
0,0.406081,1.19751
0,0.408082,1.19842
0,0.410082,1.19934
0,0.412082,1.20026
0,0.414083,1.20118
0,0.416083,1.20209
0,0.418084,1.203
0,0.420084,1.20392
0,0.422084,1.20483
0,0.424085,1.20574
0,0.426085,1.20665
0,0.428086,1.20756
0,0.430086,1.20847
0,0.432086,1.20938
0,0.434087,1.21029
0,0.436087,1.2112
0,0.438088,1.2121
0,0.440088,1.21301
0,0.442088,1.21391
0,0.444089,1.21482
0,0.446089,1.21572
0,0.44809,1.21662
0,0.45009,1.21752
0,0.45209,1.21842
0,0.454091,1.21932
0,0.456091,1.22022
0,0.458092,1.22112
0,0.460092,1.22202
0,0.462092,1.22291
0,0.464093,1.22381
0,0.466093,1.2247
0,0.468094,1.22559
0,0.470094,1.22649
0,0.472094,1.22738
0,0.474095,1.22827
0,0.476095,1.22916
0,0.478096,1.23004
0,0.480096,1.23093
0,0.482096,1.23182
0,0.484097,1.2327
0,0.486097,1.23359
0,0.488098,1.23447
0,0.490098,1.23536
0,0.492098,1.23624
0,0.494099,1.23712
0,0.496099,1.238
0,0.4981,1.23888
0,0.5001,1.23976
0,0.5021,1.24063
0,0.504101,1.24151
0,0.506101,1.24239
0,0.508102,1.24326
0,0.510102,1.24413
0,0.512102,1.24501
0,0.514103,1.24588
0,0.516103,1.24675
0,0.518104,1.24762
0,0.520104,1.24849
0,0.522104,1.24935
0,0.524105,1.25022
0,0.526105,1.25108
0,0.528106,1.25195
0,0.530106,1.25281
0,0.532106,1.25367
0,0.534107,1.25454
0,0.536107,1.2554
0,0.538108,1.25626
0,0.540108,1.25711
0,0.542108,1.25797
0,0.544109,1.25883
0,0.546109,1.25968
0,0.54811,1.26054
0,0.55011,1.26139
0,0.55211,1.26224
0,0.554111,1.26309
0,0.556111,1.26394
0,0.558112,1.26479
0,0.560112,1.26564
0,0.562112,1.26649
0,0.564113,1.26733
0,0.566113,1.26818
0,0.568114,1.26902
0,0.570114,1.26986
0,0.572114,1.27071
0,0.574115,1.27155
0,0.576115,1.27239
0,0.578116,1.27322
0,0.580116,1.27406
0,0.582116,1.2749
0,0.584117,1.27573
0,0.586117,1.27657
0,0.588118,1.2774
0,0.590118,1.27823
0,0.592118,1.27906
0,0.594119,1.27989
0,0.596119,1.28072
0,0.59812,1.28154
0,0.60012,1.28237
0,0.60212,1.2832
0,0.604121,1.28402
0,0.606121,1.28484
0,0.608122,1.28566
0,0.610122,1.28648
0,0.612122,1.2873
0,0.614123,1.28812
0,0.616123,1.28894
0,0.618124,1.28975
0,0.620124,1.29057
0,0.622124,1.29138
0,0.624125,1.29219
0,0.626125,1.293
0,0.628126,1.29381
0,0.630126,1.29462
0,0.632126,1.29543
0,0.634127,1.29624
0,0.636127,1.29704
0,0.638128,1.29785
0,0.640128,1.29865
0,0.642128,1.29945
0,0.644129,1.30025
0,0.646129,1.30105
0,0.64813,1.30185
0,0.65013,1.30264
0,0.65213,1.30344
0,0.654131,1.30423
0,0.656131,1.30503
0,0.658132,1.30582
0,0.660132,1.30661
0,0.662132,1.3074
0,0.664133,1.30819
0,0.666133,1.30898
0,0.668134,1.30976
0,0.670134,1.31055
0,0.672134,1.31133
0,0.674135,1.31211
0,0.676135,1.31289
0,0.678136,1.31367
0,0.680136,1.31445
0,0.682136,1.31523
0,0.684137,1.316
0,0.686137,1.31678
0,0.688138,1.31755
0,0.690138,1.31832
0,0.692138,1.31909
0,0.694139,1.31986
0,0.696139,1.32063
0,0.69814,1.3214
0,0.70014,1.32216
0,0.70214,1.32293
0,0.704141,1.32369
0,0.706141,1.32445
0,0.708142,1.32521
0,0.710142,1.32597
0,0.712142,1.32673
0,0.714143,1.32748
0,0.716143,1.32824
0,0.718144,1.32899
0,0.720144,1.32975
0,0.722144,1.3305
0,0.724145,1.33125
0,0.726145,1.332
0,0.728146,1.33274
0,0.730146,1.33349
0,0.732146,1.33423
0,0.734147,1.33498
0,0.736147,1.33572
0,0.738148,1.33646
0,0.740148,1.3372
0,0.742148,1.33794
0,0.744149,1.33867
0,0.746149,1.33941
0,0.74815,1.34014
0,0.75015,1.34087
0,0.75215,1.34161
0,0.754151,1.34233
0,0.756151,1.34306
0,0.758152,1.34379
0,0.760152,1.34452
0,0.762152,1.34524
0,0.764153,1.34596
0,0.766153,1.34668
0,0.768154,1.3474
0,0.770154,1.34812
0,0.772154,1.34884
0,0.774155,1.34956
0,0.776155,1.35027
0,0.778156,1.35098
0,0.780156,1.3517
0,0.782156,1.35241
0,0.784157,1.35311
0,0.786157,1.35382
0,0.788158,1.35453
0,0.790158,1.35523
0,0.792158,1.35594
0,0.794159,1.35664
0,0.796159,1.35734
0,0.79816,1.35804
0,0.80016,1.35873
0,0.80216,1.35943
0,0.804161,1.36012
0,0.806161,1.36082
0,0.808162,1.36151
0,0.810162,1.3622
0,0.812162,1.36289
0,0.814163,1.36358
0,0.816163,1.36426
0,0.818164,1.36495
0,0.820164,1.36563
0,0.822164,1.36631
0,0.824165,1.36699
0,0.826165,1.36767
0,0.828166,1.36835
0,0.830166,1.36902
0,0.832166,1.3697
0,0.834167,1.37037
0,0.836167,1.37104
0,0.838168,1.37171
0,0.840168,1.37238
0,0.842168,1.37304
0,0.844169,1.37371
0,0.846169,1.37437
0,0.84817,1.37504
0,0.85017,1.3757
0,0.85217,1.37636
0,0.854171,1.37701
0,0.856171,1.37767
0,0.858172,1.37832
0,0.860172,1.37898
0,0.862172,1.37963
0,0.864173,1.38028
0,0.866173,1.38093
0,0.868174,1.38157
0,0.870174,1.38222
0,0.872174,1.38286
0,0.874175,1.38351
0,0.876175,1.38415
0,0.878176,1.38479
0,0.880176,1.38543
0,0.882176,1.38606
0,0.884177,1.3867
0,0.886177,1.38733
0,0.888178,1.38796
0,0.890178,1.38859
0,0.892178,1.38922
0,0.894179,1.38985
0,0.896179,1.39047
0,0.89818,1.3911
0,0.90018,1.39172
0,0.90218,1.39234
0,0.904181,1.39296
0,0.906181,1.39358
0,0.908182,1.39419
0,0.910182,1.39481
0,0.912182,1.39542
0,0.914183,1.39603
0,0.916183,1.39664
0,0.918184,1.39725
0,0.920184,1.39786
0,0.922184,1.39846
0,0.924185,1.39906
0,0.926185,1.39967
0,0.928186,1.40027
0,0.930186,1.40087
0,0.932186,1.40146
0,0.934187,1.40206
0,0.936187,1.40265
0,0.938188,1.40324
0,0.940188,1.40383
0,0.942188,1.40442
0,0.944189,1.40501
0,0.946189,1.4056
0,0.94819,1.40618
0,0.95019,1.40676
0,0.95219,1.40734
0,0.954191,1.40792
0,0.956191,1.4085
0,0.958192,1.40908
0,0.960192,1.40965
0,0.962192,1.41022
0,0.964193,1.41079
0,0.966193,1.41136
0,0.968194,1.41193
0,0.970194,1.4125
0,0.972194,1.41306
0,0.974195,1.41362
0,0.976195,1.41419
0,0.978196,1.41475
0,0.980196,1.4153
0,0.982196,1.41586
0,0.984197,1.41641
0,0.986197,1.41697
0,0.988198,1.41752
0,0.990198,1.41807
0,0.992198,1.41862
0,0.994199,1.41916
0,0.996199,1.41971
0,0.9982,1.42025
0,1.0002,1.42079
0,1.0022,1.42133
0,1.0042,1.42187
0,1.0062,1.4224
0,1.0082,1.42294
0,1.0102,1.42347
0,1.0122,1.424
0,1.0142,1.42453
0,1.0162,1.42506
0,1.0182,1.42558
0,1.0202,1.42611
0,1.0222,1.42663
0,1.0242,1.42715
0,1.02621,1.42767
0,1.02821,1.42819
0,1.03021,1.4287
0,1.03221,1.42922
0,1.03421,1.42973
0,1.03621,1.43024
0,1.03821,1.43075
0,1.04021,1.43125
0,1.04221,1.43176
0,1.04421,1.43226
0,1.04621,1.43277
0,1.04821,1.43327
0,1.05021,1.43376
0,1.05221,1.43426
0,1.05421,1.43476
0,1.05621,1.43525
0,1.05821,1.43574
0,1.06021,1.43623
0,1.06221,1.43672
0,1.06421,1.4372
0,1.06621,1.43769
0,1.06821,1.43817
0,1.07021,1.43865
0,1.07221,1.43913
0,1.07421,1.43961
0,1.07622,1.44008
0,1.07822,1.44056
0,1.08022,1.44103
0,1.08222,1.4415
0,1.08422,1.44197
0,1.08622,1.44244
0,1.08822,1.4429
0,1.09022,1.44336
0,1.09222,1.44383
0,1.09422,1.44429
0,1.09622,1.44474
0,1.09822,1.4452
0,1.10022,1.44565
0,1.10222,1.44611
0,1.10422,1.44656
0,1.10622,1.44701
0,1.10822,1.44745
0,1.11022,1.4479
0,1.11222,1.44834
0,1.11422,1.44878
0,1.11622,1.44922
0,1.11822,1.44966
0,1.12022,1.4501
0,1.12222,1.45053
0,1.12422,1.45097
0,1.12623,1.4514
0,1.12823,1.45183
0,1.13023,1.45225
0,1.13223,1.45268
0,1.13423,1.4531
0,1.13623,1.45353
0,1.13823,1.45395
0,1.14023,1.45436
0,1.14223,1.45478
0,1.14423,1.4552
0,1.14623,1.45561
0,1.14823,1.45602
0,1.15023,1.45643
0,1.15223,1.45684
0,1.15423,1.45724
0,1.15623,1.45765
0,1.15823,1.45805
0,1.16023,1.45845
0,1.16223,1.45885
0,1.16423,1.45924
0,1.16623,1.45964
0,1.16823,1.46003
0,1.17023,1.46042
0,1.17223,1.46081
0,1.17423,1.4612
0,1.17624,1.46158
0,1.17824,1.46197
0,1.18024,1.46235
0,1.18224,1.46273
0,1.18424,1.46311
0,1.18624,1.46348
0,1.18824,1.46386
0,1.19024,1.46423
0,1.19224,1.4646
0,1.19424,1.46497
0,1.19624,1.46533
0,1.19824,1.4657
0,1.20024,1.46606
0,1.20224,1.46642
0,1.20424,1.46678
0,1.20624,1.46714
0,1.20824,1.4675
0,1.21024,1.46785
0,1.21224,1.4682
0,1.21424,1.46855
0,1.21624,1.4689
0,1.21824,1.46925
0,1.22024,1.46959
0,1.22224,1.46993
0,1.22424,1.47027
0,1.22625,1.47061
0,1.22825,1.47095
0,1.23025,1.47129
0,1.23225,1.47162
0,1.23425,1.47195
0,1.23625,1.47228
0,1.23825,1.47261
0,1.24025,1.47293
0,1.24225,1.47326
0,1.24425,1.47358
0,1.24625,1.4739
0,1.24825,1.47422
0,1.25025,1.47453
0,1.25225,1.47485
0,1.25425,1.47516
0,1.25625,1.47547
0,1.25825,1.47578
0,1.26025,1.47608
0,1.26225,1.47639
0,1.26425,1.47669
0,1.26625,1.47699
0,1.26825,1.47729
0,1.27025,1.47759
0,1.27225,1.47788
0,1.27425,1.47818
0,1.27626,1.47847
0,1.27826,1.47876
0,1.28026,1.47904
0,1.28226,1.47933
0,1.28426,1.47961
0,1.28626,1.4799
0,1.28826,1.48018
0,1.29026,1.48045
0,1.29226,1.48073
0,1.29426,1.481
0,1.29626,1.48128
0,1.29826,1.48155
0,1.30026,1.48181
0,1.30226,1.48208
0,1.30426,1.48234
0,1.30626,1.48261
0,1.30826,1.48287
0,1.31026,1.48313
0,1.31226,1.48338
0,1.31426,1.48364
0,1.31626,1.48389
0,1.31826,1.48414
0,1.32026,1.48439
0,1.32226,1.48464
0,1.32426,1.48488
0,1.32627,1.48513
0,1.32827,1.48537
0,1.33027,1.48561
0,1.33227,1.48584
0,1.33427,1.48608
0,1.33627,1.48631
0,1.33827,1.48654
0,1.34027,1.48677
0,1.34227,1.487
0,1.34427,1.48723
0,1.34627,1.48745
0,1.34827,1.48767
0,1.35027,1.48789
0,1.35227,1.48811
0,1.35427,1.48832
0,1.35627,1.48854
0,1.35827,1.48875
0,1.36027,1.48896
0,1.36227,1.48917
0,1.36427,1.48937
0,1.36627,1.48958
0,1.36827,1.48978
0,1.37027,1.48998
0,1.37227,1.49018
0,1.37427,1.49038
0,1.37628,1.49057
0,1.37828,1.49076
0,1.38028,1.49095
0,1.38228,1.49114
0,1.38428,1.49133
0,1.38628,1.49151
0,1.38828,1.49169
0,1.39028,1.49188
0,1.39228,1.49205
0,1.39428,1.49223
0,1.39628,1.49241
0,1.39828,1.49258
0,1.40028,1.49275
0,1.40228,1.49292
0,1.40428,1.49308
0,1.40628,1.49325
0,1.40828,1.49341
0,1.41028,1.49357
0,1.41228,1.49373
0,1.41428,1.49389
0,1.41628,1.49404
0,1.41828,1.4942
0,1.42028,1.49435
0,1.42228,1.4945
0,1.42428,1.49464
0,1.42629,1.49479
0,1.42829,1.49493
0,1.43029,1.49507
0,1.43229,1.49521
0,1.43429,1.49535
0,1.43629,1.49548
0,1.43829,1.49562
0,1.44029,1.49575
0,1.44229,1.49588
0,1.44429,1.496
0,1.44629,1.49613
0,1.44829,1.49625
0,1.45029,1.49637
0,1.45229,1.49649
0,1.45429,1.49661
0,1.45629,1.49673
0,1.45829,1.49684
0,1.46029,1.49695
0,1.46229,1.49706
0,1.46429,1.49717
0,1.46629,1.49727
0,1.46829,1.49738
0,1.47029,1.49748
0,1.47229,1.49758
0,1.47429,1.49767
0,1.4763,1.49777
0,1.4783,1.49786
0,1.4803,1.49795
0,1.4823,1.49804
0,1.4843,1.49813
0,1.4863,1.49822
0,1.4883,1.4983
0,1.4903,1.49838
0,1.4923,1.49846
0,1.4943,1.49854
0,1.4963,1.49861
0,1.4983,1.49869
0,1.5003,1.49876
0,1.5023,1.49883
0,1.5043,1.49889
0,1.5063,1.49896
0,1.5083,1.49902
0,1.5103,1.49909
0,1.5123,1.49914
0,1.5143,1.4992
0,1.5163,1.49926
0,1.5183,1.49931
0,1.5203,1.49936
0,1.5223,1.49941
0,1.5243,1.49946
0,1.52631,1.49951
0,1.52831,1.49955
0,1.53031,1.49959
0,1.53231,1.49963
0,1.53431,1.49967
0,1.53631,1.4997
0,1.53831,1.49974
0,1.54031,1.49977
0,1.54231,1.4998
0,1.54431,1.49982
0,1.54631,1.49985
0,1.54831,1.49987
0,1.55031,1.4999
0,1.55231,1.49991
0,1.55431,1.49993
0,1.55631,1.49995
0,1.55831,1.49996
0,1.56031,1.49997
0,1.56231,1.49998
0,1.56431,1.49999
0,1.56631,1.49999
0,1.56831,1.5
0,1.57031,1.5
0,1.57231,1.5
0,1.57431,1.5
0,1.57632,1.49999
0,1.57832,1.49999
0,1.58032,1.49998
0,1.58232,1.49997
0,1.58432,1.49995
0,1.58632,1.49994
0,1.58832,1.49992
0,1.59032,1.4999
0,1.59232,1.49988
0,1.59432,1.49986
0,1.59632,1.49984
0,1.59832,1.49981
0,1.60032,1.49978
0,1.60232,1.49975
0,1.60432,1.49972
0,1.60632,1.49968
0,1.60832,1.49965
0,1.61032,1.49961
0,1.61232,1.49957
0,1.61432,1.49953
0,1.61632,1.49948
0,1.61832,1.49944
0,1.62032,1.49939
0,1.62232,1.49934
0,1.62432,1.49928
0,1.62633,1.49923
0,1.62833,1.49917
0,1.63033,1.49911
0,1.63233,1.49905
0,1.63433,1.49899
0,1.63633,1.49893
0,1.63833,1.49886
0,1.64033,1.49879
0,1.64233,1.49872
0,1.64433,1.49865
0,1.64633,1.49857
0,1.64833,1.4985
0,1.65033,1.49842
0,1.65233,1.49834
0,1.65433,1.49826
0,1.65633,1.49817
0,1.65833,1.49809
0,1.66033,1.498
0,1.66233,1.49791
0,1.66433,1.49781
0,1.66633,1.49772
0,1.66833,1.49762
0,1.67033,1.49753
0,1.67233,1.49742
0,1.67433,1.49732
0,1.67634,1.49722
0,1.67834,1.49711
0,1.68034,1.497
0,1.68234,1.49689
0,1.68434,1.49678
0,1.68634,1.49667
0,1.68834,1.49655
0,1.69034,1.49643
0,1.69234,1.49631
0,1.69434,1.49619
0,1.69634,1.49606
0,1.69834,1.49594
0,1.70034,1.49581
0,1.70234,1.49568
0,1.70434,1.49555
0,1.70634,1.49541
0,1.70834,1.49528
0,1.71034,1.49514
0,1.71234,1.495
0,1.71434,1.49486
0,1.71634,1.49471
0,1.71834,1.49457
0,1.72034,1.49442
0,1.72234,1.49427
0,1.72434,1.49412
0,1.72635,1.49396
0,1.72835,1.49381
0,1.73035,1.49365
0,1.73235,1.49349
0,1.73435,1.49333
0,1.73635,1.49316
0,1.73835,1.493
0,1.74035,1.49283
0,1.74235,1.49266
0,1.74435,1.49249
0,1.74635,1.49232
0,1.74835,1.49214
0,1.75035,1.49196
0,1.75235,1.49178
0,1.75435,1.4916
0,1.75635,1.49142
0,1.75835,1.49123
0,1.76035,1.49104
0,1.76235,1.49085
0,1.76435,1.49066
0,1.76635,1.49047
0,1.76835,1.49027
0,1.77035,1.49008
0,1.77235,1.48988
0,1.77435,1.48968
0,1.77636,1.48947
0,1.77836,1.48927
0,1.78036,1.48906
0,1.78236,1.48885
0,1.78436,1.48864
0,1.78636,1.48843
0,1.78836,1.48821
0,1.79036,1.488
0,1.79236,1.48778
0,1.79436,1.48756
0,1.79636,1.48733
0,1.79836,1.48711
0,1.80036,1.48688
0,1.80236,1.48665
0,1.80436,1.48642
0,1.80636,1.48619
0,1.80836,1.48596
0,1.81036,1.48572
0,1.81236,1.48548
0,1.81436,1.48524
0,1.81636,1.485
0,1.81836,1.48476
0,1.82036,1.48451
0,1.82236,1.48426
0,1.82436,1.48401
0,1.82637,1.48376
0,1.82837,1.48351
0,1.83037,1.48325
0,1.83237,1.48299
0,1.83437,1.48273
0,1.83637,1.48247
0,1.83837,1.48221
0,1.84037,1.48194
0,1.84237,1.48168
0,1.84437,1.48141
0,1.84637,1.48113
0,1.84837,1.48086
0,1.85037,1.48059
0,1.85237,1.48031
0,1.85437,1.48003
0,1.85637,1.47975
0,1.85837,1.47947
0,1.86037,1.47918
0,1.86237,1.4789
0,1.86437,1.47861
0,1.86637,1.47832
0,1.86837,1.47802
0,1.87037,1.47773
0,1.87237,1.47743
0,1.87437,1.47714
0,1.87638,1.47684
0,1.87838,1.47653
0,1.88038,1.47623
0,1.88238,1.47593
0,1.88438,1.47562
0,1.88638,1.47531
0,1.88838,1.475
0,1.89038,1.47468
0,1.89238,1.47437
0,1.89438,1.47405
0,1.89638,1.47373
0,1.89838,1.47341
0,1.90038,1.47309
0,1.90238,1.47276
0,1.90438,1.47244
0,1.90638,1.47211
0,1.90838,1.47178
0,1.91038,1.47145
0,1.91238,1.47111
0,1.91438,1.47078
0,1.91638,1.47044
0,1.91838,1.4701
0,1.92038,1.46976
0,1.92238,1.46941
0,1.92438,1.46907
0,1.92639,1.46872
0,1.92839,1.46837
0,1.93039,1.46802
0,1.93239,1.46767
0,1.93439,1.46731
0,1.93639,1.46696
0,1.93839,1.4666
0,1.94039,1.46624
0,1.94239,1.46588
0,1.94439,1.46551
0,1.94639,1.46515
0,1.94839,1.46478
0,1.95039,1.46441
0,1.95239,1.46404
0,1.95439,1.46366
0,1.95639,1.46329
0,1.95839,1.46291
0,1.96039,1.46253
0,1.96239,1.46215
0,1.96439,1.46177
0,1.96639,1.46138
0,1.96839,1.461
0,1.97039,1.46061
0,1.97239,1.46022
0,1.97439,1.45983
0,1.9764,1.45943
0,1.9784,1.45904
0,1.9804,1.45864
0,1.9824,1.45824
0,1.9844,1.45784
0,1.9864,1.45744
0,1.9884,1.45703
0,1.9904,1.45663
0,1.9924,1.45622
0,1.9944,1.45581
0,1.9964,1.45539
0,1.9984,1.45498
0,2.0004,1.45457
0,2.0024,1.45415
0,2.0044,1.45373
0,2.0064,1.45331
0,2.0084,1.45288
0,2.0104,1.45246
0,2.0124,1.45203
0,2.0144,1.4516
0,2.0164,1.45117
0,2.0184,1.45074
0,2.0204,1.45031
0,2.0224,1.44987
0,2.0244,1.44944
0,2.02641,1.449
0,2.02841,1.44856
0,2.03041,1.44811
0,2.03241,1.44767
0,2.03441,1.44722
0,2.03641,1.44677
0,2.03841,1.44632
0,2.04041,1.44587
0,2.04241,1.44542
0,2.04441,1.44496
0,2.04641,1.44451
0,2.04841,1.44405
0,2.05041,1.44359
0,2.05241,1.44312
0,2.05441,1.44266
0,2.05641,1.44219
0,2.05841,1.44173
0,2.06041,1.44126
0,2.06241,1.44079
0,2.06441,1.44031
0,2.06641,1.43984
0,2.06841,1.43936
0,2.07041,1.43888
0,2.07241,1.4384
0,2.07441,1.43792
0,2.07642,1.43744
0,2.07842,1.43695
0,2.08042,1.43647
0,2.08242,1.43598
0,2.08442,1.43549
0,2.08642,1.43499
0,2.08842,1.4345
0,2.09042,1.434
0,2.09242,1.43351
0,2.09442,1.43301
0,2.09642,1.43251
0,2.09842,1.432
0,2.10042,1.4315
0,2.10242,1.43099
0,2.10442,1.43048
0,2.10642,1.42997
0,2.10842,1.42946
0,2.11042,1.42895
0,2.11242,1.42844
0,2.11442,1.42792
0,2.11642,1.4274
0,2.11842,1.42688
0,2.12042,1.42636
0,2.12242,1.42584
0,2.12442,1.42531
0,2.12643,1.42478
0,2.12843,1.42426
0,2.13043,1.42373
0,2.13243,1.42319
0,2.13443,1.42266
0,2.13643,1.42213
0,2.13843,1.42159
0,2.14043,1.42105
0,2.14243,1.42051
0,2.14443,1.41997
0,2.14643,1.41942
0,2.14843,1.41888
0,2.15043,1.41833
0,2.15243,1.41778
0,2.15443,1.41723
0,2.15643,1.41668
0,2.15843,1.41613
0,2.16043,1.41557
0,2.16243,1.41501
0,2.16443,1.41446
0,2.16643,1.4139
0,2.16843,1.41333
0,2.17043,1.41277
0,2.17243,1.4122
0,2.17443,1.41164
0,2.17644,1.41107
0,2.17844,1.4105
0,2.18044,1.40993
0,2.18244,1.40935
0,2.18444,1.40878
0,2.18644,1.4082
0,2.18844,1.40762
0,2.19044,1.40704
0,2.19244,1.40646
0,2.19444,1.40588
0,2.19644,1.40529
0,2.19844,1.40471
0,2.20044,1.40412
0,2.20244,1.40353
0,2.20444,1.40294
0,2.20644,1.40234
0,2.20844,1.40175
0,2.21044,1.40115
0,2.21244,1.40056
0,2.21444,1.39996
0,2.21644,1.39936
0,2.21844,1.39875
0,2.22044,1.39815
0,2.22244,1.39754
0,2.22444,1.39694
0,2.22645,1.39633
0,2.22845,1.39572
0,2.23045,1.3951
0,2.23245,1.39449
0,2.23445,1.39387
0,2.23645,1.39326
0,2.23845,1.39264
0,2.24045,1.39202
0,2.24245,1.3914
0,2.24445,1.39077
0,2.24645,1.39015
0,2.24845,1.38952
0,2.25045,1.3889
0,2.25245,1.38827
0,2.25445,1.38763
0,2.25645,1.387
0,2.25845,1.38637
0,2.26045,1.38573
0,2.26245,1.3851
0,2.26445,1.38446
0,2.26645,1.38382
0,2.26845,1.38317
0,2.27045,1.38253
0,2.27245,1.38189
0,2.27445,1.38124
0,2.27646,1.38059
0,2.27846,1.37994
0,2.28046,1.37929
0,2.28246,1.37864
0,2.28446,1.37799
0,2.28646,1.37733
0,2.28846,1.37667
0,2.29046,1.37601
0,2.29246,1.37535
0,2.29446,1.37469
0,2.29646,1.37403
0,2.29846,1.37337
0,2.30046,1.3727
0,2.30246,1.37203
0,2.30446,1.37136
0,2.30646,1.37069
0,2.30846,1.37002
0,2.31046,1.36935
0,2.31246,1.36867
0,2.31446,1.368
0,2.31646,1.36732
0,2.31846,1.36664
0,2.32046,1.36596
0,2.32246,1.36528
0,2.32446,1.36459
0,2.32647,1.36391
0,2.32847,1.36322
0,2.33047,1.36253
0,2.33247,1.36184
0,2.33447,1.36115
0,2.33647,1.36046
0,2.33847,1.35976
0,2.34047,1.35907
0,2.34247,1.35837
0,2.34447,1.35767
0,2.34647,1.35697
0,2.34847,1.35627
0,2.35047,1.35557
0,2.35247,1.35487
0,2.35447,1.35416
0,2.35647,1.35346
0,2.35847,1.35275
0,2.36047,1.35204
0,2.36247,1.35133
0,2.36447,1.35061
0,2.36647,1.3499
0,2.36847,1.34919
0,2.37047,1.34847
0,2.37247,1.34775
0,2.37447,1.34703
0,2.37648,1.34631
0,2.37848,1.34559
0,2.38048,1.34487
0,2.38248,1.34414
0,2.38448,1.34341
0,2.38648,1.34269
0,2.38848,1.34196
0,2.39048,1.34123
0,2.39248,1.3405
0,2.39448,1.33976
0,2.39648,1.33903
0,2.39848,1.33829
0,2.40048,1.33755
0,2.40248,1.33682
0,2.40448,1.33608
0,2.40648,1.33533
0,2.40848,1.33459
0,2.41048,1.33385
0,2.41248,1.3331
0,2.41448,1.33236
0,2.41648,1.33161
0,2.41848,1.33086
0,2.42048,1.33011
0,2.42248,1.32936
0,2.42448,1.3286
0,2.42649,1.32785
0,2.42849,1.32709
0,2.43049,1.32634
0,2.43249,1.32558
0,2.43449,1.32482
0,2.43649,1.32406
0,2.43849,1.32329
0,2.44049,1.32253
0,2.44249,1.32177
0,2.44449,1.321
0,2.44649,1.32023
0,2.44849,1.31946
0,2.45049,1.31869
0,2.45249,1.31792
0,2.45449,1.31715
0,2.45649,1.31638
0,2.45849,1.3156
0,2.46049,1.31482
0,2.46249,1.31405
0,2.46449,1.31327
0,2.46649,1.31249
0,2.46849,1.31171
0,2.47049,1.31092
0,2.47249,1.31014
0,2.47449,1.30935
0,2.4765,1.30857
0,2.4785,1.30778
0,2.4805,1.30699
0,2.4825,1.3062
0,2.4845,1.30541
0,2.4865,1.30462
0,2.4885,1.30382
0,2.4905,1.30303
0,2.4925,1.30223
0,2.4945,1.30144
0,2.4965,1.30064
0,2.4985,1.29984
0,2.5005,1.29904
0,2.5025,1.29823
0,2.5045,1.29743
0,2.5065,1.29663
0,2.5085,1.29582
0,2.5105,1.29501
0,2.5125,1.2942
0,2.5145,1.2934
0,2.5165,1.29258
0,2.5185,1.29177
0,2.5205,1.29096
0,2.5225,1.29015
0,2.5245,1.28933
0,2.52651,1.28851
0,2.52851,1.2877
0,2.53051,1.28688
0,2.53251,1.28606
0,2.53451,1.28524
0,2.53651,1.28442
0,2.53851,1.28359
0,2.54051,1.28277
0,2.54251,1.28194
0,2.54451,1.28112
0,2.54651,1.28029
0,2.54851,1.27946
0,2.55051,1.27863
0,2.55251,1.2778
0,2.55451,1.27697
0,2.55651,1.27613
0,2.55851,1.2753
0,2.56051,1.27446
0,2.56251,1.27363
0,2.56451,1.27279
0,2.56651,1.27195
0,2.56851,1.27111
0,2.57051,1.27027
0,2.57251,1.26943
0,2.57451,1.26858
0,2.57652,1.26774
0,2.57852,1.2669
0,2.58052,1.26605
0,2.58252,1.2652
0,2.58452,1.26435
0,2.58652,1.2635
0,2.58852,1.26265
0,2.59052,1.2618
0,2.59252,1.26095
0,2.59452,1.2601
0,2.59652,1.25924
0,2.59852,1.25838
0,2.60052,1.25753
0,2.60252,1.25667
0,2.60452,1.25581
0,2.60652,1.25495
0,2.60852,1.25409
0,2.61052,1.25323
0,2.61252,1.25237
0,2.61452,1.2515
0,2.61652,1.25064
0,2.61852,1.24977
0,2.62052,1.2489
0,2.62252,1.24804
0,2.62452,1.24717
0,2.62653,1.2463
0,2.62853,1.24543
0,2.63053,1.24455
0,2.63253,1.24368
0,2.63453,1.24281
0,2.63653,1.24193
0,2.63853,1.24106
0,2.64053,1.24018
0,2.64253,1.2393
0,2.64453,1.23842
0,2.64653,1.23754
0,2.64853,1.23666
0,2.65053,1.23578
0,2.65253,1.2349
0,2.65453,1.23402
0,2.65653,1.23313
0,2.65853,1.23225
0,2.66053,1.23136
0,2.66253,1.23047
0,2.66453,1.22958
0,2.66653,1.2287
0,2.66853,1.22781
0,2.67053,1.22691
0,2.67253,1.22602
0,2.67453,1.22513
0,2.67654,1.22424
0,2.67854,1.22334
0,2.68054,1.22245
0,2.68254,1.22155
0,2.68454,1.22065
0,2.68654,1.21976
0,2.68854,1.21886
0,2.69054,1.21796
0,2.69254,1.21706
0,2.69454,1.21616
0,2.69654,1.21525
0,2.69854,1.21435
0,2.70054,1.21345
0,2.70254,1.21254
0,2.70454,1.21164
0,2.70654,1.21073
0,2.70854,1.20982
0,2.71054,1.20891
0,2.71254,1.208
0,2.71454,1.20709
0,2.71654,1.20618
0,2.71854,1.20527
0,2.72054,1.20436
0,2.72254,1.20345
0,2.72454,1.20253
0,2.72655,1.20162
0,2.72855,1.2007
0,2.73055,1.19978
0,2.73255,1.19887
0,2.73455,1.19795
0,2.73655,1.19703
0,2.73855,1.19611
0,2.74055,1.19519
0,2.74255,1.19427
0,2.74455,1.19335
0,2.74655,1.19242
0,2.74855,1.1915
0,2.75055,1.19058
0,2.75255,1.18965
0,2.75455,1.18873
0,2.75655,1.1878
0,2.75855,1.18687
0,2.76055,1.18594
0,2.76255,1.18501
0,2.76455,1.18408
0,2.76655,1.18315
0,2.76855,1.18222
0,2.77055,1.18129
0,2.77255,1.18036
0,2.77455,1.17943
0,2.77656,1.17849
0,2.77856,1.17756
0,2.78056,1.17662
0,2.78256,1.17569
0,2.78456,1.17475
0,2.78656,1.17381
0,2.78856,1.17287
0,2.79056,1.17193
0,2.79256,1.171
0,2.79456,1.17005
0,2.79656,1.16911
0,2.79856,1.16817
0,2.80056,1.16723
0,2.80256,1.16629
0,2.80456,1.16534
0,2.80656,1.1644
0,2.80856,1.16345
0,2.81056,1.16251
0,2.81256,1.16156
0,2.81456,1.16062
0,2.81656,1.15967
0,2.81856,1.15872
0,2.82056,1.15777
0,2.82256,1.15682
0,2.82456,1.15587
0,2.82657,1.15492
0,2.82857,1.15397
0,2.83057,1.15302
0,2.83257,1.15207
0,2.83457,1.15111
0,2.83657,1.15016
0,2.83857,1.1492
0,2.84057,1.14825
0,2.84257,1.14729
0,2.84457,1.14634
0,2.84657,1.14538
0,2.84857,1.14442
0,2.85057,1.14347
0,2.85257,1.14251
0,2.85457,1.14155
0,2.85657,1.14059
0,2.85857,1.13963
0,2.86057,1.13867
0,2.86257,1.13771
0,2.86457,1.13675
0,2.86657,1.13578
0,2.86857,1.13482
0,2.87057,1.13386
0,2.87257,1.13289
0,2.87457,1.13193
0,2.87658,1.13096
0,2.87858,1.13
0,2.88058,1.12903
0,2.88258,1.12806
0,2.88458,1.1271
0,2.88658,1.12613
0,2.88858,1.12516
0,2.89058,1.12419
0,2.89258,1.12322
0,2.89458,1.12225
0,2.89658,1.12128
0,2.89858,1.12031
0,2.90058,1.11934
0,2.90258,1.11837
0,2.90458,1.1174
0,2.90658,1.11643
0,2.90858,1.11545
0,2.91058,1.11448
0,2.91258,1.11351
0,2.91458,1.11253
0,2.91658,1.11156
0,2.91858,1.11058
0,2.92058,1.10961
0,2.92258,1.10863
0,2.92458,1.10765
0,2.92659,1.10668
0,2.92859,1.1057
0,2.93059,1.10472
0,2.93259,1.10374
0,2.93459,1.10277
0,2.93659,1.10179
0,2.93859,1.10081
0,2.94059,1.09983
0,2.94259,1.09885
0,2.94459,1.09787
0,2.94659,1.09688
0,2.94859,1.0959
0,2.95059,1.09492
0,2.95259,1.09394
0,2.95459,1.09296
0,2.95659,1.09197
0,2.95859,1.09099
0,2.96059,1.09001
0,2.96259,1.08902
0,2.96459,1.08804
0,2.96659,1.08705
0,2.96859,1.08607
0,2.97059,1.08508
0,2.97259,1.0841
0,2.97459,1.08311
0,2.9766,1.08212
0,2.9786,1.08114
0,2.9806,1.08015
0,2.9826,1.07916
0,2.9846,1.07818
0,2.9866,1.07719
0,2.9886,1.0762
0,2.9906,1.07521
0,2.9926,1.07422
0,2.9946,1.07323
0,2.9966,1.07224
0,2.9986,1.07125
0,3.0006,1.07026
0,3.0026,1.06927
0,3.0046,1.06828
0,3.0066,1.06729
0,3.0086,1.0663
0,3.0106,1.06531
0,3.0126,1.06432
0,3.0146,1.06332
0,3.0166,1.06233
0,3.0186,1.06134
0,3.0206,1.06035
0,3.0226,1.05935
0,3.0246,1.05836
0,3.02661,1.05737
0,3.02861,1.05637
0,3.03061,1.05538
0,3.03261,1.05439
0,3.03461,1.05339
0,3.03661,1.0524
0,3.03861,1.0514
0,3.04061,1.05041
0,3.04261,1.04941
0,3.04461,1.04842
0,3.04661,1.04742
0,3.04861,1.04642
0,3.05061,1.04543
0,3.05261,1.04443
0,3.05461,1.04344
0,3.05661,1.04244
0,3.05861,1.04144
0,3.06061,1.04045
0,3.06261,1.03945
0,3.06461,1.03845
0,3.06661,1.03745
0,3.06861,1.03646
0,3.07061,1.03546
0,3.07261,1.03446
0,3.07461,1.03346
0,3.07662,1.03247
0,3.07862,1.03147
0,3.08062,1.03047
0,3.08262,1.02947
0,3.08462,1.02847
0,3.08662,1.02747
0,3.08862,1.02648
0,3.09062,1.02548
0,3.09262,1.02448
0,3.09462,1.02348
0,3.09662,1.02248
0,3.09862,1.02148
0,3.10062,1.02048
0,3.10262,1.01948
0,3.10462,1.01848
0,3.10662,1.01748
0,3.10862,1.01648
0,3.11062,1.01548
0,3.11262,1.01448
0,3.11462,1.01348
0,3.11662,1.01248
0,3.11862,1.01148
0,3.12062,1.01048
0,3.12262,1.00948
0,3.12462,1.00848
0,3.12663,1.00748
0,3.12863,1.00648
0,3.13063,1.00548
0,3.13263,1.00448
0,3.13463,1.00348
0,3.13663,1.00248
0,3.13863,1.00148
0,3.14063,1.00048
0,3.14263,0.999482
0,3.14463,0.998482
0,3.14663,0.997482
0,3.14863,0.996481
0,3.15063,0.995481
0,3.15263,0.994481
0,3.15463,0.993481
0,3.15663,0.992481
0,3.15863,0.991481
0,3.16063,0.990481
0,3.16263,0.989481
0,3.16463,0.988481
0,3.16663,0.987481
0,3.16863,0.986481
0,3.17063,0.985481
0,3.17263,0.984482
0,3.17463,0.983482
0,3.17664,0.982482
0,3.17864,0.981483
0,3.18064,0.980483
0,3.18264,0.979484
0,3.18464,0.978485
0,3.18664,0.977485
0,3.18864,0.976486
0,3.19064,0.975487
0,3.19264,0.974488
0,3.19464,0.973489
0,3.19664,0.972491
0,3.19864,0.971492
0,3.20064,0.970493
0,3.20264,0.969495
0,3.20464,0.968497
0,3.20664,0.967499
0,3.20864,0.966501
0,3.21064,0.965503
0,3.21264,0.964505
0,3.21464,0.963507
0,3.21664,0.96251
0,3.21864,0.961513
0,3.22064,0.960515
0,3.22264,0.959518
0,3.22464,0.958522
0,3.22665,0.957525
0,3.22865,0.956528
0,3.23065,0.955532
0,3.23265,0.954536
0,3.23465,0.95354
0,3.23665,0.952544
0,3.23865,0.951549
0,3.24065,0.950553
0,3.24265,0.949558
0,3.24465,0.948563
0,3.24665,0.947568
0,3.24865,0.946574
0,3.25065,0.945579
0,3.25265,0.944585
0,3.25465,0.943591
0,3.25665,0.942598
0,3.25865,0.941604
0,3.26065,0.940611
0,3.26265,0.939618
0,3.26465,0.938625
0,3.26665,0.937633
0,3.26865,0.93664
0,3.27065,0.935648
0,3.27265,0.934657
0,3.27465,0.933665
0,3.27666,0.932674
0,3.27866,0.931683
0,3.28066,0.930692
0,3.28266,0.929702
0,3.28466,0.928712
0,3.28666,0.927722
0,3.28866,0.926732
0,3.29066,0.925743
0,3.29266,0.924754
0,3.29466,0.923765
0,3.29666,0.922777
0,3.29866,0.921789
0,3.30066,0.920801
0,3.30266,0.919814
0,3.30466,0.918827
0,3.30666,0.91784
0,3.30866,0.916854
0,3.31066,0.915867
0,3.31266,0.914882
0,3.31466,0.913896
0,3.31666,0.912911
0,3.31866,0.911926
0,3.32066,0.910942
0,3.32266,0.909958
0,3.32466,0.908974
0,3.32667,0.907991
0,3.32867,0.907008
0,3.33067,0.906026
0,3.33267,0.905043
0,3.33467,0.904062
0,3.33667,0.90308
0,3.33867,0.902099
0,3.34067,0.901118
0,3.34267,0.900138
0,3.34467,0.899158
0,3.34667,0.898179
0,3.34867,0.8972
0,3.35067,0.896221
0,3.35267,0.895243
0,3.35467,0.894265
0,3.35667,0.893288
0,3.35867,0.892311
0,3.36067,0.891334
0,3.36267,0.890358
0,3.36467,0.889383
0,3.36667,0.888407
0,3.36867,0.887433
0,3.37067,0.886458
0,3.37267,0.885485
0,3.37467,0.884511
0,3.37668,0.883538
0,3.37868,0.882566
0,3.38068,0.881594
0,3.38268,0.880622
0,3.38468,0.879651
0,3.38668,0.878681
0,3.38868,0.877711
0,3.39068,0.876741
0,3.39268,0.875772
0,3.39468,0.874803
0,3.39668,0.873835
0,3.39868,0.872868
0,3.40068,0.871901
0,3.40268,0.870934
0,3.40468,0.869968
0,3.40668,0.869003
0,3.40868,0.868038
0,3.41068,0.867073
0,3.41268,0.866109
0,3.41468,0.865146
0,3.41668,0.864183
0,3.41868,0.863221
0,3.42068,0.862259
0,3.42268,0.861298
0,3.42468,0.860337
0,3.42669,0.859377
0,3.42869,0.858417
0,3.43069,0.857458
0,3.43269,0.8565
0,3.43469,0.855542
0,3.43669,0.854585
0,3.43869,0.853628
0,3.44069,0.852672
0,3.44269,0.851717
0,3.44469,0.850762
0,3.44669,0.849807
0,3.44869,0.848854
0,3.45069,0.8479
0,3.45269,0.846948
0,3.45469,0.845996
0,3.45669,0.845045
0,3.45869,0.844094
0,3.46069,0.843144
0,3.46269,0.842195
0,3.46469,0.841246
0,3.46669,0.840298
0,3.46869,0.83935
0,3.47069,0.838404
0,3.47269,0.837457
0,3.47469,0.836512
0,3.4767,0.835567
0,3.4787,0.834623
0,3.4807,0.833679
0,3.4827,0.832736
0,3.4847,0.831794
0,3.4867,0.830852
0,3.4887,0.829912
0,3.4907,0.828971
0,3.4927,0.828032
0,3.4947,0.827093
0,3.4967,0.826155
0,3.4987,0.825217
0,3.5007,0.824281
0,3.5027,0.823345
0,3.5047,0.822409
0,3.5067,0.821475
0,3.5087,0.820541
0,3.5107,0.819607
0,3.5127,0.818675
0,3.5147,0.817743
0,3.5167,0.816812
0,3.5187,0.815882
0,3.5207,0.814952
0,3.5227,0.814024
0,3.5247,0.813096
0,3.52671,0.812168
0,3.52871,0.811242
0,3.53071,0.810316
0,3.53271,0.809391
0,3.53471,0.808467
0,3.53671,0.807543
0,3.53871,0.80662
0,3.54071,0.805698
0,3.54271,0.804777
0,3.54471,0.803857
0,3.54671,0.802937
0,3.54871,0.802018
0,3.55071,0.8011
0,3.55271,0.800183
0,3.55471,0.799266
0,3.55671,0.798351
0,3.55871,0.797436
0,3.56071,0.796522
0,3.56271,0.795609
0,3.56471,0.794696
0,3.56671,0.793785
0,3.56871,0.792874
0,3.57071,0.791964
0,3.57271,0.791055
0,3.57471,0.790147
0,3.57672,0.789239
0,3.57872,0.788333
0,3.58072,0.787427
0,3.58272,0.786522
0,3.58472,0.785618
0,3.58672,0.784715
0,3.58872,0.783812
0,3.59072,0.782911
0,3.59272,0.78201
0,3.59472,0.781111
0,3.59672,0.780212
0,3.59872,0.779314
0,3.60072,0.778417
0,3.60272,0.777521
0,3.60472,0.776625
0,3.60672,0.775731
0,3.60872,0.774838
0,3.61072,0.773945
0,3.61272,0.773053
0,3.61472,0.772163
0,3.61672,0.771273
0,3.61872,0.770384
0,3.62072,0.769496
0,3.62272,0.768609
0,3.62472,0.767722
0,3.62673,0.766837
0,3.62873,0.765953
0,3.63073,0.765069
0,3.63273,0.764187
0,3.63473,0.763305
0,3.63673,0.762425
0,3.63873,0.761545
0,3.64073,0.760667
0,3.64273,0.759789
0,3.64473,0.758912
0,3.64673,0.758036
0,3.64873,0.757162
0,3.65073,0.756288
0,3.65273,0.755415
0,3.65473,0.754543
0,3.65673,0.753672
0,3.65873,0.752802
0,3.66073,0.751933
0,3.66273,0.751065
0,3.66473,0.750199
0,3.66673,0.749333
0,3.66873,0.748468
0,3.67073,0.747604
0,3.67273,0.746741
0,3.67473,0.745879
0,3.67674,0.745018
0,3.67874,0.744158
0,3.68074,0.743299
0,3.68274,0.742442
0,3.68474,0.741585
0,3.68674,0.740729
0,3.68874,0.739874
0,3.69074,0.739021
0,3.69274,0.738168
0,3.69474,0.737317
0,3.69674,0.736466
0,3.69874,0.735617
0,3.70074,0.734768
0,3.70274,0.733921
0,3.70474,0.733075
0,3.70674,0.732229
0,3.70874,0.731385
0,3.71074,0.730542
0,3.71274,0.7297
0,3.71474,0.728859
0,3.71674,0.728019
0,3.71874,0.727181
0,3.72074,0.726343
0,3.72274,0.725506
0,3.72474,0.724671
0,3.72675,0.723837
0,3.72875,0.723003
0,3.73075,0.722171
0,3.73275,0.72134
0,3.73475,0.72051
0,3.73675,0.719682
0,3.73875,0.718854
0,3.74075,0.718027
0,3.74275,0.717202
0,3.74475,0.716378
0,3.74675,0.715555
0,3.74875,0.714733
0,3.75075,0.713912
0,3.75275,0.713092
0,3.75475,0.712273
0,3.75675,0.711456
0,3.75875,0.71064
0,3.76075,0.709825
0,3.76275,0.709011
0,3.76475,0.708198
0,3.76675,0.707386
0,3.76875,0.706576
0,3.77075,0.705766
0,3.77275,0.704958
0,3.77475,0.704151
0,3.77676,0.703346
0,3.77876,0.702541
0,3.78076,0.701738
0,3.78276,0.700936
0,3.78476,0.700135
0,3.78676,0.699335
0,3.78876,0.698536
0,3.79076,0.697739
0,3.79276,0.696943
0,3.79476,0.696148
0,3.79676,0.695354
0,3.79876,0.694562
0,3.80076,0.693771
0,3.80276,0.69298
0,3.80476,0.692192
0,3.80676,0.691404
0,3.80876,0.690618
0,3.81076,0.689833
0,3.81276,0.689049
0,3.81476,0.688266
0,3.81676,0.687485
0,3.81876,0.686705
0,3.82076,0.685926
0,3.82276,0.685148
0,3.82476,0.684372
0,3.82677,0.683597
0,3.82877,0.682823
0,3.83077,0.68205
0,3.83277,0.681279
0,3.83477,0.680509
0,3.83677,0.67974
0,3.83877,0.678973
0,3.84077,0.678207
0,3.84277,0.677442
0,3.84477,0.676678
0,3.84677,0.675916
0,3.84877,0.675155
0,3.85077,0.674395
0,3.85277,0.673637
0,3.85477,0.67288
0,3.85677,0.672124
0,3.85877,0.671369
0,3.86077,0.670616
0,3.86277,0.669864
0,3.86477,0.669114
0,3.86677,0.668365
0,3.86877,0.667617
0,3.87077,0.66687
0,3.87277,0.666125
0,3.87477,0.665381
0,3.87678,0.664639
0,3.87878,0.663897
0,3.88078,0.663158
0,3.88278,0.662419
0,3.88478,0.661682
0,3.88678,0.660946
0,3.88878,0.660212
0,3.89078,0.659479
0,3.89278,0.658747
0,3.89478,0.658017
0,3.89678,0.657288
0,3.89878,0.65656
0,3.90078,0.655834
0,3.90278,0.655109
0,3.90478,0.654386
0,3.90678,0.653663
0,3.90878,0.652943
0,3.91078,0.652223
0,3.91278,0.651506
0,3.91478,0.650789
0,3.91678,0.650074
0,3.91878,0.64936
0,3.92078,0.648648
0,3.92278,0.647937
0,3.92478,0.647227
0,3.92679,0.646519
0,3.92879,0.645813
0,3.93079,0.645107
0,3.93279,0.644403
0,3.93479,0.643701
0,3.93679,0.643
0,3.93879,0.6423
0,3.94079,0.641602
0,3.94279,0.640906
0,3.94479,0.64021
0,3.94679,0.639517
0,3.94879,0.638824
0,3.95079,0.638133
0,3.95279,0.637444
0,3.95479,0.636756
0,3.95679,0.636069
0,3.95879,0.635384
0,3.96079,0.6347
0,3.96279,0.634018
0,3.96479,0.633337
0,3.96679,0.632658
0,3.96879,0.63198
0,3.97079,0.631304
0,3.97279,0.630629
0,3.97479,0.629956
0,3.9768,0.629284
0,3.9788,0.628613
0,3.9808,0.627944
0,3.9828,0.627277
0,3.9848,0.626611
0,3.9868,0.625947
0,3.9888,0.625284
0,3.9908,0.624622
0,3.9928,0.623962
0,3.9948,0.623304
0,3.9968,0.622647
0,3.9988,0.621991
0,4.0008,0.621337
0,4.0028,0.620685
0,4.0048,0.620034
0,4.0068,0.619385
0,4.0088,0.618737
0,4.0108,0.618091
0,4.0128,0.617446
0,4.0148,0.616802
0,4.0168,0.616161
0,4.0188,0.615521
0,4.0208,0.614882
0,4.0228,0.614245
0,4.0248,0.613609
0,4.02681,0.612975
0,4.02881,0.612343
0,4.03081,0.611712
0,4.03281,0.611082
0,4.03481,0.610455
0,4.03681,0.609828
0,4.03881,0.609204
0,4.04081,0.60858
0,4.04281,0.607959
0,4.04481,0.607339
0,4.04681,0.606721
0,4.04881,0.606104
0,4.05081,0.605488
0,4.05281,0.604875
0,4.05481,0.604263
0,4.05681,0.603652
0,4.05881,0.603043
0,4.06081,0.602436
0,4.06281,0.60183
0,4.06481,0.601226
0,4.06681,0.600623
0,4.06881,0.600022
0,4.07081,0.599423
0,4.07281,0.598825
0,4.07481,0.598229
0,4.07682,0.597634
0,4.07882,0.597041
0,4.08082,0.59645
0,4.08282,0.59586
0,4.08482,0.595272
0,4.08682,0.594686
0,4.08882,0.594101
0,4.09082,0.593518
0,4.09282,0.592936
0,4.09482,0.592356
0,4.09682,0.591778
0,4.09882,0.591201
0,4.10082,0.590626
0,4.10282,0.590052
0,4.10482,0.589481
0,4.10682,0.58891
0,4.10882,0.588342
0,4.11082,0.587775
0,4.11282,0.58721
0,4.11482,0.586646
0,4.11682,0.586084
0,4.11882,0.585524
0,4.12082,0.584965
0,4.12282,0.584409
0,4.12482,0.583853
0,4.12683,0.5833
0,4.12883,0.582748
0,4.13083,0.582197
0,4.13283,0.581649
0,4.13483,0.581102
0,4.13683,0.580557
0,4.13883,0.580013
0,4.14083,0.579471
0,4.14283,0.578931
0,4.14483,0.578392
0,4.14683,0.577856
0,4.14883,0.57732
0,4.15083,0.576787
0,4.15283,0.576255
0,4.15483,0.575725
0,4.15683,0.575197
0,4.15883,0.57467
0,4.16083,0.574145
0,4.16283,0.573622
0,4.16483,0.5731
0,4.16683,0.57258
0,4.16883,0.572062
0,4.17083,0.571546
0,4.17283,0.571031
0,4.17483,0.570518
0,4.17684,0.570007
0,4.17884,0.569497
0,4.18084,0.568989
0,4.18284,0.568483
0,4.18484,0.567979
0,4.18684,0.567476
0,4.18884,0.566975
0,4.19084,0.566476
0,4.19284,0.565979
0,4.19484,0.565483
0,4.19684,0.564989
0,4.19884,0.564497
0,4.20084,0.564006
0,4.20284,0.563518
0,4.20484,0.563031
0,4.20684,0.562545
0,4.20884,0.562062
0,4.21084,0.56158
0,4.21284,0.5611
0,4.21484,0.560622
0,4.21684,0.560145
0,4.21884,0.559671
0,4.22084,0.559198
0,4.22284,0.558726
0,4.22484,0.558257
0,4.22685,0.557789
0,4.22885,0.557323
0,4.23085,0.556859
0,4.23285,0.556397
0,4.23485,0.555936
0,4.23685,0.555478
0,4.23885,0.555021
0,4.24085,0.554565
0,4.24285,0.554112
0,4.24485,0.55366
0,4.24685,0.55321
0,4.24885,0.552762
0,4.25085,0.552316
0,4.25285,0.551871
0,4.25485,0.551429
0,4.25685,0.550988
0,4.25885,0.550549
0,4.26085,0.550111
0,4.26285,0.549676
0,4.26485,0.549242
0,4.26685,0.54881
0,4.26885,0.54838
0,4.27085,0.547952
0,4.27285,0.547525
0,4.27485,0.5471
0,4.27686,0.546677
0,4.27886,0.546256
0,4.28086,0.545837
0,4.28286,0.54542
0,4.28486,0.545004
0,4.28686,0.54459
0,4.28886,0.544178
0,4.29086,0.543768
0,4.29286,0.54336
0,4.29486,0.542953
0,4.29686,0.542549
0,4.29886,0.542146
0,4.30086,0.541745
0,4.30286,0.541346
0,4.30486,0.540948
0,4.30686,0.540553
0,4.30886,0.540159
0,4.31086,0.539767
0,4.31286,0.539377
0,4.31486,0.538989
0,4.31686,0.538603
0,4.31886,0.538218
0,4.32086,0.537836
0,4.32286,0.537455
0,4.32486,0.537076
0,4.32687,0.536699
0,4.32887,0.536324
0,4.33087,0.535951
0,4.33287,0.535579
0,4.33487,0.53521
0,4.33687,0.534842
0,4.33887,0.534476
0,4.34087,0.534112
0,4.34287,0.53375
0,4.34487,0.533389
0,4.34687,0.533031
0,4.34887,0.532674
0,4.35087,0.53232
0,4.35287,0.531967
0,4.35487,0.531616
0,4.35687,0.531267
0,4.35887,0.53092
0,4.36087,0.530574
0,4.36287,0.530231
0,4.36487,0.529889
0,4.36687,0.52955
0,4.36887,0.529212
0,4.37087,0.528876
0,4.37287,0.528542
0,4.37487,0.52821
0,4.37688,0.527879
0,4.37888,0.527551
0,4.38088,0.527224
0,4.38288,0.5269
0,4.38488,0.526577
0,4.38688,0.526256
0,4.38888,0.525937
0,4.39088,0.52562
0,4.39288,0.525305
0,4.39488,0.524992
0,4.39688,0.524681
0,4.39888,0.524371
0,4.40088,0.524064
0,4.40288,0.523758
0,4.40488,0.523455
0,4.40688,0.523153
0,4.40888,0.522853
0,4.41088,0.522555
0,4.41288,0.522259
0,4.41488,0.521965
0,4.41688,0.521672
0,4.41888,0.521382
0,4.42088,0.521094
0,4.42288,0.520807
0,4.42488,0.520523
0,4.42689,0.52024
0,4.42889,0.519959
0,4.43089,0.51968
0,4.43289,0.519404
0,4.43489,0.519129
0,4.43689,0.518856
0,4.43889,0.518584
0,4.44089,0.518315
0,4.44289,0.518048
0,4.44489,0.517783
0,4.44689,0.517519
0,4.44889,0.517258
0,4.45089,0.516998
0,4.45289,0.516741
0,4.45489,0.516485
0,4.45689,0.516231
0,4.45889,0.515979
0,4.46089,0.515729
0,4.46289,0.515482
0,4.46489,0.515236
0,4.46689,0.514992
0,4.46889,0.514749
0,4.47089,0.514509
0,4.47289,0.514271
0,4.47489,0.514035
0,4.4769,0.5138
0,4.4789,0.513568
0,4.4809,0.513338
0,4.4829,0.513109
0,4.4849,0.512882
0,4.4869,0.512658
0,4.4889,0.512435
0,4.4909,0.512214
0,4.4929,0.511996
0,4.4949,0.511779
0,4.4969,0.511564
0,4.4989,0.511351
0,4.5009,0.51114
0,4.5029,0.510931
0,4.5049,0.510724
0,4.5069,0.510519
0,4.5089,0.510316
0,4.5109,0.510115
0,4.5129,0.509916
0,4.5149,0.509719
0,4.5169,0.509523
0,4.5189,0.50933
0,4.5209,0.509139
0,4.5229,0.508949
0,4.5249,0.508762
0,4.52691,0.508576
0,4.52891,0.508393
0,4.53091,0.508211
0,4.53291,0.508032
0,4.53491,0.507854
0,4.53691,0.507679
0,4.53891,0.507505
0,4.54091,0.507333
0,4.54291,0.507164
0,4.54491,0.506996
0,4.54691,0.50683
0,4.54891,0.506666
0,4.55091,0.506505
0,4.55291,0.506345
0,4.55491,0.506187
0,4.55691,0.506031
0,4.55891,0.505877
0,4.56091,0.505725
0,4.56291,0.505575
0,4.56491,0.505427
0,4.56691,0.505281
0,4.56891,0.505137
0,4.57091,0.504995
0,4.57291,0.504855
0,4.57491,0.504717
0,4.57692,0.504581
0,4.57892,0.504447
0,4.58092,0.504315
0,4.58292,0.504185
0,4.58492,0.504057
0,4.58692,0.503931
0,4.58892,0.503806
0,4.59092,0.503684
0,4.59292,0.503564
0,4.59492,0.503446
0,4.59692,0.50333
0,4.59892,0.503215
0,4.60092,0.503103
0,4.60292,0.502993
0,4.60492,0.502885
0,4.60692,0.502778
0,4.60892,0.502674
0,4.61092,0.502572
0,4.61292,0.502471
0,4.61492,0.502373
0,4.61692,0.502277
0,4.61892,0.502182
0,4.62092,0.50209
0,4.62292,0.502
0,4.62492,0.501911
0,4.62693,0.501825
0,4.62893,0.501741
0,4.63093,0.501658
0,4.63293,0.501578
0,4.63493,0.501499
0,4.63693,0.501423
0,4.63893,0.501349
0,4.64093,0.501276
0,4.64293,0.501206
0,4.64493,0.501137
0,4.64693,0.501071
0,4.64893,0.501006
0,4.65093,0.500944
0,4.65293,0.500884
0,4.65493,0.500825
0,4.65693,0.500769
0,4.65893,0.500714
0,4.66093,0.500662
0,4.66293,0.500611
0,4.66493,0.500563
0,4.66693,0.500516
0,4.66893,0.500472
0,4.67093,0.50043
0,4.67293,0.500389
0,4.67493,0.500351
0,4.67694,0.500314
0,4.67894,0.50028
0,4.68094,0.500247
0,4.68294,0.500217
0,4.68494,0.500188
0,4.68694,0.500162
0,4.68894,0.500137
0,4.69094,0.500115
0,4.69294,0.500095
0,4.69494,0.500076
0,4.69694,0.50006
0,4.69894,0.500045
0,4.70094,0.500033
0,4.70294,0.500022
0,4.70494,0.500014
0,4.70694,0.500007
0,4.70894,0.500003
0,4.71094,0.500001
0,4.71294,0.5
0,4.71494,0.500002
0,4.71694,0.500005
0,4.71894,0.500011
0,4.72094,0.500018
0,4.72294,0.500028
0,4.72494,0.500039
0,4.72695,0.500053
0,4.72895,0.500069
0,4.73095,0.500086
0,4.73295,0.500106
0,4.73495,0.500127
0,4.73695,0.500151
0,4.73895,0.500176
0,4.74095,0.500204
0,4.74295,0.500233
0,4.74495,0.500265
0,4.74695,0.500299
0,4.74895,0.500334
0,4.75095,0.500372
0,4.75295,0.500411
0,4.75495,0.500453
0,4.75695,0.500496
0,4.75895,0.500542
0,4.76095,0.500589
0,4.76295,0.500639
0,4.76495,0.500691
0,4.76695,0.500744
0,4.76895,0.5008
0,4.77095,0.500857
0,4.77295,0.500917
0,4.77495,0.500978
0,4.77696,0.501042
0,4.77896,0.501107
0,4.78096,0.501175
0,4.78296,0.501244
0,4.78496,0.501316
0,4.78696,0.501389
0,4.78896,0.501465
0,4.79096,0.501542
0,4.79296,0.501622
0,4.79496,0.501703
0,4.79696,0.501787
0,4.79896,0.501872
0,4.80096,0.50196
0,4.80296,0.502049
0,4.80496,0.502141
0,4.80696,0.502234
0,4.80896,0.50233
0,4.81096,0.502427
0,4.81296,0.502527
0,4.81496,0.502628
0,4.81696,0.502731
0,4.81896,0.502837
0,4.82096,0.502944
0,4.82296,0.503054
0,4.82496,0.503165
0,4.82697,0.503278
0,4.82897,0.503394
0,4.83097,0.503511
0,4.83297,0.50363
0,4.83497,0.503752
0,4.83697,0.503875
0,4.83897,0.504
0,4.84097,0.504127
0,4.84297,0.504257
0,4.84497,0.504388
0,4.84697,0.504521
0,4.84897,0.504656
0,4.85097,0.504794
0,4.85297,0.504933
0,4.85497,0.505074
0,4.85697,0.505217
0,4.85897,0.505362
0,4.86097,0.505509
0,4.86297,0.505658
0,4.86497,0.505809
0,4.86697,0.505962
0,4.86897,0.506117
0,4.87097,0.506274
0,4.87297,0.506433
0,4.87497,0.506594
0,4.87698,0.506757
0,4.87898,0.506922
0,4.88098,0.507089
0,4.88298,0.507257
0,4.88498,0.507428
0,4.88698,0.507601
0,4.88898,0.507776
0,4.89098,0.507952
0,4.89298,0.508131
0,4.89498,0.508312
0,4.89698,0.508494
0,4.89898,0.508679
0,4.90098,0.508865
0,4.90298,0.509054
0,4.90498,0.509244
0,4.90698,0.509437
0,4.90898,0.509631
0,4.91098,0.509827
0,4.91298,0.510026
0,4.91498,0.510226
0,4.91698,0.510428
0,4.91898,0.510632
0,4.92098,0.510839
0,4.92298,0.511047
0,4.92498,0.511257
0,4.92699,0.511469
0,4.92899,0.511683
0,4.93099,0.511899
0,4.93299,0.512117
0,4.93499,0.512336
0,4.93699,0.512558
0,4.93899,0.512782
0,4.94099,0.513008
0,4.94299,0.513235
0,4.94499,0.513465
0,4.94699,0.513696
0,4.94899,0.51393
0,4.95099,0.514165
0,4.95299,0.514403
0,4.95499,0.514642
0,4.95699,0.514883
0,4.95899,0.515126
0,4.96099,0.515371
0,4.96299,0.515619
0,4.96499,0.515868
0,4.96699,0.516118
0,4.96899,0.516371
0,4.97099,0.516626
0,4.97299,0.516883
0,4.97499,0.517142
0,4.977,0.517402
0,4.979,0.517665
0,4.981,0.517929
0,4.983,0.518196
0,4.985,0.518464
0,4.987,0.518734
0,4.989,0.519006
0,4.991,0.519281
0,4.993,0.519557
0,4.995,0.519835
0,4.997,0.520114
0,4.999,0.520396
0,5.001,0.52068
0,5.003,0.520966
0,5.005,0.521253
0,5.007,0.521543
0,5.009,0.521834
0,5.011,0.522127
0,5.013,0.522423
0,5.015,0.52272
0,5.017,0.523019
0,5.019,0.52332
0,5.021,0.523622
0,5.023,0.523927
0,5.02501,0.524234
0,5.02701,0.524542
0,5.02901,0.524853
0,5.03101,0.525165
0,5.03301,0.52548
0,5.03501,0.525796
0,5.03701,0.526114
0,5.03901,0.526434
0,5.04101,0.526756
0,5.04301,0.527079
0,5.04501,0.527405
0,5.04701,0.527732
0,5.04901,0.528062
0,5.05101,0.528393
0,5.05301,0.528726
0,5.05501,0.529061
0,5.05701,0.529398
0,5.05901,0.529737
0,5.06101,0.530078
0,5.06301,0.530421
0,5.06501,0.530765
0,5.06701,0.531112
0,5.06901,0.53146
0,5.07101,0.53181
0,5.07301,0.532162
0,5.07502,0.532516
0,5.07702,0.532871
0,5.07902,0.533229
0,5.08102,0.533589
0,5.08302,0.53395
0,5.08502,0.534313
0,5.08702,0.534678
0,5.08902,0.535045
0,5.09102,0.535414
0,5.09302,0.535785
0,5.09502,0.536157
0,5.09702,0.536531
0,5.09902,0.536908
0,5.10102,0.537286
0,5.10302,0.537666
0,5.10502,0.538047
0,5.10702,0.538431
0,5.10902,0.538816
0,5.11102,0.539204
0,5.11302,0.539593
0,5.11502,0.539984
0,5.11702,0.540377
0,5.11902,0.540771
0,5.12102,0.541168
0,5.12302,0.541566
0,5.12503,0.541967
0,5.12703,0.542369
0,5.12903,0.542772
0,5.13103,0.543178
0,5.13303,0.543586
0,5.13503,0.543995
0,5.13703,0.544406
0,5.13903,0.544819
0,5.14103,0.545234
0,5.14303,0.545651
0,5.14503,0.546069
0,5.14703,0.546489
0,5.14903,0.546911
0,5.15103,0.547335
0,5.15303,0.547761
0,5.15503,0.548188
0,5.15703,0.548618
0,5.15903,0.549049
0,5.16103,0.549482
0,5.16303,0.549917
0,5.16503,0.550353
0,5.16703,0.550791
0,5.16903,0.551232
0,5.17103,0.551673
0,5.17303,0.552117
0,5.17504,0.552563
0,5.17704,0.55301
0,5.17904,0.553459
0,5.18104,0.55391
0,5.18304,0.554363
0,5.18504,0.554817
0,5.18704,0.555273
0,5.18904,0.555731
0,5.19104,0.556191
0,5.19304,0.556653
0,5.19504,0.557116
0,5.19704,0.557581
0,5.19904,0.558048
0,5.20104,0.558517
0,5.20304,0.558987
0,5.20504,0.559459
0,5.20704,0.559933
0,5.20904,0.560409
0,5.21104,0.560886
0,5.21304,0.561365
0,5.21504,0.561846
0,5.21704,0.562329
0,5.21904,0.562814
0,5.22104,0.5633
0,5.22304,0.563788
0,5.22505,0.564278
0,5.22705,0.564769
0,5.22905,0.565262
0,5.23105,0.565757
0,5.23305,0.566254
0,5.23505,0.566752
0,5.23705,0.567252
0,5.23905,0.567754
0,5.24105,0.568258
0,5.24305,0.568763
0,5.24505,0.56927
0,5.24705,0.569779
0,5.24905,0.57029
0,5.25105,0.570802
0,5.25305,0.571316
0,5.25505,0.571832
0,5.25705,0.572349
0,5.25905,0.572868
0,5.26105,0.573389
0,5.26305,0.573911
0,5.26505,0.574435
0,5.26705,0.574961
0,5.26905,0.575489
0,5.27105,0.576018
0,5.27305,0.576549
0,5.27506,0.577082
0,5.27706,0.577616
0,5.27906,0.578153
0,5.28106,0.57869
0,5.28306,0.57923
0,5.28506,0.579771
0,5.28706,0.580314
0,5.28906,0.580858
0,5.29106,0.581404
0,5.29306,0.581952
0,5.29506,0.582502
0,5.29706,0.583053
0,5.29906,0.583606
0,5.30106,0.58416
0,5.30306,0.584717
0,5.30506,0.585274
0,5.30706,0.585834
0,5.30906,0.586395
0,5.31106,0.586958
0,5.31306,0.587522
0,5.31506,0.588089
0,5.31706,0.588656
0,5.31906,0.589226
0,5.32106,0.589797
0,5.32306,0.59037
0,5.32507,0.590944
0,5.32707,0.59152
0,5.32907,0.592098
0,5.33107,0.592677
0,5.33307,0.593258
0,5.33507,0.59384
0,5.33707,0.594424
0,5.33907,0.59501
0,5.34107,0.595598
0,5.34307,0.596187
0,5.34507,0.596777
0,5.34707,0.597369
0,5.34907,0.597963
0,5.35107,0.598559
0,5.35307,0.599156
0,5.35507,0.599754
0,5.35707,0.600355
0,5.35907,0.600957
0,5.36107,0.60156
0,5.36307,0.602165
0,5.36507,0.602772
0,5.36707,0.60338
0,5.36907,0.60399
0,5.37107,0.604601
0,5.37307,0.605214
0,5.37508,0.605829
0,5.37708,0.606445
0,5.37908,0.607063
0,5.38108,0.607682
0,5.38308,0.608303
0,5.38508,0.608925
0,5.38708,0.609549
0,5.38908,0.610175
0,5.39108,0.610802
0,5.39308,0.611431
0,5.39508,0.612061
0,5.39708,0.612693
0,5.39908,0.613326
0,5.40108,0.613961
0,5.40308,0.614597
0,5.40508,0.615235
0,5.40708,0.615875
0,5.40908,0.616516
0,5.41108,0.617158
0,5.41308,0.617802
0,5.41508,0.618448
0,5.41708,0.619095
0,5.41908,0.619744
0,5.42108,0.620394
0,5.42308,0.621046
0,5.42509,0.621699
0,5.42709,0.622354
0,5.42909,0.62301
0,5.43109,0.623668
0,5.43309,0.624327
0,5.43509,0.624988
0,5.43709,0.62565
0,5.43909,0.626314
0,5.44109,0.626979
0,5.44309,0.627646
0,5.44509,0.628314
0,5.44709,0.628984
0,5.44909,0.629655
0,5.45109,0.630328
0,5.45309,0.631002
0,5.45509,0.631678
0,5.45709,0.632355
0,5.45909,0.633034
0,5.46109,0.633714
0,5.46309,0.634395
0,5.46509,0.635078
0,5.46709,0.635763
0,5.46909,0.636449
0,5.47109,0.637136
0,5.47309,0.637825
0,5.4751,0.638515
0,5.4771,0.639207
0,5.4791,0.6399
0,5.4811,0.640595
0,5.4831,0.641291
0,5.4851,0.641989
0,5.4871,0.642687
0,5.4891,0.643388
0,5.4911,0.64409
0,5.4931,0.644793
0,5.4951,0.645497
0,5.4971,0.646204
0,5.4991,0.646911
0,5.5011,0.64762
0,5.5031,0.64833
0,5.5051,0.649042
0,5.5071,0.649755
0,5.5091,0.650469
0,5.5111,0.651185
0,5.5131,0.651903
0,5.5151,0.652621
0,5.5171,0.653341
0,5.5191,0.654063
0,5.5211,0.654786
0,5.5231,0.65551
0,5.52511,0.656236
0,5.52711,0.656963
0,5.52911,0.657691
0,5.53111,0.658421
0,5.53311,0.659152
0,5.53511,0.659884
0,5.53711,0.660618
0,5.53911,0.661353
0,5.54111,0.66209
0,5.54311,0.662828
0,5.54511,0.663567
0,5.54711,0.664308
0,5.54911,0.665049
0,5.55111,0.665793
0,5.55311,0.666537
0,5.55511,0.667283
0,5.55711,0.668031
0,5.55911,0.668779
0,5.56111,0.669529
0,5.56311,0.67028
0,5.56511,0.671033
0,5.56711,0.671787
0,5.56911,0.672542
0,5.57111,0.673298
0,5.57311,0.674056
0,5.57512,0.674815
0,5.57712,0.675576
0,5.57912,0.676338
0,5.58112,0.677101
0,5.58312,0.677865
0,5.58512,0.67863
0,5.58712,0.679397
0,5.58912,0.680166
0,5.59112,0.680935
0,5.59312,0.681706
0,5.59512,0.682478
0,5.59712,0.683251
0,5.59912,0.684025
0,5.60112,0.684801
0,5.60312,0.685578
0,5.60512,0.686357
0,5.60712,0.687136
0,5.60912,0.687917
0,5.61112,0.688699
0,5.61312,0.689482
0,5.61512,0.690267
0,5.61712,0.691053
0,5.61912,0.69184
0,5.62112,0.692628
0,5.62312,0.693418
0,5.62513,0.694208
0,5.62713,0.695
0,5.62913,0.695793
0,5.63113,0.696588
0,5.63313,0.697383
0,5.63513,0.69818
0,5.63713,0.698978
0,5.63913,0.699777
0,5.64113,0.700578
0,5.64313,0.70138
0,5.64513,0.702182
0,5.64713,0.702986
0,5.64913,0.703792
0,5.65113,0.704598
0,5.65313,0.705406
0,5.65513,0.706214
0,5.65713,0.707024
0,5.65913,0.707835
0,5.66113,0.708648
0,5.66313,0.709461
0,5.66513,0.710276
0,5.66713,0.711091
0,5.66913,0.711908
0,5.67113,0.712726
0,5.67313,0.713546
0,5.67514,0.714366
0,5.67714,0.715187
0,5.67914,0.71601
0,5.68114,0.716834
0,5.68314,0.717659
0,5.68514,0.718485
0,5.68714,0.719312
0,5.68914,0.72014
0,5.69114,0.72097
0,5.69314,0.7218
0,5.69514,0.722632
0,5.69714,0.723464
0,5.69914,0.724298
0,5.70114,0.725133
0,5.70314,0.725969
0,5.70514,0.726806
0,5.70714,0.727645
0,5.70914,0.728484
0,5.71114,0.729325
0,5.71314,0.730166
0,5.71514,0.731009
0,5.71714,0.731852
0,5.71914,0.732697
0,5.72114,0.733543
0,5.72314,0.73439
0,5.72515,0.735238
0,5.72715,0.736087
0,5.72915,0.736937
0,5.73115,0.737788
0,5.73315,0.73864
0,5.73515,0.739493
0,5.73715,0.740347
0,5.73915,0.741203
0,5.74115,0.742059
0,5.74315,0.742916
0,5.74515,0.743775
0,5.74715,0.744634
0,5.74915,0.745494
0,5.75115,0.746356
0,5.75315,0.747218
0,5.75515,0.748082
0,5.75715,0.748946
0,5.75915,0.749812
0,5.76115,0.750678
0,5.76315,0.751546
0,5.76515,0.752414
0,5.76715,0.753284
0,5.76915,0.754154
0,5.77115,0.755026
0,5.77315,0.755898
0,5.77516,0.756771
0,5.77716,0.757646
0,5.77916,0.758521
0,5.78116,0.759397
0,5.78316,0.760275
0,5.78516,0.761153
0,5.78716,0.762032
0,5.78916,0.762912
0,5.79116,0.763793
0,5.79316,0.764675
0,5.79516,0.765558
0,5.79716,0.766442
0,5.79916,0.767327
0,5.80116,0.768213
0,5.80316,0.769099
0,5.80516,0.769987
0,5.80716,0.770876
0,5.80916,0.771765
0,5.81116,0.772655
0,5.81316,0.773547
0,5.81516,0.774439
0,5.81716,0.775332
0,5.81916,0.776226
0,5.82116,0.777121
0,5.82316,0.778017
0,5.82517,0.778913
0,5.82717,0.779811
0,5.82917,0.780709
0,5.83117,0.781609
0,5.83317,0.782509
0,5.83517,0.78341
0,5.83717,0.784312
0,5.83917,0.785215
0,5.84117,0.786118
0,5.84317,0.787023
0,5.84517,0.787928
0,5.84717,0.788834
0,5.84917,0.789741
0,5.85117,0.790649
0,5.85317,0.791558
0,5.85517,0.792467
0,5.85717,0.793378
0,5.85917,0.794289
0,5.86117,0.795201
0,5.86317,0.796114
0,5.86517,0.797028
0,5.86717,0.797942
0,5.86917,0.798857
0,5.87117,0.799774
0,5.87317,0.80069
0,5.87518,0.801608
0,5.87718,0.802527
0,5.87918,0.803446
0,5.88118,0.804366
0,5.88318,0.805287
0,5.88518,0.806208
0,5.88718,0.807131
0,5.88918,0.808054
0,5.89118,0.808978
0,5.89318,0.809903
0,5.89518,0.810828
0,5.89718,0.811754
0,5.89918,0.812681
0,5.90118,0.813609
0,5.90318,0.814538
0,5.90518,0.815467
0,5.90718,0.816397
0,5.90918,0.817327
0,5.91118,0.818259
0,5.91318,0.819191
0,5.91518,0.820124
0,5.91718,0.821058
0,5.91918,0.821992
0,5.92118,0.822927
0,5.92318,0.823863
0,5.92519,0.824799
0,5.92719,0.825736
0,5.92919,0.826674
0,5.93119,0.827613
0,5.93319,0.828552
0,5.93519,0.829492
0,5.93719,0.830432
0,5.93919,0.831373
0,5.94119,0.832315
0,5.94319,0.833258
0,5.94519,0.834201
0,5.94719,0.835145
0,5.94919,0.83609
0,5.95119,0.837035
0,5.95319,0.837981
0,5.95519,0.838928
0,5.95719,0.839875
0,5.95919,0.840823
0,5.96119,0.841771
0,5.96319,0.84272
0,5.96519,0.84367
0,5.96719,0.84462
0,5.96919,0.845571
0,5.97119,0.846523
0,5.97319,0.847475
0,5.9752,0.848428
0,5.9772,0.849381
0,5.9792,0.850335
0,5.9812,0.85129
0,5.9832,0.852245
0,5.9852,0.853201
0,5.9872,0.854158
0,5.9892,0.855115
0,5.9912,0.856072
0,5.9932,0.85703
0,5.9952,0.857989
0,5.9972,0.858948
0,5.9992,0.859908
0,6.0012,0.860869
0,6.0032,0.86183
0,6.0052,0.862791
0,6.0072,0.863753
0,6.0092,0.864716
0,6.0112,0.865679
0,6.0132,0.866643
0,6.0152,0.867607
0,6.0172,0.868572
0,6.0192,0.869537
0,6.0212,0.870503
0,6.0232,0.871469
0,6.02521,0.872436
0,6.02721,0.873403
0,6.02921,0.874371
0,6.03121,0.875339
0,6.03321,0.876308
0,6.03521,0.877278
0,6.03721,0.878248
0,6.03921,0.879218
0,6.04121,0.880189
0,6.04321,0.88116
0,6.04521,0.882132
0,6.04721,0.883104
0,6.04921,0.884077
0,6.05121,0.88505
0,6.05321,0.886024
0,6.05521,0.886998
0,6.05721,0.887972
0,6.05921,0.888947
0,6.06121,0.889923
0,6.06321,0.890899
0,6.06521,0.891875
0,6.06721,0.892852
0,6.06921,0.893829
0,6.07121,0.894806
0,6.07321,0.895784
0,6.07522,0.896763
0,6.07722,0.897742
0,6.07922,0.898721
0,6.08122,0.899701
0,6.08322,0.900681
0,6.08522,0.901661
0,6.08722,0.902642
0,6.08922,0.903623
0,6.09122,0.904605
0,6.09322,0.905587
0,6.09522,0.906569
0,6.09722,0.907552
0,6.09922,0.908535
0,6.10122,0.909519
0,6.10322,0.910503
0,6.10522,0.911487
0,6.10722,0.912471
0,6.10922,0.913456
0,6.11122,0.914442
0,6.11322,0.915427
0,6.11522,0.916413
0,6.11722,0.917399
0,6.11922,0.918386
0,6.12122,0.919373
0,6.12322,0.92036
0,6.12523,0.921348
0,6.12723,0.922336
0,6.12923,0.923324
0,6.13123,0.924313
0,6.13323,0.925301
0,6.13523,0.92629
0,6.13723,0.92728
0,6.13923,0.92827
0,6.14123,0.92926
0,6.14323,0.93025
0,6.14523,0.93124
0,6.14723,0.932231
0,6.14923,0.933222
0,6.15123,0.934214
0,6.15323,0.935205
0,6.15523,0.936197
0,6.15723,0.937189
0,6.15923,0.938182
0,6.16123,0.939175
0,6.16323,0.940167
0,6.16523,0.941161
0,6.16723,0.942154
0,6.16923,0.943147
0,6.17123,0.944141
0,6.17323,0.945135
0,6.17524,0.94613
0,6.17724,0.947124
0,6.17924,0.948119
0,6.18124,0.949114
0,6.18324,0.950109
0,6.18524,0.951104
0,6.18724,0.9521
0,6.18924,0.953095
0,6.19124,0.954091
0,6.19324,0.955087
0,6.19524,0.956084
0,6.19724,0.95708
0,6.19924,0.958077
0,6.20124,0.959073
0,6.20324,0.96007
0,6.20524,0.961067
0,6.20724,0.962065
0,6.20924,0.963062
0,6.21124,0.964059
0,6.21324,0.965057
0,6.21524,0.966055
0,6.21724,0.967053
0,6.21924,0.968051
0,6.22124,0.969049
0,6.22324,0.970048
0,6.22525,0.971046
0,6.22725,0.972045
0,6.22925,0.973043
0,6.23125,0.974042
0,6.23325,0.975041
0,6.23525,0.97604
0,6.23725,0.977039
0,6.23925,0.978038
0,6.24125,0.979038
0,6.24325,0.980037
0,6.24525,0.981036
0,6.24725,0.982036
0,6.24925,0.983036
0,6.25125,0.984035
0,6.25325,0.985035
0,6.25525,0.986035
0,6.25725,0.987035
0,6.25925,0.988034
0,6.26125,0.989034
0,6.26325,0.990034
0,6.26525,0.991034
0,6.26725,0.992034
0,6.26925,0.993034
0,6.27125,0.994035
0,6.27325,0.995035
0,6.27526,0.996035
0,6.27726,0.997035
0,6.27926,0.998035
0,6.28126,0.999035
0,6.28326,1.00004
0,6.28526,1.00104
0,6.28726,1.00204
0,6.28926,1.00304
0,6.29126,1.00404
0,6.29326,1.00504
0,6.29526,1.00604
0,6.29726,1.00704
0,6.29926,1.00804
0,6.30126,1.00904
0,6.30326,1.01004
0,6.30526,1.01104
0,6.30726,1.01204
0,6.30926,1.01304
0,6.31126,1.01404
0,6.31326,1.01504
0,6.31526,1.01604
0,6.31726,1.01704
0,6.31926,1.01804
0,6.32126,1.01903
0,6.32326,1.02003
0,6.32527,1.02103
0,6.32727,1.02203
0,6.32927,1.02303
0,6.33127,1.02403
0,6.33327,1.02503
0,6.33527,1.02603
0,6.33727,1.02703
0,6.33927,1.02803
0,6.34127,1.02903
0,6.34327,1.03002
0,6.34527,1.03102
0,6.34727,1.03202
0,6.34927,1.03302
0,6.35127,1.03402
0,6.35327,1.03501
0,6.35527,1.03601
0,6.35727,1.03701
0,6.35927,1.03801
0,6.36127,1.039
0,6.36327,1.04
0,6.36527,1.041
0,6.36727,1.04199
0,6.36927,1.04299
0,6.37127,1.04399
0,6.37327,1.04498
0,6.37528,1.04598
0,6.37728,1.04698
0,6.37928,1.04797
0,6.38128,1.04897
0,6.38328,1.04996
0,6.38528,1.05096
0,6.38728,1.05195
0,6.38928,1.05295
0,6.39128,1.05394
0,6.39328,1.05494
0,6.39528,1.05593
0,6.39728,1.05692
0,6.39928,1.05792
0,6.40128,1.05891
0,6.40328,1.0599
0,6.40528,1.0609
0,6.40728,1.06189
0,6.40928,1.06288
0,6.41128,1.06387
0,6.41328,1.06487
0,6.41528,1.06586
0,6.41728,1.06685
0,6.41928,1.06784
0,6.42128,1.06883
0,6.42328,1.06982
0,6.42529,1.07081
0,6.42729,1.0718
0,6.42929,1.07279
0,6.43129,1.07378
0,6.43329,1.07477
0,6.43529,1.07576
0,6.43729,1.07675
0,6.43929,1.07773
0,6.44129,1.07872
0,6.44329,1.07971
0,6.44529,1.0807
0,6.44729,1.08168
0,6.44929,1.08267
0,6.45129,1.08366
0,6.45329,1.08464
0,6.45529,1.08563
0,6.45729,1.08661
0,6.45929,1.0876
0,6.46129,1.08858
0,6.46329,1.08957
0,6.46529,1.09055
0,6.46729,1.09153
0,6.46929,1.09252
0,6.47129,1.0935
0,6.47329,1.09448
0,6.4753,1.09547
0,6.4773,1.09645
0,6.4793,1.09743
0,6.4813,1.09841
0,6.4833,1.09939
0,6.4853,1.10037
0,6.4873,1.10135
0,6.4893,1.10233
0,6.4913,1.10331
0,6.4933,1.10429
0,6.4953,1.10526
0,6.4973,1.10624
0,6.4993,1.10722
0,6.5013,1.10819
0,6.5033,1.10917
0,6.5053,1.11015
0,6.5073,1.11112
0,6.5093,1.1121
0,6.5113,1.11307
0,6.5133,1.11405
0,6.5153,1.11502
0,6.5173,1.11599
0,6.5193,1.11697
0,6.5213,1.11794
0,6.5233,1.11891
0,6.52531,1.11988
0,6.52731,1.12085
0,6.52931,1.12182
0,6.53131,1.12279
0,6.53331,1.12376
0,6.53531,1.12473
0,6.53731,1.1257
0,6.53931,1.12667
0,6.54131,1.12763
0,6.54331,1.1286
0,6.54531,1.12957
0,6.54731,1.13053
0,6.54931,1.1315
0,6.55131,1.13246
0,6.55331,1.13343
0,6.55531,1.13439
0,6.55731,1.13535
0,6.55931,1.13632
0,6.56131,1.13728
0,6.56331,1.13824
0,6.56531,1.1392
0,6.56731,1.14016
0,6.56931,1.14112
0,6.57131,1.14208
0,6.57331,1.14304
0,6.57532,1.144
0,6.57732,1.14495
0,6.57932,1.14591
0,6.58132,1.14687
0,6.58332,1.14782
0,6.58532,1.14878
0,6.58732,1.14973
0,6.58932,1.15069
0,6.59132,1.15164
0,6.59332,1.15259
0,6.59532,1.15354
0,6.59732,1.1545
0,6.59932,1.15545
0,6.60132,1.1564
0,6.60332,1.15735
0,6.60532,1.1583
0,6.60732,1.15925
0,6.60932,1.16019
0,6.61132,1.16114
0,6.61332,1.16209
0,6.61532,1.16303
0,6.61732,1.16398
0,6.61932,1.16492
0,6.62132,1.16587
0,6.62332,1.16681
0,6.62533,1.16775
0,6.62733,1.16869
0,6.62933,1.16963
0,6.63133,1.17058
0,6.63333,1.17152
0,6.63533,1.17245
0,6.63733,1.17339
0,6.63933,1.17433
0,6.64133,1.17527
0,6.64333,1.1762
0,6.64533,1.17714
0,6.64733,1.17807
0,6.64933,1.17901
0,6.65133,1.17994
0,6.65333,1.18088
0,6.65533,1.18181
0,6.65733,1.18274
0,6.65933,1.18367
0,6.66133,1.1846
0,6.66333,1.18553
0,6.66533,1.18646
0,6.66733,1.18738
0,6.66933,1.18831
0,6.67133,1.18924
0,6.67333,1.19016
0,6.67534,1.19109
0,6.67734,1.19201
0,6.67934,1.19293
0,6.68134,1.19386
0,6.68334,1.19478
0,6.68534,1.1957
0,6.68734,1.19662
0,6.68934,1.19754
0,6.69134,1.19846
0,6.69334,1.19937
0,6.69534,1.20029
0,6.69734,1.20121
0,6.69934,1.20212
0,6.70134,1.20304
0,6.70334,1.20395
0,6.70534,1.20486
0,6.70734,1.20578
0,6.70934,1.20669
0,6.71134,1.2076
0,6.71334,1.20851
0,6.71534,1.20942
0,6.71734,1.21032
0,6.71934,1.21123
0,6.72134,1.21214
0,6.72334,1.21304
0,6.72535,1.21395
0,6.72735,1.21485
0,6.72935,1.21575
0,6.73135,1.21665
0,6.73335,1.21756
0,6.73535,1.21846
0,6.73735,1.21935
0,6.73935,1.22025
0,6.74135,1.22115
0,6.74335,1.22205
0,6.74535,1.22294
0,6.74735,1.22384
0,6.74935,1.22473
0,6.75135,1.22562
0,6.75335,1.22652
0,6.75535,1.22741
0,6.75735,1.2283
0,6.75935,1.22919
0,6.76135,1.23008
0,6.76335,1.23096
0,6.76535,1.23185
0,6.76735,1.23274
0,6.76935,1.23362
0,6.77135,1.2345
0,6.77335,1.23539
0,6.77536,1.23627
0,6.77736,1.23715
0,6.77936,1.23803
0,6.78136,1.23891
0,6.78336,1.23979
0,6.78536,1.24067
0,6.78736,1.24154
0,6.78936,1.24242
0,6.79136,1.24329
0,6.79336,1.24416
0,6.79536,1.24504
0,6.79736,1.24591
0,6.79936,1.24678
0,6.80136,1.24765
0,6.80336,1.24852
0,6.80536,1.24938
0,6.80736,1.25025
0,6.80936,1.25112
0,6.81136,1.25198
0,6.81336,1.25284
0,6.81536,1.25371
0,6.81736,1.25457
0,6.81936,1.25543
0,6.82136,1.25629
0,6.82336,1.25714
0,6.82537,1.258
0,6.82737,1.25886
0,6.82937,1.25971
0,6.83137,1.26057
0,6.83337,1.26142
0,6.83537,1.26227
0,6.83737,1.26312
0,6.83937,1.26397
0,6.84137,1.26482
0,6.84337,1.26567
0,6.84537,1.26652
0,6.84737,1.26736
0,6.84937,1.26821
0,6.85137,1.26905
0,6.85337,1.26989
0,6.85537,1.27074
0,6.85737,1.27158
0,6.85937,1.27242
0,6.86137,1.27325
0,6.86337,1.27409
0,6.86537,1.27493
0,6.86737,1.27576
0,6.86937,1.27659
0,6.87137,1.27743
0,6.87337,1.27826
0,6.87538,1.27909
0,6.87738,1.27992
0,6.87938,1.28075
0,6.88138,1.28157
0,6.88338,1.2824
0,6.88538,1.28323
0,6.88738,1.28405
0,6.88938,1.28487
0,6.89138,1.28569
0,6.89338,1.28651
0,6.89538,1.28733
0,6.89738,1.28815
0,6.89938,1.28897
0,6.90138,1.28978
0,6.90338,1.2906
0,6.90538,1.29141
0,6.90738,1.29222
0,6.90938,1.29303
0,6.91138,1.29384
0,6.91338,1.29465
0,6.91538,1.29546
0,6.91738,1.29627
0,6.91938,1.29707
0,6.92138,1.29787
0,6.92338,1.29868
0,6.92539,1.29948
0,6.92739,1.30028
0,6.92939,1.30108
0,6.93139,1.30188
0,6.93339,1.30267
0,6.93539,1.30347
0,6.93739,1.30426
0,6.93939,1.30506
0,6.94139,1.30585
0,6.94339,1.30664
0,6.94539,1.30743
0,6.94739,1.30822
0,6.94939,1.309
0,6.95139,1.30979
0,6.95339,1.31057
0,6.95539,1.31136
0,6.95739,1.31214
0,6.95939,1.31292
0,6.96139,1.3137
0,6.96339,1.31448
0,6.96539,1.31525
0,6.96739,1.31603
0,6.96939,1.3168
0,6.97139,1.31758
0,6.97339,1.31835
0,6.9754,1.31912
0,6.9774,1.31989
0,6.9794,1.32066
0,6.9814,1.32142
0,6.9834,1.32219
0,6.9854,1.32295
0,6.9874,1.32372
0,6.9894,1.32448
0,6.9914,1.32524
0,6.9934,1.326
0,6.9954,1.32676
0,6.9974,1.32751
0,6.9994,1.32827
0,7.0014,1.32902
0,7.0034,1.32977
0,7.0054,1.33052
0,7.0074,1.33127
0,7.0094,1.33202
0,7.0114,1.33277
0,7.0134,1.33352
0,7.0154,1.33426
0,7.0174,1.335
0,7.0194,1.33575
0,7.0214,1.33649
0,7.0234,1.33722
0,7.02541,1.33796
0,7.02741,1.3387
0,7.02941,1.33943
0,7.03141,1.34017
0,7.03341,1.3409
0,7.03541,1.34163
0,7.03741,1.34236
0,7.03941,1.34309
0,7.04141,1.34382
0,7.04341,1.34454
0,7.04541,1.34527
0,7.04741,1.34599
0,7.04941,1.34671
0,7.05141,1.34743
0,7.05341,1.34815
0,7.05541,1.34887
0,7.05741,1.34958
0,7.05941,1.3503
0,7.06141,1.35101
0,7.06341,1.35172
0,7.06541,1.35243
0,7.06741,1.35314
0,7.06941,1.35385
0,7.07141,1.35455
0,7.07341,1.35526
0,7.07542,1.35596
0,7.07742,1.35666
0,7.07942,1.35736
0,7.08142,1.35806
0,7.08342,1.35876
0,7.08542,1.35945
0,7.08742,1.36015
0,7.08942,1.36084
0,7.09142,1.36153
0,7.09342,1.36222
0,7.09542,1.36291
0,7.09742,1.3636
0,7.09942,1.36429
0,7.10142,1.36497
0,7.10342,1.36565
0,7.10542,1.36633
0,7.10742,1.36701
0,7.10942,1.36769
0,7.11142,1.36837
0,7.11342,1.36905
0,7.11542,1.36972
0,7.11742,1.37039
0,7.11942,1.37106
0,7.12142,1.37173
0,7.12342,1.3724
0,7.12543,1.37307
0,7.12743,1.37373
0,7.12943,1.3744
0,7.13143,1.37506
0,7.13343,1.37572
0,7.13543,1.37638
0,7.13743,1.37704
0,7.13943,1.37769
0,7.14143,1.37835
0,7.14343,1.379
0,7.14543,1.37965
0,7.14743,1.3803
0,7.14943,1.38095
0,7.15143,1.3816
0,7.15343,1.38224
0,7.15543,1.38289
0,7.15743,1.38353
0,7.15943,1.38417
0,7.16143,1.38481
0,7.16343,1.38545
0,7.16543,1.38608
0,7.16743,1.38672
0,7.16943,1.38735
0,7.17143,1.38798
0,7.17343,1.38861
0,7.17544,1.38924
0,7.17744,1.38987
0,7.17944,1.3905
0,7.18144,1.39112
0,7.18344,1.39174
0,7.18544,1.39236
0,7.18744,1.39298
0,7.18944,1.3936
0,7.19144,1.39422
0,7.19344,1.39483
0,7.19544,1.39544
0,7.19744,1.39605
0,7.19944,1.39666
0,7.20144,1.39727
0,7.20344,1.39788
0,7.20544,1.39848
0,7.20744,1.39909
0,7.20944,1.39969
0,7.21144,1.40029
0,7.21344,1.40089
0,7.21544,1.40148
0,7.21744,1.40208
0,7.21944,1.40267
0,7.22144,1.40327
0,7.22344,1.40386
0,7.22545,1.40444
0,7.22745,1.40503
0,7.22945,1.40562
0,7.23145,1.4062
0,7.23345,1.40678
0,7.23545,1.40736
0,7.23745,1.40794
0,7.23945,1.40852
0,7.24145,1.4091
0,7.24345,1.40967
0,7.24545,1.41024
0,7.24745,1.41081
0,7.24945,1.41138
0,7.25145,1.41195
0,7.25345,1.41252
0,7.25545,1.41308
0,7.25745,1.41364
0,7.25945,1.41421
0,7.26145,1.41477
0,7.26345,1.41532
0,7.26545,1.41588
0,7.26745,1.41643
0,7.26945,1.41699
0,7.27145,1.41754
0,7.27345,1.41809
0,7.27546,1.41863
0,7.27746,1.41918
0,7.27946,1.41973
0,7.28146,1.42027
0,7.28346,1.42081
0,7.28546,1.42135
0,7.28746,1.42189
0,7.28946,1.42242
0,7.29146,1.42296
0,7.29346,1.42349
0,7.29546,1.42402
0,7.29746,1.42455
0,7.29946,1.42508
0,7.30146,1.4256
0,7.30346,1.42613
0,7.30546,1.42665
0,7.30746,1.42717
0,7.30946,1.42769
0,7.31146,1.42821
0,7.31346,1.42872
0,7.31546,1.42923
0,7.31746,1.42975
0,7.31946,1.43026
0,7.32146,1.43077
0,7.32346,1.43127
0,7.32547,1.43178
0,7.32747,1.43228
0,7.32947,1.43278
0,7.33147,1.43328
0,7.33347,1.43378
0,7.33547,1.43428
0,7.33747,1.43477
0,7.33947,1.43527
0,7.34147,1.43576
0,7.34347,1.43625
0,7.34547,1.43673
0,7.34747,1.43722
0,7.34947,1.43771
0,7.35147,1.43819
0,7.35347,1.43867
0,7.35547,1.43915
0,7.35747,1.43963
0,7.35947,1.4401
0,7.36147,1.44057
0,7.36347,1.44105
0,7.36547,1.44152
0,7.36747,1.44199
0,7.36947,1.44245
0,7.37147,1.44292
0,7.37347,1.44338
0,7.37548,1.44384
0,7.37748,1.4443
0,7.37948,1.44476
0,7.38148,1.44522
0,7.38348,1.44567
0,7.38548,1.44612
0,7.38748,1.44657
0,7.38948,1.44702
0,7.39148,1.44747
0,7.39348,1.44791
0,7.39548,1.44836
0,7.39748,1.4488
0,7.39948,1.44924
0,7.40148,1.44968
0,7.40348,1.45011
0,7.40548,1.45055
0,7.40748,1.45098
0,7.40948,1.45141
0,7.41148,1.45184
0,7.41348,1.45227
0,7.41548,1.4527
0,7.41748,1.45312
0,7.41948,1.45354
0,7.42148,1.45396
0,7.42348,1.45438
0,7.42549,1.4548
0,7.42749,1.45521
0,7.42949,1.45562
0,7.43149,1.45603
0,7.43349,1.45644
0,7.43549,1.45685
0,7.43749,1.45726
0,7.43949,1.45766
0,7.44149,1.45806
0,7.44349,1.45846
0,7.44549,1.45886
0,7.44749,1.45926
0,7.44949,1.45965
0,7.45149,1.46004
0,7.45349,1.46043
0,7.45549,1.46082
0,7.45749,1.46121
0,7.45949,1.4616
0,7.46149,1.46198
0,7.46349,1.46236
0,7.46549,1.46274
0,7.46749,1.46312
0,7.46949,1.4635
0,7.47149,1.46387
0,7.47349,1.46424
0,7.4755,1.46461
0,7.4775,1.46498
0,7.4795,1.46535
0,7.4815,1.46571
0,7.4835,1.46608
0,7.4855,1.46644
0,7.4875,1.4668
0,7.4895,1.46715
0,7.4915,1.46751
0,7.4935,1.46786
0,7.4955,1.46822
0,7.4975,1.46857
0,7.4995,1.46891
0,7.5015,1.46926
0,7.5035,1.4696
0,7.5055,1.46995
0,7.5075,1.47029
0,7.5095,1.47063
0,7.5115,1.47096
0,7.5135,1.4713
0,7.5155,1.47163
0,7.5175,1.47196
0,7.5195,1.47229
0,7.5215,1.47262
0,7.5235,1.47294
0,7.52551,1.47327
0,7.52751,1.47359
0,7.52951,1.47391
0,7.53151,1.47423
0,7.53351,1.47454
0,7.53551,1.47486
0,7.53751,1.47517
0,7.53951,1.47548
0,7.54151,1.47579
0,7.54351,1.47609
0,7.54551,1.4764
0,7.54751,1.4767
0,7.54951,1.477
0,7.55151,1.4773
0,7.55351,1.4776
0,7.55551,1.47789
0,7.55751,1.47819
0,7.55951,1.47848
0,7.56151,1.47877
0,7.56351,1.47905
0,7.56551,1.47934
0,7.56751,1.47962
0,7.56951,1.47991
0,7.57151,1.48019
0,7.57351,1.48046
0,7.57552,1.48074
0,7.57752,1.48101
0,7.57952,1.48129
0,7.58152,1.48156
0,7.58352,1.48182
0,7.58552,1.48209
0,7.58752,1.48235
0,7.58952,1.48262
0,7.59152,1.48288
0,7.59352,1.48314
0,7.59552,1.48339
0,7.59752,1.48365
0,7.59952,1.4839
0,7.60152,1.48415
0,7.60352,1.4844
0,7.60552,1.48465
0,7.60752,1.48489
0,7.60952,1.48513
0,7.61152,1.48538
0,7.61352,1.48561
0,7.61552,1.48585
0,7.61752,1.48609
0,7.61952,1.48632
0,7.62152,1.48655
0,7.62352,1.48678
0,7.62553,1.48701
0,7.62753,1.48723
0,7.62953,1.48746
0,7.63153,1.48768
0,7.63353,1.4879
0,7.63553,1.48812
0,7.63753,1.48833
0,7.63953,1.48855
0,7.64153,1.48876
0,7.64353,1.48897
0,7.64553,1.48918
0,7.64753,1.48938
0,7.64953,1.48959
0,7.65153,1.48979
0,7.65353,1.48999
0,7.65553,1.49019
0,7.65753,1.49038
0,7.65953,1.49058
0,7.66153,1.49077
0,7.66353,1.49096
0,7.66553,1.49115
0,7.66753,1.49133
0,7.66953,1.49152
0,7.67153,1.4917
0,7.67353,1.49188
0,7.67554,1.49206
0,7.67754,1.49224
0,7.67954,1.49241
0,7.68154,1.49258
0,7.68354,1.49275
0,7.68554,1.49292
0,7.68754,1.49309
0,7.68954,1.49325
0,7.69154,1.49342
0,7.69354,1.49358
0,7.69554,1.49374
0,7.69754,1.49389
0,7.69954,1.49405
0,7.70154,1.4942
0,7.70354,1.49435
0,7.70554,1.4945
0,7.70754,1.49465
0,7.70954,1.49479
0,7.71154,1.49494
0,7.71354,1.49508
0,7.71554,1.49522
0,7.71754,1.49535
0,7.71954,1.49549
0,7.72154,1.49562
0,7.72354,1.49575
0,7.72555,1.49588
0,7.72755,1.49601
0,7.72955,1.49613
0,7.73155,1.49626
0,7.73355,1.49638
0,7.73555,1.4965
0,7.73755,1.49661
0,7.73955,1.49673
0,7.74155,1.49684
0,7.74355,1.49695
0,7.74555,1.49706
0,7.74755,1.49717
0,7.74955,1.49728
0,7.75155,1.49738
0,7.75355,1.49748
0,7.75555,1.49758
0,7.75755,1.49768
0,7.75955,1.49777
0,7.76155,1.49787
0,7.76355,1.49796
0,7.76555,1.49805
0,7.76755,1.49813
0,7.76955,1.49822
0,7.77155,1.4983
0,7.77355,1.49838
0,7.77556,1.49846
0,7.77756,1.49854
0,7.77956,1.49862
0,7.78156,1.49869
0,7.78356,1.49876
0,7.78556,1.49883
0,7.78756,1.4989
0,7.78956,1.49896
0,7.79156,1.49903
0,7.79356,1.49909
0,7.79556,1.49915
0,7.79756,1.4992
0,7.79956,1.49926
0,7.80156,1.49931
0,7.80356,1.49936
0,7.80556,1.49941
0,7.80756,1.49946
0,7.80956,1.49951
0,7.81156,1.49955
0,7.81356,1.49959
0,7.81556,1.49963
0,7.81756,1.49967
0,7.81956,1.4997
0,7.82156,1.49974
0,7.82356,1.49977
0,7.82557,1.4998
0,7.82757,1.49983
0,7.82957,1.49985
0,7.83157,1.49987
0,7.83357,1.4999
0,7.83557,1.49992
0,7.83757,1.49993
0,7.83957,1.49995
0,7.84157,1.49996
0,7.84357,1.49997
0,7.84557,1.49998
0,7.84757,1.49999
0,7.84957,1.5
0,7.85157,1.5
0,7.85357,1.5
0,7.85557,1.5
0,7.85757,1.5
0,7.85957,1.49999
0,7.86157,1.49999
0,7.86357,1.49998
0,7.86557,1.49997
0,7.86757,1.49995
0,7.86957,1.49994
0,7.87157,1.49992
0,7.87357,1.4999
0,7.87558,1.49988
0,7.87758,1.49986
0,7.87958,1.49984
0,7.88158,1.49981
0,7.88358,1.49978
0,7.88558,1.49975
0,7.88758,1.49972
0,7.88958,1.49968
0,7.89158,1.49965
0,7.89358,1.49961
0,7.89558,1.49957
0,7.89758,1.49952
0,7.89958,1.49948
0,7.90158,1.49943
0,7.90358,1.49939
0,7.90558,1.49933
0,7.90758,1.49928
0,7.90958,1.49923
0,7.91158,1.49917
0,7.91358,1.49911
0,7.91558,1.49905
0,7.91758,1.49899
0,7.91958,1.49892
0,7.92158,1.49886
0,7.92358,1.49879
0,7.92559,1.49872
0,7.92759,1.49865
0,7.92959,1.49857
0,7.93159,1.4985
0,7.93359,1.49842
0,7.93559,1.49834
0,7.93759,1.49825
0,7.93959,1.49817
0,7.94159,1.49808
0,7.94359,1.49799
0,7.94559,1.4979
0,7.94759,1.49781
0,7.94959,1.49772
0,7.95159,1.49762
0,7.95359,1.49752
0,7.95559,1.49742
0,7.95759,1.49732
0,7.95959,1.49721
0,7.96159,1.49711
0,7.96359,1.497
0,7.96559,1.49689
0,7.96759,1.49678
0,7.96959,1.49666
0,7.97159,1.49655
0,7.97359,1.49643
0,7.9756,1.49631
0,7.9776,1.49618
0,7.9796,1.49606
0,7.9816,1.49593
0,7.9836,1.49581
0,7.9856,1.49568
0,7.9876,1.49554
0,7.9896,1.49541
0,7.9916,1.49527
0,7.9936,1.49513
0,7.9956,1.49499
0,7.9976,1.49485
0,7.9996,1.49471
0,8.0016,1.49456
0,8.0036,1.49441
0,8.0056,1.49426
0,8.0076,1.49411
0,8.0096,1.49396
0,8.0116,1.4938
0,8.0136,1.49364
0,8.0156,1.49348
0,8.0176,1.49332
0,8.0196,1.49316
0,8.0216,1.49299
0,8.0236,1.49282
0,8.02561,1.49265
0,8.02761,1.49248
0,8.02961,1.49231
0,8.03161,1.49213
0,8.03361,1.49196
0,8.03561,1.49178
0,8.03761,1.49159
0,8.03961,1.49141
0,8.04161,1.49122
0,8.04361,1.49104
0,8.04561,1.49085
0,8.04761,1.49066
0,8.04961,1.49046
0,8.05161,1.49027
0,8.05361,1.49007
0,8.05561,1.48987
0,8.05761,1.48967
0,8.05961,1.48947
0,8.06161,1.48926
0,8.06361,1.48905
0,8.06561,1.48884
0,8.06761,1.48863
0,8.06961,1.48842
0,8.07161,1.48821
0,8.07361,1.48799
0,8.07562,1.48777
0,8.07762,1.48755
0,8.07962,1.48733
0,8.08162,1.4871
0,8.08362,1.48687
0,8.08562,1.48665
0,8.08762,1.48642
0,8.08962,1.48618
0,8.09162,1.48595
0,8.09362,1.48571
0,8.09562,1.48547
0,8.09762,1.48523
0,8.09962,1.48499
0,8.10162,1.48475
0,8.10362,1.4845
0,8.10562,1.48425
0,8.10762,1.484
0,8.10962,1.48375
0,8.11162,1.4835
0,8.11362,1.48324
0,8.11562,1.48298
0,8.11762,1.48272
0,8.11962,1.48246
0,8.12162,1.4822
0,8.12362,1.48193
0,8.12563,1.48167
0,8.12763,1.4814
0,8.12963,1.48113
0,8.13163,1.48085
0,8.13363,1.48058
0,8.13563,1.4803
0,8.13763,1.48002
0,8.13963,1.47974
0,8.14163,1.47946
0,8.14363,1.47917
0,8.14563,1.47889
0,8.14763,1.4786
0,8.14963,1.47831
0,8.15163,1.47801
0,8.15363,1.47772
0,8.15563,1.47742
0,8.15763,1.47713
0,8.15963,1.47683
0,8.16163,1.47652
0,8.16363,1.47622
0,8.16563,1.47591
0,8.16763,1.47561
0,8.16963,1.4753
0,8.17163,1.47499
0,8.17363,1.47467
0,8.17564,1.47436
0,8.17764,1.47404
0,8.17964,1.47372
0,8.18164,1.4734
0,8.18364,1.47308
0,8.18564,1.47275
0,8.18764,1.47243
0,8.18964,1.4721
0,8.19164,1.47177
0,8.19364,1.47143
0,8.19564,1.4711
0,8.19764,1.47076
0,8.19964,1.47043
0,8.20164,1.47009
0,8.20364,1.46974
0,8.20564,1.4694
0,8.20764,1.46906
0,8.20964,1.46871
0,8.21164,1.46836
0,8.21364,1.46801
0,8.21564,1.46766
0,8.21764,1.4673
0,8.21964,1.46694
0,8.22164,1.46659
0,8.22364,1.46622
0,8.22565,1.46586
0,8.22765,1.4655
0,8.22965,1.46513
0,8.23165,1.46476
0,8.23365,1.46439
0,8.23565,1.46402
0,8.23765,1.46365
0,8.23965,1.46327
0,8.24165,1.4629
0,8.24365,1.46252
0,8.24565,1.46214
0,8.24765,1.46175
0,8.24965,1.46137
0,8.25165,1.46098
0,8.25365,1.46059
0,8.25565,1.4602
0,8.25765,1.45981
0,8.25965,1.45942
0,8.26165,1.45902
0,8.26365,1.45863
0,8.26565,1.45823
0,8.26765,1.45783
0,8.26965,1.45742
0,8.27165,1.45702
0,8.27365,1.45661
0,8.27566,1.4562
0,8.27766,1.45579
0,8.27966,1.45538
0,8.28166,1.45497
0,8.28366,1.45455
0,8.28566,1.45413
0,8.28766,1.45371
0,8.28966,1.45329
0,8.29166,1.45287
0,8.29366,1.45244
0,8.29566,1.45202
0,8.29766,1.45159
0,8.29966,1.45116
0,8.30166,1.45073
0,8.30366,1.45029
0,8.30566,1.44986
0,8.30766,1.44942
0,8.30966,1.44898
0,8.31166,1.44854
0,8.31366,1.4481
0,8.31566,1.44765
0,8.31766,1.44721
0,8.31966,1.44676
0,8.32166,1.44631
0,8.32366,1.44586
0,8.32567,1.4454
0,8.32767,1.44495
0,8.32967,1.44449
0,8.33167,1.44403
0,8.33367,1.44357
0,8.33567,1.44311
0,8.33767,1.44264
0,8.33967,1.44218
0,8.34167,1.44171
0,8.34367,1.44124
0,8.34567,1.44077
0,8.34767,1.4403
0,8.34967,1.43982
0,8.35167,1.43934
0,8.35367,1.43887
0,8.35567,1.43839
0,8.35767,1.4379
0,8.35967,1.43742
0,8.36167,1.43693
0,8.36367,1.43645
0,8.36567,1.43596
0,8.36767,1.43547
0,8.36967,1.43498
0,8.37167,1.43448
0,8.37367,1.43399
0,8.37568,1.43349
0,8.37768,1.43299
0,8.37968,1.43249
0,8.38168,1.43199
0,8.38368,1.43148
0,8.38568,1.43097
0,8.38768,1.43047
0,8.38968,1.42996
0,8.39168,1.42945
0,8.39368,1.42893
0,8.39568,1.42842
0,8.39768,1.4279
0,8.39968,1.42738
0,8.40168,1.42686
0,8.40368,1.42634
0,8.40568,1.42582
0,8.40768,1.42529
0,8.40968,1.42477
0,8.41168,1.42424
0,8.41368,1.42371
0,8.41568,1.42318
0,8.41768,1.42264
0,8.41968,1.42211
0,8.42168,1.42157
0,8.42368,1.42103
0,8.42569,1.42049
0,8.42769,1.41995
0,8.42969,1.4194
0,8.43169,1.41886
0,8.43369,1.41831
0,8.43569,1.41776
0,8.43769,1.41721
0,8.43969,1.41666
0,8.44169,1.41611
0,8.44369,1.41555
0,8.44569,1.41499
0,8.44769,1.41444
0,8.44969,1.41388
0,8.45169,1.41331
0,8.45369,1.41275
0,8.45569,1.41218
0,8.45769,1.41162
0,8.45969,1.41105
0,8.46169,1.41048
0,8.46369,1.40991
0,8.46569,1.40933
0,8.46769,1.40876
0,8.46969,1.40818
0,8.47169,1.4076
0,8.47369,1.40702
0,8.4757,1.40644
0,8.4777,1.40586
0,8.4797,1.40527
0,8.4817,1.40469
0,8.4837,1.4041
0,8.4857,1.40351
0,8.4877,1.40292
0,8.4897,1.40232
0,8.4917,1.40173
0,8.4937,1.40113
0,8.4957,1.40053
0,8.4977,1.39993
0,8.4997,1.39933
0,8.5017,1.39873
0,8.5037,1.39813
0,8.5057,1.39752
0,8.5077,1.39691
0,8.5097,1.3963
0,8.5117,1.39569
0,8.5137,1.39508
0,8.5157,1.39447
0,8.5177,1.39385
0,8.5197,1.39324
0,8.5217,1.39262
0,8.5237,1.392
0,8.52571,1.39138
0,8.52771,1.39075
0,8.52971,1.39013
0,8.53171,1.3895
0,8.53371,1.38887
0,8.53571,1.38824
0,8.53771,1.38761
0,8.53971,1.38698
0,8.54171,1.38635
0,8.54371,1.38571
0,8.54571,1.38507
0,8.54771,1.38443
0,8.54971,1.38379
0,8.55171,1.38315
0,8.55371,1.38251
0,8.55571,1.38186
0,8.55771,1.38122
0,8.55971,1.38057
0,8.56171,1.37992
0,8.56371,1.37927
0,8.56571,1.37862
0,8.56771,1.37796
0,8.56971,1.37731
0,8.57171,1.37665
0,8.57371,1.37599
0,8.57572,1.37533
0,8.57772,1.37467
0,8.57972,1.37401
0,8.58172,1.37334
0,8.58372,1.37268
0,8.58572,1.37201
0,8.58772,1.37134
0,8.58972,1.37067
0,8.59172,1.37
0,8.59372,1.36932
0,8.59572,1.36865
0,8.59772,1.36797
0,8.59972,1.36729
0,8.60172,1.36661
0,8.60372,1.36593
0,8.60572,1.36525
0,8.60772,1.36457
0,8.60972,1.36388
0,8.61172,1.3632
0,8.61372,1.36251
0,8.61572,1.36182
0,8.61772,1.36113
0,8.61972,1.36043
0,8.62172,1.35974
0,8.62372,1.35904
0,8.62573,1.35835
0,8.62773,1.35765
0,8.62973,1.35695
0,8.63173,1.35625
0,8.63373,1.35555
0,8.63573,1.35484
0,8.63773,1.35414
0,8.63973,1.35343
0,8.64173,1.35272
0,8.64373,1.35201
0,8.64573,1.3513
0,8.64773,1.35059
0,8.64973,1.34988
0,8.65173,1.34916
0,8.65373,1.34844
0,8.65573,1.34773
0,8.65773,1.34701
0,8.65973,1.34629
0,8.66173,1.34556
0,8.66373,1.34484
0,8.66573,1.34411
0,8.66773,1.34339
0,8.66973,1.34266
0,8.67173,1.34193
0,8.67373,1.3412
0,8.67574,1.34047
0,8.67774,1.33974
0,8.67974,1.339
0,8.68174,1.33827
0,8.68374,1.33753
0,8.68574,1.33679
0,8.68774,1.33605
0,8.68974,1.33531
0,8.69174,1.33457
0,8.69374,1.33382
0,8.69574,1.33308
0,8.69774,1.33233
0,8.69974,1.33158
0,8.70174,1.33083
0,8.70374,1.33008
0,8.70574,1.32933
0,8.70774,1.32858
0,8.70974,1.32782
0,8.71174,1.32707
0,8.71374,1.32631
0,8.71574,1.32555
0,8.71774,1.32479
0,8.71974,1.32403
0,8.72174,1.32327
0,8.72374,1.3225
0,8.72575,1.32174
0,8.72775,1.32097
0,8.72975,1.32021
0,8.73175,1.31944
0,8.73375,1.31867
0,8.73575,1.31789
0,8.73775,1.31712
0,8.73975,1.31635
0,8.74175,1.31557
0,8.74375,1.3148
0,8.74575,1.31402
0,8.74775,1.31324
0,8.74975,1.31246
0,8.75175,1.31168
0,8.75375,1.3109
0,8.75575,1.31011
0,8.75775,1.30933
0,8.75975,1.30854
0,8.76175,1.30775
0,8.76375,1.30696
0,8.76575,1.30617
0,8.76775,1.30538
0,8.76975,1.30459
0,8.77175,1.3038
0,8.77375,1.303
0,8.77576,1.3022
0,8.77776,1.30141
0,8.77976,1.30061
0,8.78176,1.29981
0,8.78376,1.29901
0,8.78576,1.2982
0,8.78776,1.2974
0,8.78976,1.2966
0,8.79176,1.29579
0,8.79376,1.29498
0,8.79576,1.29418
0,8.79776,1.29337
0,8.79976,1.29256
0,8.80176,1.29174
0,8.80376,1.29093
0,8.80576,1.29012
0,8.80776,1.2893
0,8.80976,1.28849
0,8.81176,1.28767
0,8.81376,1.28685
0,8.81576,1.28603
0,8.81776,1.28521
0,8.81976,1.28439
0,8.82176,1.28356
0,8.82376,1.28274
0,8.82577,1.28191
0,8.82777,1.28109
0,8.82977,1.28026
0,8.83177,1.27943
0,8.83377,1.2786
0,8.83577,1.27777
0,8.83777,1.27694
0,8.83977,1.2761
0,8.84177,1.27527
0,8.84377,1.27443
0,8.84577,1.2736
0,8.84777,1.27276
0,8.84977,1.27192
0,8.85177,1.27108
0,8.85377,1.27024
0,8.85577,1.2694
0,8.85777,1.26855
0,8.85977,1.26771
0,8.86177,1.26687
0,8.86377,1.26602
0,8.86577,1.26517
0,8.86777,1.26432
0,8.86977,1.26347
0,8.87177,1.26262
0,8.87377,1.26177
0,8.87578,1.26092
0,8.87778,1.26006
0,8.87978,1.25921
0,8.88178,1.25835
0,8.88378,1.2575
0,8.88578,1.25664
0,8.88778,1.25578
0,8.88978,1.25492
0,8.89178,1.25406
0,8.89378,1.2532
0,8.89578,1.25233
0,8.89778,1.25147
0,8.89978,1.25061
0,8.90178,1.24974
0,8.90378,1.24887
0,8.90578,1.248
0,8.90778,1.24714
0,8.90978,1.24627
0,8.91178,1.24539
0,8.91378,1.24452
0,8.91578,1.24365
0,8.91778,1.24278
0,8.91978,1.2419
0,8.92178,1.24103
0,8.92378,1.24015
0,8.92579,1.23927
0,8.92779,1.23839
0,8.92979,1.23751
0,8.93179,1.23663
0,8.93379,1.23575
0,8.93579,1.23487
0,8.93779,1.23398
0,8.93979,1.2331
0,8.94179,1.23221
0,8.94379,1.23133
0,8.94579,1.23044
0,8.94779,1.22955
0,8.94979,1.22866
0,8.95179,1.22777
0,8.95379,1.22688
0,8.95579,1.22599
0,8.95779,1.2251
0,8.95979,1.22421
0,8.96179,1.22331
0,8.96379,1.22242
0,8.96579,1.22152
0,8.96779,1.22062
0,8.96979,1.21972
0,8.97179,1.21883
0,8.97379,1.21793
0,8.9758,1.21702
0,8.9778,1.21612
0,8.9798,1.21522
0,8.9818,1.21432
0,8.9838,1.21341
0,8.9858,1.21251
0,8.9878,1.2116
0,8.9898,1.2107
0,8.9918,1.20979
0,8.9938,1.20888
0,8.9958,1.20797
0,8.9978,1.20706
0,8.9998,1.20615
0,9.0018,1.20524
0,9.0038,1.20433
0,9.0058,1.20341
0,9.0078,1.2025
0,9.0098,1.20158
0,9.0118,1.20067
0,9.0138,1.19975
0,9.0158,1.19883
0,9.0178,1.19792
0,9.0198,1.197
0,9.0218,1.19608
0,9.0238,1.19516
0,9.02581,1.19424
0,9.02781,1.19331
0,9.02981,1.19239
0,9.03181,1.19147
0,9.03381,1.19054
0,9.03581,1.18962
0,9.03781,1.18869
0,9.03981,1.18777
0,9.04181,1.18684
0,9.04381,1.18591
0,9.04581,1.18498
0,9.04781,1.18405
0,9.04981,1.18312
0,9.05181,1.18219
0,9.05381,1.18126
0,9.05581,1.18033
0,9.05781,1.17939
0,9.05981,1.17846
0,9.06181,1.17752
0,9.06381,1.17659
0,9.06581,1.17565
0,9.06781,1.17472
0,9.06981,1.17378
0,9.07181,1.17284
0,9.07381,1.1719
0,9.07582,1.17096
0,9.07782,1.17002
0,9.07982,1.16908
0,9.08182,1.16814
0,9.08382,1.1672
0,9.08582,1.16625
0,9.08782,1.16531
0,9.08982,1.16437
0,9.09182,1.16342
0,9.09382,1.16248
0,9.09582,1.16153
0,9.09782,1.16058
0,9.09982,1.15963
0,9.10182,1.15869
0,9.10382,1.15774
0,9.10582,1.15679
0,9.10782,1.15584
0,9.10982,1.15489
0,9.11182,1.15394
0,9.11382,1.15298
0,9.11582,1.15203
0,9.11782,1.15108
0,9.11982,1.15012
0,9.12182,1.14917
0,9.12382,1.14822
0,9.12583,1.14726
0,9.12783,1.1463
0,9.12983,1.14535
0,9.13183,1.14439
0,9.13383,1.14343
0,9.13583,1.14247
0,9.13783,1.14151
0,9.13983,1.14055
0,9.14183,1.13959
0,9.14383,1.13863
0,9.14583,1.13767
0,9.14783,1.13671
0,9.14983,1.13575
0,9.15183,1.13479
0,9.15383,1.13382
0,9.15583,1.13286
0,9.15783,1.13189
0,9.15983,1.13093
0,9.16183,1.12996
0,9.16383,1.129
0,9.16583,1.12803
0,9.16783,1.12706
0,9.16983,1.1261
0,9.17183,1.12513
0,9.17383,1.12416
0,9.17584,1.12319
0,9.17784,1.12222
0,9.17984,1.12125
0,9.18184,1.12028
0,9.18384,1.11931
0,9.18584,1.11834
0,9.18784,1.11736
0,9.18984,1.11639
0,9.19184,1.11542
0,9.19384,1.11445
0,9.19584,1.11347
0,9.19784,1.1125
0,9.19984,1.11152
0,9.20184,1.11055
0,9.20384,1.10957
0,9.20584,1.1086
0,9.20784,1.10762
0,9.20984,1.10664
0,9.21184,1.10567
0,9.21384,1.10469
0,9.21584,1.10371
0,9.21784,1.10273
0,9.21984,1.10175
0,9.22184,1.10077
0,9.22384,1.09979
0,9.22585,1.09881
0,9.22785,1.09783
0,9.22985,1.09685
0,9.23185,1.09587
0,9.23385,1.09489
0,9.23585,1.0939
0,9.23785,1.09292
0,9.23985,1.09194
0,9.24185,1.09096
0,9.24385,1.08997
0,9.24585,1.08899
0,9.24785,1.088
0,9.24985,1.08702
0,9.25185,1.08603
0,9.25385,1.08505
0,9.25585,1.08406
0,9.25785,1.08308
0,9.25985,1.08209
0,9.26185,1.0811
0,9.26385,1.08012
0,9.26585,1.07913
0,9.26785,1.07814
0,9.26985,1.07715
0,9.27185,1.07616
0,9.27385,1.07518
0,9.27586,1.07419
0,9.27786,1.0732
0,9.27986,1.07221
0,9.28186,1.07122
0,9.28386,1.07023
0,9.28586,1.06924
0,9.28786,1.06825
0,9.28986,1.06726
0,9.29186,1.06626
0,9.29386,1.06527
0,9.29586,1.06428
0,9.29786,1.06329
0,9.29986,1.0623
0,9.30186,1.0613
0,9.30386,1.06031
0,9.30586,1.05932
0,9.30786,1.05833
0,9.30986,1.05733
0,9.31186,1.05634
0,9.31386,1.05534
0,9.31586,1.05435
0,9.31786,1.05336
0,9.31986,1.05236
0,9.32186,1.05137
0,9.32386,1.05037
0,9.32587,1.04938
0,9.32787,1.04838
0,9.32987,1.04738
0,9.33187,1.04639
0,9.33387,1.04539
0,9.33587,1.0444
0,9.33787,1.0434
0,9.33987,1.0424
0,9.34187,1.04141
0,9.34387,1.04041
0,9.34587,1.03941
0,9.34787,1.03842
0,9.34987,1.03742
0,9.35187,1.03642
0,9.35387,1.03542
0,9.35587,1.03443
0,9.35787,1.03343
0,9.35987,1.03243
0,9.36187,1.03143
0,9.36387,1.03043
0,9.36587,1.02944
0,9.36787,1.02844
0,9.36987,1.02744
0,9.37187,1.02644
0,9.37387,1.02544
0,9.37588,1.02444
0,9.37788,1.02344
0,9.37988,1.02244
0,9.38188,1.02144
0,9.38388,1.02044
0,9.38588,1.01945
0,9.38788,1.01845
0,9.38988,1.01745
0,9.39188,1.01645
0,9.39388,1.01545
0,9.39588,1.01445
0,9.39788,1.01345
0,9.39988,1.01245
0,9.40188,1.01145
0,9.40388,1.01045
0,9.40588,1.00945
0,9.40788,1.00845
0,9.40988,1.00745
0,9.41188,1.00645
0,9.41388,1.00545
0,9.41588,1.00445
0,9.41788,1.00345
0,9.41988,1.00245
0,9.42188,1.00145
0,9.42388,1.00045
0,9.42589,0.999446
0,9.42789,0.998446
0,9.42989,0.997446
0,9.43189,0.996446
0,9.43389,0.995446
0,9.43589,0.994446
0,9.43789,0.993445
0,9.43989,0.992445
0,9.44189,0.991445
0,9.44389,0.990445
0,9.44589,0.989445
0,9.44789,0.988445
0,9.44989,0.987445
0,9.45189,0.986445
0,9.45389,0.985446
0,9.45589,0.984446
0,9.45789,0.983446
0,9.45989,0.982447
0,9.46189,0.981447
0,9.46389,0.980448
0,9.46589,0.979448
0,9.46789,0.978449
0,9.46989,0.97745
0,9.47189,0.976451
0,9.47389,0.975451
0,9.4759,0.974453
0,9.4779,0.973454
0,9.4799,0.972455
0,9.4819,0.971456
0,9.4839,0.970458
0,9.4859,0.969459
0,9.4879,0.968461
0,9.4899,0.967463
0,9.4919,0.966465
0,9.4939,0.965467
0,9.4959,0.964469
0,9.4979,0.963472
0,9.4999,0.962474
0,9.5019,0.961477
0,9.5039,0.96048
0,9.5059,0.959483
0,9.5079,0.958486
0,9.5099,0.957489
0,9.5119,0.956493
0,9.5139,0.955497
0,9.5159,0.9545
0,9.5179,0.953504
0,9.5199,0.952509
0,9.5219,0.951513
0,9.5239,0.950518
0,9.52591,0.949523
0,9.52791,0.948528
0,9.52991,0.947533
0,9.53191,0.946538
0,9.53391,0.945544
0,9.53591,0.94455
0,9.53791,0.943556
0,9.53991,0.942562
0,9.54191,0.941569
0,9.54391,0.940575
0,9.54591,0.939582
0,9.54791,0.93859
0,9.54991,0.937597
0,9.55191,0.936605
0,9.55391,0.935613
0,9.55591,0.934621
0,9.55791,0.93363
0,9.55991,0.932638
0,9.56191,0.931647
0,9.56391,0.930657
0,9.56591,0.929666
0,9.56791,0.928676
0,9.56991,0.927686
0,9.57191,0.926697
0,9.57391,0.925708
0,9.57592,0.924719
0,9.57792,0.92373
0,9.57992,0.922742
0,9.58192,0.921754
0,9.58392,0.920766
0,9.58592,0.919779
0,9.58792,0.918792
0,9.58992,0.917805
0,9.59192,0.916818
0,9.59392,0.915832
0,9.59592,0.914846
0,9.59792,0.913861
0,9.59992,0.912876
0,9.60192,0.911891
0,9.60392,0.910907
0,9.60592,0.909923
0,9.60792,0.908939
0,9.60992,0.907956
0,9.61192,0.906973
0,9.61392,0.90599
0,9.61592,0.905008
0,9.61792,0.904027
0,9.61992,0.903045
0,9.62192,0.902064
0,9.62392,0.901083
0,9.62593,0.900103
0,9.62793,0.899123
0,9.62993,0.898144
0,9.63193,0.897165
0,9.63393,0.896186
0,9.63593,0.895208
0,9.63793,0.89423
0,9.63993,0.893253
0,9.64193,0.892276
0,9.64393,0.8913
0,9.64593,0.890324
0,9.64793,0.889348
0,9.64993,0.888373
0,9.65193,0.887398
0,9.65393,0.886424
0,9.65593,0.88545
0,9.65793,0.884477
0,9.65993,0.883504
0,9.66193,0.882531
0,9.66393,0.881559
0,9.66593,0.880588
0,9.66793,0.879617
0,9.66993,0.878646
0,9.67193,0.877676
0,9.67393,0.876707
0,9.67594,0.875737
0,9.67794,0.874769
0,9.67994,0.873801
0,9.68194,0.872833
0,9.68394,0.871866
0,9.68594,0.8709
0,9.68794,0.869934
0,9.68994,0.868968
0,9.69194,0.868003
0,9.69394,0.867039
0,9.69594,0.866075
0,9.69794,0.865111
0,9.69994,0.864149
0,9.70194,0.863186
0,9.70394,0.862225
0,9.70594,0.861263
0,9.70794,0.860303
0,9.70994,0.859343
0,9.71194,0.858383
0,9.71394,0.857424
0,9.71594,0.856466
0,9.71794,0.855508
0,9.71994,0.854551
0,9.72194,0.853594
0,9.72394,0.852638
0,9.72595,0.851682
0,9.72795,0.850728
0,9.72995,0.849773
0,9.73195,0.84882
0,9.73395,0.847867
0,9.73595,0.846914
0,9.73795,0.845962
0,9.73995,0.845011
0,9.74195,0.84406
0,9.74395,0.84311
0,9.74595,0.842161
0,9.74795,0.841212
0,9.74995,0.840264
0,9.75195,0.839317
0,9.75395,0.83837
0,9.75595,0.837424
0,9.75795,0.836478
0,9.75995,0.835533
0,9.76195,0.834589
0,9.76395,0.833645
0,9.76595,0.832703
0,9.76795,0.83176
0,9.76995,0.830819
0,9.77195,0.829878
0,9.77395,0.828938
0,9.77596,0.827998
0,9.77796,0.827059
0,9.77996,0.826121
0,9.78196,0.825184
0,9.78396,0.824247
0,9.78596,0.823311
0,9.78796,0.822376
0,9.78996,0.821441
0,9.79196,0.820507
0,9.79396,0.819574
0,9.79596,0.818642
0,9.79796,0.81771
0,9.79996,0.816779
0,9.80196,0.815849
0,9.80396,0.814919
0,9.80596,0.81399
0,9.80796,0.813062
0,9.80996,0.812135
0,9.81196,0.811209
0,9.81396,0.810283
0,9.81596,0.809358
0,9.81796,0.808434
0,9.81996,0.80751
0,9.82196,0.806587
0,9.82396,0.805665
0,9.82597,0.804744
0,9.82797,0.803824
0,9.82997,0.802904
0,9.83197,0.801985
0,9.83397,0.801067
0,9.83597,0.80015
0,9.83797,0.799234
0,9.83997,0.798318
0,9.84197,0.797403
0,9.84397,0.796489
0,9.84597,0.795576
0,9.84797,0.794664
0,9.84997,0.793752
0,9.85197,0.792841
0,9.85397,0.791932
0,9.85597,0.791022
0,9.85797,0.790114
0,9.85997,0.789207
0,9.86197,0.7883
0,9.86397,0.787395
0,9.86597,0.78649
0,9.86797,0.785586
0,9.86997,0.784683
0,9.87197,0.78378
0,9.87397,0.782879
0,9.87598,0.781978
0,9.87798,0.781079
0,9.87998,0.78018
0,9.88198,0.779282
0,9.88398,0.778385
0,9.88598,0.777489
0,9.88798,0.776594
0,9.88998,0.775699
0,9.89198,0.774806
0,9.89398,0.773913
0,9.89598,0.773022
0,9.89798,0.772131
0,9.89998,0.771241
0,9.90198,0.770352
0,9.90398,0.769464
0,9.90598,0.768577
0,9.90798,0.767691
0,9.90998,0.766806
0,9.91198,0.765921
0,9.91398,0.765038
0,9.91598,0.764156
0,9.91798,0.763274
0,9.91998,0.762394
0,9.92198,0.761514
0,9.92398,0.760635
0,9.92599,0.759758
0,9.92799,0.758881
0,9.92999,0.758005
0,9.93199,0.75713
0,9.93399,0.756257
0,9.93599,0.755384
0,9.93799,0.754512
0,9.93999,0.753641
0,9.94199,0.752771
0,9.94399,0.751902
0,9.94599,0.751035
0,9.94799,0.750168
0,9.94999,0.749302
0,9.95199,0.748437
0,9.95399,0.747573
0,9.95599,0.74671
0,9.95799,0.745848
0,9.95999,0.744987
0,9.96199,0.744128
0,9.96399,0.743269
0,9.96599,0.742411
0,9.96799,0.741554
0,9.96999,0.740699
0,9.97199,0.739844
0,9.97399,0.73899
0,9.976,0.738138
0,9.978,0.737286
0,9.98,0.736436
0,9.982,0.735586
0,9.984,0.734738
0,9.986,0.733891
0,9.988,0.733044
0,9.99,0.732199
0,9.992,0.731355
0,9.994,0.730512
0,9.996,0.72967
0,9.998,0.728829
0,10,0.727989
1,0,1.35073
1,0.0020004,1.34962
1,0.0040008,1.34851
1,0.0060012,1.34739
1,0.0080016,1.34626
1,0.010002,1.34513
1,0.0120024,1.34399
1,0.0140028,1.34285
1,0.0160032,1.3417
1,0.0180036,1.34055
1,0.020004,1.33939
1,0.0220044,1.33823
1,0.0240048,1.33706
1,0.0260052,1.33589
1,0.0280056,1.33471
1,0.030006,1.33352
1,0.0320064,1.33233
1,0.0340068,1.33113
1,0.0360072,1.32993
1,0.0380076,1.32873
1,0.040008,1.32751
1,0.0420084,1.3263
1,0.0440088,1.32507
1,0.0460092,1.32385
1,0.0480096,1.32261
1,0.05001,1.32137
1,0.0520104,1.32013
1,0.0540108,1.31888
1,0.0560112,1.31762
1,0.0580116,1.31636
1,0.060012,1.31509
1,0.0620124,1.31382
1,0.0640128,1.31254
1,0.0660132,1.31126
1,0.0680136,1.30997
1,0.070014,1.30868
1,0.0720144,1.30738
1,0.0740148,1.30607
1,0.0760152,1.30476
1,0.0780156,1.30344
1,0.080016,1.30212
1,0.0820164,1.30079
1,0.0840168,1.29946
1,0.0860172,1.29812
1,0.0880176,1.29678
1,0.090018,1.29543
1,0.0920184,1.29407
1,0.0940188,1.29271
1,0.0960192,1.29135
1,0.0980196,1.28997
1,0.10002,1.2886
1,0.10202,1.28721
1,0.104021,1.28582
1,0.106021,1.28443
1,0.108022,1.28303
1,0.110022,1.28162
1,0.112022,1.28021
1,0.114023,1.2788
1,0.116023,1.27737
1,0.118024,1.27595
1,0.120024,1.27451
1,0.122024,1.27307
1,0.124025,1.27163
1,0.126025,1.27018
1,0.128026,1.26872
1,0.130026,1.26726
1,0.132026,1.26579
1,0.134027,1.26432
1,0.136027,1.26284
1,0.138028,1.26136
1,0.140028,1.25987
1,0.142028,1.25838
1,0.144029,1.25688
1,0.146029,1.25537
1,0.14803,1.25386
1,0.15003,1.25234
1,0.15203,1.25082
1,0.154031,1.2493
1,0.156031,1.24776
1,0.158032,1.24622
1,0.160032,1.24468
1,0.162032,1.24313
1,0.164033,1.24158
1,0.166033,1.24001
1,0.168034,1.23845
1,0.170034,1.23688
1,0.172034,1.2353
1,0.174035,1.23371
1,0.176035,1.23213
1,0.178036,1.23054
1,0.180036,1.22894
1,0.182036,1.22733
1,0.184037,1.22573
1,0.186037,1.22412
1,0.188038,1.22249
1,0.190038,1.22087
1,0.192038,1.21925
1,0.194039,1.21761
1,0.196039,1.21595
1,0.19804,1.21432
1,0.20004,1.21268
1,0.20204,1.21101
1,0.204041,1.20934
1,0.206041,1.20769
1,0.208042,1.20602
1,0.210042,1.20433
1,0.212042,1.20264
1,0.214043,1.20098
1,0.216043,1.19928
1,0.218044,1.19756
1,0.220044,1.19587
1,0.222044,1.19419
1,0.224045,1.19246
1,0.226045,1.19072
1,0.228046,1.18902
1,0.230046,1.18732
1,0.232046,1.18556
1,0.234047,1.1838
1,0.236047,1.18209
1,0.238048,1.18037
1,0.240048,1.17858
1,0.242048,1.1768
1,0.244049,1.17508
1,0.246049,1.17334
1,0.24805,1.17152
1,0.25005,1.16973
1,0.25205,1.16801
1,0.254051,1.16624
1,0.256051,1.16439
1,0.258052,1.16258
1,0.260052,1.16086
1,0.262052,1.15907
1,0.264053,1.15719
1,0.266053,1.15537
1,0.268054,1.15364
1,0.270054,1.15183
1,0.272054,1.14991
1,0.274055,1.14808
1,0.276055,1.14635
1,0.278056,1.14452
1,0.280056,1.14257
1,0.282056,1.14073
1,0.284057,1.139
1,0.286057,1.13715
1,0.288058,1.13517
1,0.290058,1.1333
1,0.292058,1.13158
1,0.294059,1.12973
1,0.296059,1.1277
1,0.29806,1.12581
1,0.30006,1.1241
1,0.30206,1.12225
1,0.304061,1.12018
1,0.306061,1.11825
1,0.308062,1.11655
1,0.310062,1.11472
1,0.312062,1.11262
1,0.314063,1.11063
1,0.316063,1.10894
1,0.318064,1.10715
1,0.320064,1.10502
1,0.322064,1.10295
1,0.324065,1.10125
1,0.326065,1.09953
1,0.328066,1.09739
1,0.330066,1.09522
1,0.332066,1.09348
1,0.334067,1.09184
1,0.336067,1.08975
1,0.338068,1.08747
1,0.340068,1.08564
1,0.342068,1.08409
1,0.344069,1.08209
1,0.346069,1.07972
1,0.34807,1.07773
1,0.35007,1.07623
1,0.35207,1.07441
1,0.354071,1.072
1,0.356071,1.06979
1,0.358072,1.06825
1,0.360072,1.06666
1,0.362072,1.06433
1,0.364073,1.06186
1,0.366073,1.06016
1,0.368074,1.05879
1,0.370074,1.0567
1,0.372074,1.05404
1,0.374075,1.052
1,0.376075,1.05072
1,0.378076,1.04903
1,0.380076,1.04638
1,0.382076,1.04388
1,0.384077,1.04243
1,0.386077,1.04118
1,0.388078,1.03887
1,0.390078,1.03598
1,0.392078,1.03402
1,0.394079,1.033
1,0.396079,1.03133
1,0.39808,1.02843
1,0.40008,1.02574
1,0.40208,1.02444
1,0.404081,1.02345
1,0.406081,1.02113
1,0.408082,1.01793
1,0.410082,1.01577
1,0.412082,1.01498
1,0.414083,1.01368
1,0.416083,1.01071
1,0.418084,1.00753
1,0.420084,1.00601
1,0.422084,1.00549
1,0.424085,1.00368
1,0.426085,1.00021
1,0.428086,0.997289
1,0.430086,0.996384
1,0.432086,0.995909
1,0.434087,0.993532
1,0.436087,0.989729
1,0.438088,0.987173
1,0.440088,0.986772
1,0.442088,0.986234
1,0.444089,0.983355
1,0.446089,0.979331
1,0.44809,0.977105
1,0.45009,0.977105
1,0.45209,0.976521
1,0.454091,0.97326
1,0.456091,0.969029
1,0.458092,0.966996
1,0.460092,0.967325
1,0.462092,0.966831
1,0.464093,0.963352
1,0.466093,0.958845
1,0.468094,0.956773
1,0.470094,0.957363
1,0.472094,0.957191
1,0.474095,0.95373
1,0.476095,0.948852
1,0.478096,0.946403
1,0.480096,0.947112
1,0.482096,0.947541
1,0.484097,0.944477
1,0.486097,0.939214
1,0.488098,0.935955
1,0.490098,0.93644
1,0.492098,0.937672
1,0.494099,0.935576
1,0.496099,0.930186
1,0.4981,0.925703
1,0.5001,0.925291
1,0.5021,0.927197
1,0.504101,0.926745
1,0.506101,0.921992
1,0.508102,0.916204
1,0.510102,0.913945
1,0.512102,0.915702
1,0.514103,0.917249
1,0.516103,0.914446
1,0.518104,0.908164
1,0.520104,0.903324
1,0.522104,0.903268
1,0.524105,0.906036
1,0.526105,0.906423
1,0.528106,0.901734
1,0.530106,0.894916
1,0.532106,0.891271
1,0.534107,0.892736
1,0.536107,0.895855
1,0.538108,0.895272
1,0.540108,0.889454
1,0.542108,0.882418
1,0.544109,0.879429
1,0.546109,0.881684
1,0.54811,0.88514
1,0.55011,0.884389
1,0.55211,0.878164
1,0.554111,0.870695
1,0.556111,0.867379
1,0.558112,0.869659
1,0.560112,0.873743
1,0.562112,0.873984
1,0.564113,0.868269
1,0.566113,0.860135
1,0.568114,0.855275
1,0.570114,0.85639
1,0.572114,0.860996
1,0.574115,0.863445
1,0.576115,0.859832
1,0.578116,0.851645
1,0.580116,0.844313
1,0.582116,0.842384
1,0.584117,0.846002
1,0.586117,0.850865
1,0.588118,0.851477
1,0.590118,0.845747
1,0.592118,0.836827
1,0.594119,0.830258
1,0.596119,0.82959
1,0.59812,0.834051
1,0.60012,0.839113
1,0.60212,0.839603
1,0.604121,0.833734
1,0.606121,0.82454
1,0.608122,0.817282
1,0.610122,0.815605
1,0.612122,0.819461
1,0.614123,0.825244
1,0.616123,0.827902
1,0.618124,0.824365
1,0.620124,0.815854
1,0.622124,0.806797
1,0.624125,0.801605
1,0.626125,0.802192
1,0.628126,0.807263
1,0.630126,0.81298
1,0.632126,0.814928
1,0.634127,0.810865
1,0.636127,0.802248
1,0.638128,0.793045
1,0.640128,0.787116
1,0.642128,0.786388
1,0.644129,0.790358
1,0.646129,0.79639
1,0.64813,0.800714
1,0.65013,0.800247
1,0.65213,0.79441
1,0.654131,0.785399
1,0.656131,0.776655
1,0.658132,0.77102
1,0.660132,0.769822
1,0.662132,0.772787
1,0.664133,0.778255
1,0.666133,0.783574
1,0.668134,0.785973
1,0.670134,0.783817
1,0.672134,0.777448
1,0.674135,0.76887
1,0.676135,0.760563
1,0.678136,0.754433
1,0.680136,0.751443
1,0.682136,0.751711
1,0.684137,0.754703
1,0.686137,0.759344
1,0.688138,0.764122
1,0.690138,0.76736
1,0.692138,0.767738
1,0.694139,0.76481
1,0.696139,0.759154
1,0.69814,0.752013
1,0.70014,0.744709
1,0.70214,0.738208
1,0.704141,0.733
1,0.706141,0.729188
1,0.708142,0.72665
1,0.710142,0.725172
1,0.712142,0.724529
1,0.714143,0.724524
1,0.716143,0.724995
1,0.718144,0.725821
1,0.720144,0.726908
1,0.722144,0.72819
1,0.724145,0.729618
1,0.726145,0.731154
1,0.728146,0.732773
1,0.730146,0.734455
1,0.732146,0.736187
1,0.734147,0.737957
1,0.736147,0.739758
1,0.738148,0.741584
1,0.740148,0.743429
1,0.742148,0.745291
1,0.744149,0.747166
1,0.746149,0.749053
1,0.74815,0.750949
1,0.75015,0.752853
1,0.75215,0.754764
1,0.754151,0.756682
1,0.756151,0.758604
1,0.758152,0.760531
1,0.760152,0.762462
1,0.762152,0.764397
1,0.764153,0.766335
1,0.766153,0.768276
1,0.768154,0.770219
1,0.770154,0.772165
1,0.772154,0.774113
1,0.774155,0.776063
1,0.776155,0.778014
1,0.778156,0.779967
1,0.780156,0.781922
1,0.782156,0.783877
1,0.784157,0.785835
1,0.786157,0.787793
1,0.788158,0.789752
1,0.790158,0.791712
1,0.792158,0.793673
1,0.794159,0.795635
1,0.796159,0.797598
1,0.79816,0.799561
1,0.80016,0.801525
1,0.80216,0.80349
1,0.804161,0.805455
1,0.806161,0.807421
1,0.808162,0.809387
1,0.810162,0.811354
1,0.812162,0.813321
1,0.814163,0.815288
1,0.816163,0.817256
1,0.818164,0.819224
1,0.820164,0.821193
1,0.822164,0.823161
1,0.824165,0.82513
1,0.826165,0.827099
1,0.828166,0.829069
1,0.830166,0.831038
1,0.832166,0.833008
1,0.834167,0.834977
1,0.836167,0.836947
1,0.838168,0.838917
1,0.840168,0.840887
1,0.842168,0.842857
1,0.844169,0.844827
1,0.846169,0.846797
1,0.84817,0.848767
1,0.85017,0.850737
1,0.85217,0.852707
1,0.854171,0.854676
1,0.856171,0.856646
1,0.858172,0.858616
1,0.860172,0.860585
1,0.862172,0.862554
1,0.864173,0.864523
1,0.866173,0.866492
1,0.868174,0.868461
1,0.870174,0.870429
1,0.872174,0.872397
1,0.874175,0.874365
1,0.876175,0.876333
1,0.878176,0.8783
1,0.880176,0.880267
1,0.882176,0.882233
1,0.884177,0.884199
1,0.886177,0.886165
1,0.888178,0.88813
1,0.890178,0.890094
1,0.892178,0.892058
1,0.894179,0.894022
1,0.896179,0.895984
1,0.89818,0.897946
1,0.90018,0.899908
1,0.90218,0.901868
1,0.904181,0.903828
1,0.906181,0.905787
1,0.908182,0.907745
1,0.910182,0.909702
1,0.912182,0.911658
1,0.914183,0.913613
1,0.916183,0.915567
1,0.918184,0.917519
1,0.920184,0.919471
1,0.922184,0.92142
1,0.924185,0.923369
1,0.926185,0.925315
1,0.928186,0.92726
1,0.930186,0.929203
1,0.932186,0.931144
1,0.934187,0.933083
1,0.936187,0.935019
1,0.938188,0.936953
1,0.940188,0.938884
1,0.942188,0.940812
1,0.944189,0.942737
1,0.946189,0.944658
1,0.94819,0.946576
1,0.95019,0.948489
1,0.95219,0.950398
1,0.954191,0.952302
1,0.956191,0.9542
1,0.958192,0.956093
1,0.960192,0.957978
1,0.962192,0.959857
1,0.964193,0.961727
1,0.966193,0.963588
1,0.968194,0.965439
1,0.970194,0.967279
1,0.972194,0.969107
1,0.974195,0.970921
1,0.976195,0.972719
1,0.978196,0.974501
1,0.980196,0.976265
1,0.982196,0.978007
1,0.984197,0.979728
1,0.986197,0.981423
1,0.988198,0.983091
1,0.990198,0.98473
1,0.992198,0.986337
1,0.994199,0.987911
1,0.996199,0.989447
1,0.9982,0.990946
1,1.0002,0.992403
1,1.0022,0.993819
1,1.0042,0.99519
1,1.0062,0.996517
1,1.0082,0.997799
1,1.0102,0.999035
1,1.0122,1.00022
1,1.0142,1.00137
1,1.0162,1.00247
1,1.0182,1.00353
1,1.0202,1.00455
1,1.0222,1.00553
1,1.0242,1.00647
1,1.02621,1.00738
1,1.02821,1.00826
1,1.03021,1.00911
1,1.03221,1.00993
1,1.03421,1.01074
1,1.03621,1.01152
1,1.03821,1.01228
1,1.04021,1.01303
1,1.04221,1.01376
1,1.04421,1.01449
1,1.04621,1.0152
1,1.04821,1.0159
1,1.05021,1.0166
1,1.05221,1.01729
1,1.05421,1.01798
1,1.05621,1.01866
1,1.05821,1.01934
1,1.06021,1.02002
1,1.06221,1.02069
1,1.06421,1.02136
1,1.06621,1.02204
1,1.06821,1.02271
1,1.07021,1.02338
1,1.07221,1.02404
1,1.07421,1.02471
1,1.07622,1.02538
1,1.07822,1.02605
1,1.08022,1.02671
1,1.08222,1.02738
1,1.08422,1.02805
1,1.08622,1.02871
1,1.08822,1.02938
1,1.09022,1.03005
1,1.09222,1.03071
1,1.09422,1.03138
1,1.09622,1.03204
1,1.09822,1.03271
1,1.10022,1.03338
1,1.10222,1.03404
1,1.10422,1.03471
1,1.10622,1.03537
1,1.10822,1.03604
1,1.11022,1.0367
1,1.11222,1.03737
1,1.11422,1.03804
1,1.11622,1.0387
1,1.11822,1.03937
1,1.12022,1.04003
1,1.12222,1.0407
1,1.12422,1.04136
1,1.12623,1.04203
1,1.12823,1.04269
1,1.13023,1.04336
1,1.13223,1.04402
1,1.13423,1.04469
1,1.13623,1.04535
1,1.13823,1.04602
1,1.14023,1.04668
1,1.14223,1.04735
1,1.14423,1.04801
1,1.14623,1.04868
1,1.14823,1.04934
1,1.15023,1.05001
1,1.15223,1.05067
1,1.15423,1.05134
1,1.15623,1.052
1,1.15823,1.05266
1,1.16023,1.05333
1,1.16223,1.05399
1,1.16423,1.05466
1,1.16623,1.05532
1,1.16823,1.05599
1,1.17023,1.05665
1,1.17223,1.05731
1,1.17423,1.05798
1,1.17624,1.05864
1,1.17824,1.0593
1,1.18024,1.05997
1,1.18224,1.06063
1,1.18424,1.0613
1,1.18624,1.06196
1,1.18824,1.06262
1,1.19024,1.06329
1,1.19224,1.06395
1,1.19424,1.06461
1,1.19624,1.06527
1,1.19824,1.06594
1,1.20024,1.0666
1,1.20224,1.06726
1,1.20424,1.06793
1,1.20624,1.06859
1,1.20824,1.06925
1,1.21024,1.06991
1,1.21224,1.07058
1,1.21424,1.07124
1,1.21624,1.0719
1,1.21824,1.07256
1,1.22024,1.07322
1,1.22224,1.07389
1,1.22424,1.07455
1,1.22625,1.07521
1,1.22825,1.07587
1,1.23025,1.07653
1,1.23225,1.07719
1,1.23425,1.07786
1,1.23625,1.07852
1,1.23825,1.07918
1,1.24025,1.07984
1,1.24225,1.0805
1,1.24425,1.08116
1,1.24625,1.08182
1,1.24825,1.08248
1,1.25025,1.08314
1,1.25225,1.0838
1,1.25425,1.08446
1,1.25625,1.08512
1,1.25825,1.08579
1,1.26025,1.08645
1,1.26225,1.08711
1,1.26425,1.08777
1,1.26625,1.08843
1,1.26825,1.08908
1,1.27025,1.08974
1,1.27225,1.0904
1,1.27425,1.09106
1,1.27626,1.09172
1,1.27826,1.09238
1,1.28026,1.09304
1,1.28226,1.0937
1,1.28426,1.09436
1,1.28626,1.09502
1,1.28826,1.09568
1,1.29026,1.09633
1,1.29226,1.09699
1,1.29426,1.09765
1,1.29626,1.09831
1,1.29826,1.09897
1,1.30026,1.09962
1,1.30226,1.10028
1,1.30426,1.10094
1,1.30626,1.1016
1,1.30826,1.10226
1,1.31026,1.10291
1,1.31226,1.10357
1,1.31426,1.10423
1,1.31626,1.10488
1,1.31826,1.10554
1,1.32026,1.1062
1,1.32226,1.10685
1,1.32426,1.10751
1,1.32627,1.10817
1,1.32827,1.10882
1,1.33027,1.10948
1,1.33227,1.11013
1,1.33427,1.11079
1,1.33627,1.11145
1,1.33827,1.1121
1,1.34027,1.11276
1,1.34227,1.11341
1,1.34427,1.11407
1,1.34627,1.11472
1,1.34827,1.11538
1,1.35027,1.11603
1,1.35227,1.11668
1,1.35427,1.11734
1,1.35627,1.11799
1,1.35827,1.11865
1,1.36027,1.1193
1,1.36227,1.11996
1,1.36427,1.12061
1,1.36627,1.12126
1,1.36827,1.12192
1,1.37027,1.12257
1,1.37227,1.12322
1,1.37427,1.12387
1,1.37628,1.12453
1,1.37828,1.12518
1,1.38028,1.12583
1,1.38228,1.12648
1,1.38428,1.12714
1,1.38628,1.12779
1,1.38828,1.12844
1,1.39028,1.12909
1,1.39228,1.12974
1,1.39428,1.13039
1,1.39628,1.13105
1,1.39828,1.1317
1,1.40028,1.13235
1,1.40228,1.133
1,1.40428,1.13365
1,1.40628,1.1343
1,1.40828,1.13495
1,1.41028,1.1356
1,1.41228,1.13625
1,1.41428,1.1369
1,1.41628,1.13755
1,1.41828,1.1382
1,1.42028,1.13885
1,1.42228,1.1395
1,1.42428,1.14014
1,1.42629,1.14079
1,1.42829,1.14144
1,1.43029,1.14209
1,1.43229,1.14274
1,1.43429,1.14339
1,1.43629,1.14403
1,1.43829,1.14468
1,1.44029,1.14533
1,1.44229,1.14598
1,1.44429,1.14662
1,1.44629,1.14727
1,1.44829,1.14792
1,1.45029,1.14856
1,1.45229,1.14921
1,1.45429,1.14986
1,1.45629,1.1505
1,1.45829,1.15115
1,1.46029,1.15179
1,1.46229,1.15244
1,1.46429,1.15308
1,1.46629,1.15373
1,1.46829,1.15437
1,1.47029,1.15502
1,1.47229,1.15566
1,1.47429,1.15631
1,1.4763,1.15695
1,1.4783,1.15759
1,1.4803,1.15824
1,1.4823,1.15888
1,1.4843,1.15953
1,1.4863,1.16017
1,1.4883,1.16081
1,1.4903,1.16145
1,1.4923,1.1621
1,1.4943,1.16274
1,1.4963,1.16338
1,1.4983,1.16402
1,1.5003,1.16466
1,1.5023,1.16531
1,1.5043,1.16595
1,1.5063,1.16659
1,1.5083,1.16723
1,1.5103,1.16787
1,1.5123,1.16851
1,1.5143,1.16915
1,1.5163,1.16979
1,1.5183,1.17043
1,1.5203,1.17107
1,1.5223,1.17171
1,1.5243,1.17235
1,1.52631,1.17299
1,1.52831,1.17362
1,1.53031,1.17426
1,1.53231,1.1749
1,1.53431,1.17554
1,1.53631,1.17618
1,1.53831,1.17681
1,1.54031,1.17745
1,1.54231,1.17809
1,1.54431,1.17873
1,1.54631,1.17936
1,1.54831,1.18
1,1.55031,1.18064
1,1.55231,1.18127
1,1.55431,1.18191
1,1.55631,1.18254
1,1.55831,1.18318
1,1.56031,1.18381
1,1.56231,1.18445
1,1.56431,1.18508
1,1.56631,1.18572
1,1.56831,1.18635
1,1.57031,1.18698
1,1.57231,1.18762
1,1.57431,1.18825
1,1.57632,1.18888
1,1.57832,1.18952
1,1.58032,1.19015
1,1.58232,1.19078
1,1.58432,1.19141
1,1.58632,1.19205
1,1.58832,1.19268
1,1.59032,1.19331
1,1.59232,1.19394
1,1.59432,1.19457
1,1.59632,1.1952
1,1.59832,1.19583
1,1.60032,1.19646
1,1.60232,1.19709
1,1.60432,1.19772
1,1.60632,1.19835
1,1.60832,1.19898
1,1.61032,1.19961
1,1.61232,1.20024
1,1.61432,1.20087
1,1.61632,1.2015
1,1.61832,1.20212
1,1.62032,1.20275
1,1.62232,1.20338
1,1.62432,1.20401
1,1.62633,1.20463
1,1.62833,1.20526
1,1.63033,1.20589
1,1.63233,1.20651
1,1.63433,1.20714
1,1.63633,1.20776
1,1.63833,1.20839
1,1.64033,1.20901
1,1.64233,1.20964
1,1.64433,1.21026
1,1.64633,1.21089
1,1.64833,1.21151
1,1.65033,1.21213
1,1.65233,1.21276
1,1.65433,1.21338
1,1.65633,1.214
1,1.65833,1.21462
1,1.66033,1.21525
1,1.66233,1.21587
1,1.66433,1.21649
1,1.66633,1.21711
1,1.66833,1.21773
1,1.67033,1.21835
1,1.67233,1.21897
1,1.67433,1.21959
1,1.67634,1.22021
1,1.67834,1.22083
1,1.68034,1.22145
1,1.68234,1.22207
1,1.68434,1.22269
1,1.68634,1.22331
1,1.68834,1.22393
1,1.69034,1.22455
1,1.69234,1.22516
1,1.69434,1.22578
1,1.69634,1.2264
1,1.69834,1.22701
1,1.70034,1.22763
1,1.70234,1.22825
1,1.70434,1.22886
1,1.70634,1.22948
1,1.70834,1.23009
1,1.71034,1.23071
1,1.71234,1.23132
1,1.71434,1.23194
1,1.71634,1.23255
1,1.71834,1.23316
1,1.72034,1.23378
1,1.72234,1.23439
1,1.72434,1.235
1,1.72635,1.23562
1,1.72835,1.23623
1,1.73035,1.23684
1,1.73235,1.23745
1,1.73435,1.23806
1,1.73635,1.23867
1,1.73835,1.23928
1,1.74035,1.23989
1,1.74235,1.2405
1,1.74435,1.24111
1,1.74635,1.24172
1,1.74835,1.24233
1,1.75035,1.24294
1,1.75235,1.24355
1,1.75435,1.24415
1,1.75635,1.24476
1,1.75835,1.24537
1,1.76035,1.24598
1,1.76235,1.24658
1,1.76435,1.24719
1,1.76635,1.24779
1,1.76835,1.2484
1,1.77035,1.24901
1,1.77235,1.24961
1,1.77435,1.25022
1,1.77636,1.25082
1,1.77836,1.25142
1,1.78036,1.25203
1,1.78236,1.25263
1,1.78436,1.25323
1,1.78636,1.25383
1,1.78836,1.25444
1,1.79036,1.25504
1,1.79236,1.25564
1,1.79436,1.25624
1,1.79636,1.25684
1,1.79836,1.25744
1,1.80036,1.25804
1,1.80236,1.25864
1,1.80436,1.25924
1,1.80636,1.25984
1,1.80836,1.26044
1,1.81036,1.26104
1,1.81236,1.26163
1,1.81436,1.26223
1,1.81636,1.26283
1,1.81836,1.26343
1,1.82036,1.26402
1,1.82236,1.26462
1,1.82436,1.26521
1,1.82637,1.26581
1,1.82837,1.2664
1,1.83037,1.267
1,1.83237,1.26759
1,1.83437,1.26819
1,1.83637,1.26878
1,1.83837,1.26937
1,1.84037,1.26997
1,1.84237,1.27056
1,1.84437,1.27115
1,1.84637,1.27174
1,1.84837,1.27233
1,1.85037,1.27292
1,1.85237,1.27351
1,1.85437,1.2741
1,1.85637,1.27469
1,1.85837,1.27528
1,1.86037,1.27587
1,1.86237,1.27646
1,1.86437,1.27705
1,1.86637,1.27764
1,1.86837,1.27822
1,1.87037,1.27881
1,1.87237,1.2794
1,1.87437,1.27998
1,1.87638,1.28057
1,1.87838,1.28116
1,1.88038,1.28174
1,1.88238,1.28232
1,1.88438,1.28291
1,1.88638,1.28349
1,1.88838,1.28408
1,1.89038,1.28466
1,1.89238,1.28524
1,1.89438,1.28582
1,1.89638,1.28641
1,1.89838,1.28699
1,1.90038,1.28757
1,1.90238,1.28815
1,1.90438,1.28873
1,1.90638,1.28931
1,1.90838,1.28989
1,1.91038,1.29047
1,1.91238,1.29104
1,1.91438,1.29162
1,1.91638,1.2922
1,1.91838,1.29278
1,1.92038,1.29335
1,1.92238,1.29393
1,1.92438,1.29451
1,1.92639,1.29508
1,1.92839,1.29566
1,1.93039,1.29623
1,1.93239,1.29681
1,1.93439,1.29738
1,1.93639,1.29795
1,1.93839,1.29853
1,1.94039,1.2991
1,1.94239,1.29967
1,1.94439,1.30024
1,1.94639,1.30081
1,1.94839,1.30138
1,1.95039,1.30195
1,1.95239,1.30252
1,1.95439,1.30309
1,1.95639,1.30366
1,1.95839,1.30423
1,1.96039,1.3048
1,1.96239,1.30537
1,1.96439,1.30593
1,1.96639,1.3065
1,1.96839,1.30707
1,1.97039,1.30763
1,1.97239,1.3082
1,1.97439,1.30876
1,1.9764,1.30933
1,1.9784,1.30989
1,1.9804,1.31045
1,1.9824,1.31102
1,1.9844,1.31158
1,1.9864,1.31214
1,1.9884,1.3127
1,1.9904,1.31326
1,1.9924,1.31383
1,1.9944,1.31439
1,1.9964,1.31495
1,1.9984,1.3155
1,2.0004,1.31606
1,2.0024,1.31662
1,2.0044,1.31718
1,2.0064,1.31774
1,2.0084,1.31829
1,2.0104,1.31885
1,2.0124,1.31941
1,2.0144,1.31996
1,2.0164,1.32052
1,2.0184,1.32107
1,2.0204,1.32163
1,2.0224,1.32218
1,2.0244,1.32273
1,2.02641,1.32328
1,2.02841,1.32384
1,2.03041,1.32439
1,2.03241,1.32494
1,2.03441,1.32549
1,2.03641,1.32604
1,2.03841,1.32659
1,2.04041,1.32714
1,2.04241,1.32769
1,2.04441,1.32824
1,2.04641,1.32878
1,2.04841,1.32933
1,2.05041,1.32988
1,2.05241,1.33042
1,2.05441,1.33097
1,2.05641,1.33151
1,2.05841,1.33206
1,2.06041,1.3326
1,2.06241,1.33315
1,2.06441,1.33369
1,2.06641,1.33423
1,2.06841,1.33477
1,2.07041,1.33531
1,2.07241,1.33586
1,2.07441,1.3364
1,2.07642,1.33694
1,2.07842,1.33748
1,2.08042,1.33801
1,2.08242,1.33855
1,2.08442,1.33909
1,2.08642,1.33963
1,2.08842,1.34016
1,2.09042,1.3407
1,2.09242,1.34124
1,2.09442,1.34177
1,2.09642,1.34231
1,2.09842,1.34284
1,2.10042,1.34337
1,2.10242,1.34391
1,2.10442,1.34444
1,2.10642,1.34497
1,2.10842,1.3455
1,2.11042,1.34603
1,2.11242,1.34656
1,2.11442,1.34709
1,2.11642,1.34762
1,2.11842,1.34815
1,2.12042,1.34868
1,2.12242,1.34921
1,2.12442,1.34973
1,2.12643,1.35026
1,2.12843,1.35079
1,2.13043,1.35131
1,2.13243,1.35184
1,2.13443,1.35236
1,2.13643,1.35288
1,2.13843,1.35341
1,2.14043,1.35393
1,2.14243,1.35445
1,2.14443,1.35497
1,2.14643,1.35549
1,2.14843,1.35601
1,2.15043,1.35653
1,2.15243,1.35705
1,2.15443,1.35757
1,2.15643,1.35809
1,2.15843,1.3586
1,2.16043,1.35912
1,2.16243,1.35964
1,2.16443,1.36015
1,2.16643,1.36067
1,2.16843,1.36118
1,2.17043,1.36169
1,2.17243,1.36221
1,2.17443,1.36272
1,2.17644,1.36323
1,2.17844,1.36374
1,2.18044,1.36425
1,2.18244,1.36476
1,2.18444,1.36527
1,2.18644,1.36578
1,2.18844,1.36629
1,2.19044,1.3668
1,2.19244,1.36731
1,2.19444,1.36781
1,2.19644,1.36832
1,2.19844,1.36882
1,2.20044,1.36933
1,2.20244,1.36983
1,2.20444,1.37034
1,2.20644,1.37084
1,2.20844,1.37134
1,2.21044,1.37184
1,2.21244,1.37234
1,2.21444,1.37284
1,2.21644,1.37334
1,2.21844,1.37384
1,2.22044,1.37434
1,2.22244,1.37484
1,2.22444,1.37533
1,2.22645,1.37583
1,2.22845,1.37633
1,2.23045,1.37682
1,2.23245,1.37732
1,2.23445,1.37781
1,2.23645,1.3783
1,2.23845,1.3788
1,2.24045,1.37929
1,2.24245,1.37978
1,2.24445,1.38027
1,2.24645,1.38076
1,2.24845,1.38125
1,2.25045,1.38174
1,2.25245,1.38223
1,2.25445,1.38271
1,2.25645,1.3832
1,2.25845,1.38368
1,2.26045,1.38417
1,2.26245,1.38465
1,2.26445,1.38514
1,2.26645,1.38562
1,2.26845,1.3861
1,2.27045,1.38659
1,2.27245,1.38707
1,2.27445,1.38755
1,2.27646,1.38803
1,2.27846,1.38851
1,2.28046,1.38899
1,2.28246,1.38946
1,2.28446,1.38994
1,2.28646,1.39042
1,2.28846,1.39089
1,2.29046,1.39137
1,2.29246,1.39184
1,2.29446,1.39232
1,2.29646,1.39279
1,2.29846,1.39326
1,2.30046,1.39373
1,2.30246,1.3942
1,2.30446,1.39467
1,2.30646,1.39514
1,2.30846,1.39561
1,2.31046,1.39608
1,2.31246,1.39655
1,2.31446,1.39702
1,2.31646,1.39748
1,2.31846,1.39795
1,2.32046,1.39841
1,2.32246,1.39887
1,2.32446,1.39934
1,2.32647,1.3998
1,2.32847,1.40026
1,2.33047,1.40072
1,2.33247,1.40118
1,2.33447,1.40164
1,2.33647,1.4021
1,2.33847,1.40256
1,2.34047,1.40302
1,2.34247,1.40347
1,2.34447,1.40393
1,2.34647,1.40438
1,2.34847,1.40484
1,2.35047,1.40529
1,2.35247,1.40574
1,2.35447,1.4062
1,2.35647,1.40665
1,2.35847,1.4071
1,2.36047,1.40755
1,2.36247,1.408
1,2.36447,1.40844
1,2.36647,1.40889
1,2.36847,1.40934
1,2.37047,1.40978
1,2.37247,1.41023
1,2.37447,1.41067
1,2.37648,1.41112
1,2.37848,1.41156
1,2.38048,1.412
1,2.38248,1.41244
1,2.38448,1.41288
1,2.38648,1.41332
1,2.38848,1.41376
1,2.39048,1.4142
1,2.39248,1.41464
1,2.39448,1.41507
1,2.39648,1.41551
1,2.39848,1.41594
1,2.40048,1.41638
1,2.40248,1.41681
1,2.40448,1.41724
1,2.40648,1.41768
1,2.40848,1.41811
1,2.41048,1.41854
1,2.41248,1.41897
1,2.41448,1.41939
1,2.41648,1.41982
1,2.41848,1.42025
1,2.42048,1.42068
1,2.42248,1.4211
1,2.42448,1.42152
1,2.42649,1.42195
1,2.42849,1.42237
1,2.43049,1.42279
1,2.43249,1.42321
1,2.43449,1.42363
1,2.43649,1.42405
1,2.43849,1.42447
1,2.44049,1.42489
1,2.44249,1.42531
1,2.44449,1.42572
1,2.44649,1.42614
1,2.44849,1.42655
1,2.45049,1.42697
1,2.45249,1.42738
1,2.45449,1.42779
1,2.45649,1.4282
1,2.45849,1.42861
1,2.46049,1.42902
1,2.46249,1.42943
1,2.46449,1.42984
1,2.46649,1.43024
1,2.46849,1.43065
1,2.47049,1.43105
1,2.47249,1.43146
1,2.47449,1.43186
1,2.4765,1.43226
1,2.4785,1.43266
1,2.4805,1.43306
1,2.4825,1.43346
1,2.4845,1.43386
1,2.4865,1.43426
1,2.4885,1.43466
1,2.4905,1.43505
1,2.4925,1.43545
1,2.4945,1.43584
1,2.4965,1.43623
1,2.4985,1.43663
1,2.5005,1.43702
1,2.5025,1.43741
1,2.5045,1.4378
1,2.5065,1.43819
1,2.5085,1.43858
1,2.5105,1.43896
1,2.5125,1.43935
1,2.5145,1.43973
1,2.5165,1.44012
1,2.5185,1.4405
1,2.5205,1.44088
1,2.5225,1.44126
1,2.5245,1.44164
1,2.52651,1.44202
1,2.52851,1.4424
1,2.53051,1.44278
1,2.53251,1.44316
1,2.53451,1.44353
1,2.53651,1.44391
1,2.53851,1.44428
1,2.54051,1.44465
1,2.54251,1.44503
1,2.54451,1.4454
1,2.54651,1.44577
1,2.54851,1.44613
1,2.55051,1.4465
1,2.55251,1.44687
1,2.55451,1.44724
1,2.55651,1.4476
1,2.55851,1.44796
1,2.56051,1.44833
1,2.56251,1.44869
1,2.56451,1.44905
1,2.56651,1.44941
1,2.56851,1.44977
1,2.57051,1.45013
1,2.57251,1.45049
1,2.57451,1.45084
1,2.57652,1.4512
1,2.57852,1.45155
1,2.58052,1.4519
1,2.58252,1.45226
1,2.58452,1.45261
1,2.58652,1.45296
1,2.58852,1.45331
1,2.59052,1.45365
1,2.59252,1.454
1,2.59452,1.45435
1,2.59652,1.45469
1,2.59852,1.45504
1,2.60052,1.45538
1,2.60252,1.45572
1,2.60452,1.45606
1,2.60652,1.4564
1,2.60852,1.45674
1,2.61052,1.45708
1,2.61252,1.45741
1,2.61452,1.45775
1,2.61652,1.45808
1,2.61852,1.45842
1,2.62052,1.45875
1,2.62252,1.45908
1,2.62452,1.45941
1,2.62653,1.45974
1,2.62853,1.46007
1,2.63053,1.4604
1,2.63253,1.46072
1,2.63453,1.46105
1,2.63653,1.46137
1,2.63853,1.46169
1,2.64053,1.46201
1,2.64253,1.46234
1,2.64453,1.46265
1,2.64653,1.46297
1,2.64853,1.46329
1,2.65053,1.46361
1,2.65253,1.46392
1,2.65453,1.46424
1,2.65653,1.46455
1,2.65853,1.46486
1,2.66053,1.46517
1,2.66253,1.46548
1,2.66453,1.46579
1,2.66653,1.46609
1,2.66853,1.4664
1,2.67053,1.46671
1,2.67253,1.46701
1,2.67453,1.46731
1,2.67654,1.46761
1,2.67854,1.46791
1,2.68054,1.46821
1,2.68254,1.46851
1,2.68454,1.46881
1,2.68654,1.4691
1,2.68854,1.4694
1,2.69054,1.46969
1,2.69254,1.46998
1,2.69454,1.47027
1,2.69654,1.47056
1,2.69854,1.47085
1,2.70054,1.47114
1,2.70254,1.47143
1,2.70454,1.47171
1,2.70654,1.472
1,2.70854,1.47228
1,2.71054,1.47256
1,2.71254,1.47284
1,2.71454,1.47312
1,2.71654,1.4734
1,2.71854,1.47367
1,2.72054,1.47395
1,2.72254,1.47422
1,2.72454,1.4745
1,2.72655,1.47477
1,2.72855,1.47504
1,2.73055,1.47531
1,2.73255,1.47558
1,2.73455,1.47584
1,2.73655,1.47611
1,2.73855,1.47637
1,2.74055,1.47664
1,2.74255,1.4769
1,2.74455,1.47716
1,2.74655,1.47742
1,2.74855,1.47768
1,2.75055,1.47793
1,2.75255,1.47819
1,2.75455,1.47844
1,2.75655,1.4787
1,2.75855,1.47895
1,2.76055,1.4792
1,2.76255,1.47945
1,2.76455,1.4797
1,2.76655,1.47994
1,2.76855,1.48019
1,2.77055,1.48043
1,2.77255,1.48067
1,2.77455,1.48092
1,2.77656,1.48116
1,2.77856,1.4814
1,2.78056,1.48163
1,2.78256,1.48187
1,2.78456,1.4821
1,2.78656,1.48234
1,2.78856,1.48257
1,2.79056,1.4828
1,2.79256,1.48303
1,2.79456,1.48326
1,2.79656,1.48348
1,2.79856,1.48371
1,2.80056,1.48393
1,2.80256,1.48416
1,2.80456,1.48438
1,2.80656,1.4846
1,2.80856,1.48482
1,2.81056,1.48503
1,2.81256,1.48525
1,2.81456,1.48546
1,2.81656,1.48568
1,2.81856,1.48589
1,2.82056,1.4861
1,2.82256,1.48631
1,2.82456,1.48652
1,2.82657,1.48672
1,2.82857,1.48693
1,2.83057,1.48713
1,2.83257,1.48733
1,2.83457,1.48753
1,2.83657,1.48773
1,2.83857,1.48793
1,2.84057,1.48813
1,2.84257,1.48832
1,2.84457,1.48851
1,2.84657,1.48871
1,2.84857,1.4889
1,2.85057,1.48909
1,2.85257,1.48927
1,2.85457,1.48946
1,2.85657,1.48964
1,2.85857,1.48983
1,2.86057,1.49001
1,2.86257,1.49019
1,2.86457,1.49037
1,2.86657,1.49055
1,2.86857,1.49072
1,2.87057,1.4909
1,2.87257,1.49107
1,2.87457,1.49124
1,2.87658,1.49141
1,2.87858,1.49158
1,2.88058,1.49174
1,2.88258,1.49191
1,2.88458,1.49207
1,2.88658,1.49224
1,2.88858,1.4924
1,2.89058,1.49256
1,2.89258,1.49271
1,2.89458,1.49287
1,2.89658,1.49302
1,2.89858,1.49318
1,2.90058,1.49333
1,2.90258,1.49348
1,2.90458,1.49363
1,2.90658,1.49377
1,2.90858,1.49392
1,2.91058,1.49406
1,2.91258,1.4942
1,2.91458,1.49434
1,2.91658,1.49448
1,2.91858,1.49462
1,2.92058,1.49475
1,2.92258,1.49489
1,2.92458,1.49502
1,2.92659,1.49515
1,2.92859,1.49528
1,2.93059,1.49541
1,2.93259,1.49553
1,2.93459,1.49566
1,2.93659,1.49578
1,2.93859,1.4959
1,2.94059,1.49602
1,2.94259,1.49614
1,2.94459,1.49626
1,2.94659,1.49637
1,2.94859,1.49648
1,2.95059,1.49659
1,2.95259,1.4967
1,2.95459,1.49681
1,2.95659,1.49692
1,2.95859,1.49702
1,2.96059,1.49712
1,2.96259,1.49722
1,2.96459,1.49732
1,2.96659,1.49742
1,2.96859,1.49752
1,2.97059,1.49761
1,2.97259,1.4977
1,2.97459,1.49779
1,2.9766,1.49788
1,2.9786,1.49797
1,2.9806,1.49805
1,2.9826,1.49814
1,2.9846,1.49822
1,2.9866,1.4983
1,2.9886,1.49838
1,2.9906,1.49845
1,2.9926,1.49853
1,2.9946,1.4986
1,2.9966,1.49867
1,2.9986,1.49874
1,3.0006,1.49881
1,3.0026,1.49888
1,3.0046,1.49894
1,3.0066,1.499
1,3.0086,1.49906
1,3.0106,1.49912
1,3.0126,1.49918
1,3.0146,1.49923
1,3.0166,1.49929
1,3.0186,1.49934
1,3.0206,1.49939
1,3.0226,1.49943
1,3.0246,1.49948
1,3.02661,1.49952
1,3.02861,1.49956
1,3.03061,1.4996
1,3.03261,1.49964
1,3.03461,1.49968
1,3.03661,1.49971
1,3.03861,1.49975
1,3.04061,1.49978
1,3.04261,1.4998
1,3.04461,1.49983
1,3.04661,1.49986
1,3.04861,1.49988
1,3.05061,1.4999
1,3.05261,1.49992
1,3.05461,1.49994
1,3.05661,1.49995
1,3.05861,1.49996
1,3.06061,1.49997
1,3.06261,1.49998
1,3.06461,1.49999
1,3.06661,1.5
1,3.06861,1.5
1,3.07061,1.5
1,3.07261,1.5
1,3.07461,1.5
1,3.07662,1.49999
1,3.07862,1.49999
1,3.08062,1.49998
1,3.08262,1.49997
1,3.08462,1.49995
1,3.08662,1.49994
1,3.08862,1.49992
1,3.09062,1.4999
1,3.09262,1.49988
1,3.09462,1.49986
1,3.09662,1.49983
1,3.09862,1.4998
1,3.10062,1.49977
1,3.10262,1.49974
1,3.10462,1.49971
1,3.10662,1.49967
1,3.10862,1.49964
1,3.11062,1.4996
1,3.11262,1.49955
1,3.11462,1.49951
1,3.11662,1.49946
1,3.11862,1.49941
1,3.12062,1.49936
1,3.12262,1.49931
1,3.12462,1.49926
1,3.12663,1.4992
1,3.12863,1.49914
1,3.13063,1.49908
1,3.13263,1.49901
1,3.13463,1.49895
1,3.13663,1.49888
1,3.13863,1.49881
1,3.14063,1.49874
1,3.14263,1.49866
1,3.14463,1.49859
1,3.14663,1.49851
1,3.14863,1.49842
1,3.15063,1.49834
1,3.15263,1.49825
1,3.15463,1.49817
1,3.15663,1.49808
1,3.15863,1.49798
1,3.16063,1.49789
1,3.16263,1.49779
1,3.16463,1.49769
1,3.16663,1.49759
1,3.16863,1.49748
1,3.17063,1.49738
1,3.17263,1.49727
1,3.17463,1.49716
1,3.17664,1.49704
1,3.17864,1.49693
1,3.18064,1.49681
1,3.18264,1.49669
1,3.18464,1.49657
1,3.18664,1.49644
1,3.18864,1.49631
1,3.19064,1.49618
1,3.19264,1.49605
1,3.19464,1.49591
1,3.19664,1.49578
1,3.19864,1.49564
1,3.20064,1.49549
1,3.20264,1.49535
1,3.20464,1.4952
1,3.20664,1.49505
1,3.20864,1.4949
1,3.21064,1.49475
1,3.21264,1.49459
1,3.21464,1.49443
1,3.21664,1.49427
1,3.21864,1.4941
1,3.22064,1.49393
1,3.22264,1.49376
1,3.22464,1.49359
1,3.22665,1.49342
1,3.22865,1.49324
1,3.23065,1.49306
1,3.23265,1.49288
1,3.23465,1.49269
1,3.23665,1.49251
1,3.23865,1.49232
1,3.24065,1.49212
1,3.24265,1.49193
1,3.24465,1.49173
1,3.24665,1.49153
1,3.24865,1.49133
1,3.25065,1.49112
1,3.25265,1.49091
1,3.25465,1.4907
1,3.25665,1.49049
1,3.25865,1.49027
1,3.26065,1.49005
1,3.26265,1.48983
1,3.26465,1.48961
1,3.26665,1.48938
1,3.26865,1.48915
1,3.27065,1.48892
1,3.27265,1.48868
1,3.27465,1.48844
1,3.27666,1.4882
1,3.27866,1.48796
1,3.28066,1.48771
1,3.28266,1.48746
1,3.28466,1.48721
1,3.28666,1.48696
1,3.28866,1.4867
1,3.29066,1.48644
1,3.29266,1.48618
1,3.29466,1.48591
1,3.29666,1.48564
1,3.29866,1.48537
1,3.30066,1.48509
1,3.30266,1.48482
1,3.30466,1.48454
1,3.30666,1.48425
1,3.30866,1.48397
1,3.31066,1.48368
1,3.31266,1.48339
1,3.31466,1.48309
1,3.31666,1.4828
1,3.31866,1.4825
1,3.32066,1.48219
1,3.32266,1.48189
1,3.32466,1.48158
1,3.32667,1.48126
1,3.32867,1.48095
1,3.33067,1.48063
1,3.33267,1.48031
1,3.33467,1.47998
1,3.33667,1.47966
1,3.33867,1.47933
1,3.34067,1.47899
1,3.34267,1.47866
1,3.34467,1.47832
1,3.34667,1.47797
1,3.34867,1.47763
1,3.35067,1.47728
1,3.35267,1.47693
1,3.35467,1.47657
1,3.35667,1.47622
1,3.35867,1.47585
1,3.36067,1.47549
1,3.36267,1.47512
1,3.36467,1.47475
1,3.36667,1.47438
1,3.36867,1.474
1,3.37067,1.47362
1,3.37267,1.47324
1,3.37467,1.47285
1,3.37668,1.47246
1,3.37868,1.47207
1,3.38068,1.47167
1,3.38268,1.47127
1,3.38468,1.47087
1,3.38668,1.47046
1,3.38868,1.47005
1,3.39068,1.46964
1,3.39268,1.46922
1,3.39468,1.46881
1,3.39668,1.46838
1,3.39868,1.46796
1,3.40068,1.46753
1,3.40268,1.46709
1,3.40468,1.46666
1,3.40668,1.46622
1,3.40868,1.46578
1,3.41068,1.46533
1,3.41268,1.46488
1,3.41468,1.46443
1,3.41668,1.46397
1,3.41868,1.46351
1,3.42068,1.46305
1,3.42268,1.46258
1,3.42468,1.46211
1,3.42669,1.46164
1,3.42869,1.46116
1,3.43069,1.46068
1,3.43269,1.46019
1,3.43469,1.45971
1,3.43669,1.45921
1,3.43869,1.45872
1,3.44069,1.45822
1,3.44269,1.45772
1,3.44469,1.45721
1,3.44669,1.4567
1,3.44869,1.45619
1,3.45069,1.45567
1,3.45269,1.45515
1,3.45469,1.45463
1,3.45669,1.4541
1,3.45869,1.45357
1,3.46069,1.45304
1,3.46269,1.4525
1,3.46469,1.45195
1,3.46669,1.45141
1,3.46869,1.45086
1,3.47069,1.4503
1,3.47269,1.44975
1,3.47469,1.44919
1,3.4767,1.44862
1,3.4787,1.44805
1,3.4807,1.44748
1,3.4827,1.4469
1,3.4847,1.44632
1,3.4867,1.44574
1,3.4887,1.44515
1,3.4907,1.44456
1,3.4927,1.44396
1,3.4947,1.44336
1,3.4967,1.44276
1,3.4987,1.44215
1,3.5007,1.44154
1,3.5027,1.44093
1,3.5047,1.44031
1,3.5067,1.43969
1,3.5087,1.43906
1,3.5107,1.43843
1,3.5127,1.43779
1,3.5147,1.43715
1,3.5167,1.43651
1,3.5187,1.43586
1,3.5207,1.43521
1,3.5227,1.43456
1,3.5247,1.4339
1,3.52671,1.43323
1,3.52871,1.43257
1,3.53071,1.43189
1,3.53271,1.43122
1,3.53471,1.43054
1,3.53671,1.42985
1,3.53871,1.42917
1,3.54071,1.42847
1,3.54271,1.42778
1,3.54471,1.42708
1,3.54671,1.42637
1,3.54871,1.42566
1,3.55071,1.42495
1,3.55271,1.42423
1,3.55471,1.42351
1,3.55671,1.42278
1,3.55871,1.42205
1,3.56071,1.42132
1,3.56271,1.42058
1,3.56471,1.41983
1,3.56671,1.41909
1,3.56871,1.41833
1,3.57071,1.41758
1,3.57271,1.41682
1,3.57471,1.41605
1,3.57672,1.41528
1,3.57872,1.41451
1,3.58072,1.41373
1,3.58272,1.41294
1,3.58472,1.41216
1,3.58672,1.41136
1,3.58872,1.41057
1,3.59072,1.40977
1,3.59272,1.40896
1,3.59472,1.40815
1,3.59672,1.40734
1,3.59872,1.40652
1,3.60072,1.40569
1,3.60272,1.40486
1,3.60472,1.40403
1,3.60672,1.40319
1,3.60872,1.40235
1,3.61072,1.4015
1,3.61272,1.40065
1,3.61472,1.3998
1,3.61672,1.39894
1,3.61872,1.39807
1,3.62072,1.3972
1,3.62272,1.39632
1,3.62472,1.39545
1,3.62673,1.39456
1,3.62873,1.39367
1,3.63073,1.39278
1,3.63273,1.39188
1,3.63473,1.39098
1,3.63673,1.39007
1,3.63873,1.38915
1,3.64073,1.38824
1,3.64273,1.38731
1,3.64473,1.38639
1,3.64673,1.38545
1,3.64873,1.38452
1,3.65073,1.38357
1,3.65273,1.38263
1,3.65473,1.38167
1,3.65673,1.38072
1,3.65873,1.37976
1,3.66073,1.37879
1,3.66273,1.37782
1,3.66473,1.37684
1,3.66673,1.37586
1,3.66873,1.37487
1,3.67073,1.37388
1,3.67273,1.37288
1,3.67473,1.37188
1,3.67674,1.37088
1,3.67874,1.36986
1,3.68074,1.36885
1,3.68274,1.36782
1,3.68474,1.3668
1,3.68674,1.36576
1,3.68874,1.36473
1,3.69074,1.36369
1,3.69274,1.36264
1,3.69474,1.36158
1,3.69674,1.36053
1,3.69874,1.35946
1,3.70074,1.3584
1,3.70274,1.35732
1,3.70474,1.35624
1,3.70674,1.35516
1,3.70874,1.35407
1,3.71074,1.35298
1,3.71274,1.35188
1,3.71474,1.35077
1,3.71674,1.34966
1,3.71874,1.34855
1,3.72074,1.34743
1,3.72274,1.3463
1,3.72474,1.34517
1,3.72675,1.34403
1,3.72875,1.34289
1,3.73075,1.34174
1,3.73275,1.34059
1,3.73475,1.33943
1,3.73675,1.33827
1,3.73875,1.3371
1,3.74075,1.33593
1,3.74275,1.33475
1,3.74475,1.33356
1,3.74675,1.33237
1,3.74875,1.33118
1,3.75075,1.32998
1,3.75275,1.32877
1,3.75475,1.32756
1,3.75675,1.32634
1,3.75875,1.32512
1,3.76075,1.32389
1,3.76275,1.32266
1,3.76475,1.32142
1,3.76675,1.32017
1,3.76875,1.31892
1,3.77075,1.31767
1,3.77275,1.31641
1,3.77475,1.31514
1,3.77676,1.31387
1,3.77876,1.31259
1,3.78076,1.31131
1,3.78276,1.31002
1,3.78476,1.30872
1,3.78676,1.30742
1,3.78876,1.30612
1,3.79076,1.30481
1,3.79276,1.30349
1,3.79476,1.30217
1,3.79676,1.30084
1,3.79876,1.29951
1,3.80076,1.29817
1,3.80276,1.29683
1,3.80476,1.29548
1,3.80676,1.29412
1,3.80876,1.29276
1,3.81076,1.29139
1,3.81276,1.29002
1,3.81476,1.28865
1,3.81676,1.28726
1,3.81876,1.28587
1,3.82076,1.28448
1,3.82276,1.28308
1,3.82476,1.28167
1,3.82677,1.28026
1,3.82877,1.27885
1,3.83077,1.27742
1,3.83277,1.276
1,3.83477,1.27456
1,3.83677,1.27312
1,3.83877,1.27168
1,3.84077,1.27023
1,3.84277,1.26877
1,3.84477,1.26731
1,3.84677,1.26585
1,3.84877,1.26437
1,3.85077,1.2629
1,3.85277,1.26141
1,3.85477,1.25993
1,3.85677,1.25843
1,3.85877,1.25693
1,3.86077,1.25543
1,3.86277,1.25391
1,3.86477,1.2524
1,3.86677,1.25088
1,3.86877,1.24935
1,3.87077,1.24782
1,3.87277,1.24628
1,3.87477,1.24473
1,3.87678,1.24318
1,3.87878,1.24163
1,3.88078,1.24007
1,3.88278,1.2385
1,3.88478,1.23693
1,3.88678,1.23536
1,3.88878,1.23377
1,3.89078,1.23219
1,3.89278,1.23059
1,3.89478,1.229
1,3.89678,1.22739
1,3.89878,1.22578
1,3.90078,1.22417
1,3.90278,1.22255
1,3.90478,1.22093
1,3.90678,1.2193
1,3.90878,1.21766
1,3.91078,1.21602
1,3.91278,1.21438
1,3.91478,1.21273
1,3.91678,1.21107
1,3.91878,1.20941
1,3.92078,1.20774
1,3.92278,1.20607
1,3.92478,1.20439
1,3.92679,1.20271
1,3.92879,1.20103
1,3.93079,1.19934
1,3.93279,1.19764
1,3.93479,1.19594
1,3.93679,1.19423
1,3.93879,1.19252
1,3.94079,1.1908
1,3.94279,1.18908
1,3.94479,1.18735
1,3.94679,1.18562
1,3.94879,1.18389
1,3.95079,1.18215
1,3.95279,1.1804
1,3.95479,1.17865
1,3.95679,1.1769
1,3.95879,1.17514
1,3.96079,1.17337
1,3.96279,1.1716
1,3.96479,1.16983
1,3.96679,1.16805
1,3.96879,1.16627
1,3.97079,1.16448
1,3.97279,1.16269
1,3.97479,1.16089
1,3.9768,1.15909
1,3.9788,1.15729
1,3.9808,1.15548
1,3.9828,1.15366
1,3.9848,1.15185
1,3.9868,1.15002
1,3.9888,1.1482
1,3.9908,1.14637
1,3.9928,1.14453
1,3.9948,1.14269
1,3.9968,1.14085
1,3.9988,1.139
1,4.0008,1.13715
1,4.0028,1.1353
1,4.0048,1.13344
1,4.0068,1.13158
1,4.0088,1.12971
1,4.0108,1.12784
1,4.0128,1.12597
1,4.0148,1.12409
1,4.0168,1.12221
1,4.0188,1.12033
1,4.0208,1.11844
1,4.0228,1.11655
1,4.0248,1.11465
1,4.02681,1.11275
1,4.02881,1.11085
1,4.03081,1.10895
1,4.03281,1.10704
1,4.03481,1.10513
1,4.03681,1.10321
1,4.03881,1.1013
1,4.04081,1.09938
1,4.04281,1.09745
1,4.04481,1.09553
1,4.04681,1.0936
1,4.04881,1.09166
1,4.05081,1.08973
1,4.05281,1.08779
1,4.05481,1.08585
1,4.05681,1.08391
1,4.05881,1.08196
1,4.06081,1.08001
1,4.06281,1.07806
1,4.06481,1.07611
1,4.06681,1.07415
1,4.06881,1.0722
1,4.07081,1.07024
1,4.07281,1.06828
1,4.07481,1.06631
1,4.07682,1.06434
1,4.07882,1.06238
1,4.08082,1.06041
1,4.08282,1.05843
1,4.08482,1.05646
1,4.08682,1.05448
1,4.08882,1.05251
1,4.09082,1.05053
1,4.09282,1.04855
1,4.09482,1.04656
1,4.09682,1.04458
1,4.09882,1.0426
1,4.10082,1.04061
1,4.10282,1.03862
1,4.10482,1.03663
1,4.10682,1.03464
1,4.10882,1.03265
1,4.11082,1.03066
1,4.11282,1.02867
1,4.11482,1.02667
1,4.11682,1.02468
1,4.11882,1.02268
1,4.12082,1.02068
1,4.12282,1.01869
1,4.12482,1.01669
1,4.12683,1.01469
1,4.12883,1.01269
1,4.13083,1.01069
1,4.13283,1.00869
1,4.13483,1.00669
1,4.13683,1.00469
1,4.13883,1.00269
1,4.14083,1.00069
1,4.14283,0.998693
1,4.14483,0.996693
1,4.14683,0.994693
1,4.14883,0.992693
1,4.15083,0.990693
1,4.15283,0.988694
1,4.15483,0.986695
1,4.15683,0.984696
1,4.15883,0.982698
1,4.16083,0.9807
1,4.16283,0.978703
1,4.16483,0.976707
1,4.16683,0.974712
1,4.16883,0.972717
1,4.17083,0.970723
1,4.17283,0.96873
1,4.17483,0.966738
1,4.17684,0.964747
1,4.17884,0.962758
1,4.18084,0.960769
1,4.18284,0.958782
1,4.18484,0.956796
1,4.18684,0.954811
1,4.18884,0.952828
1,4.19084,0.950846
1,4.19284,0.948866
1,4.19484,0.946888
1,4.19684,0.944911
1,4.19884,0.942936
1,4.20084,0.940962
1,4.20284,0.938991
1,4.20484,0.937021
1,4.20684,0.935054
1,4.20884,0.933088
1,4.21084,0.931124
1,4.21284,0.929163
1,4.21484,0.927204
1,4.21684,0.925247
1,4.21884,0.923293
1,4.22084,0.92134
1,4.22284,0.919391
1,4.22484,0.917443
1,4.22685,0.915498
1,4.22885,0.913556
1,4.23085,0.911617
1,4.23285,0.90968
1,4.23485,0.907746
1,4.23685,0.905815
1,4.23885,0.903886
1,4.24085,0.901961
1,4.24285,0.900038
1,4.24485,0.898119
1,4.24685,0.896202
1,4.24885,0.894289
1,4.25085,0.892379
1,4.25285,0.890472
1,4.25485,0.888568
1,4.25685,0.886668
1,4.25885,0.884771
1,4.26085,0.882877
1,4.26285,0.880987
1,4.26485,0.8791
1,4.26685,0.877217
1,4.26885,0.875338
1,4.27085,0.873462
1,4.27285,0.87159
1,4.27485,0.869721
1,4.27686,0.867856
1,4.27886,0.865995
1,4.28086,0.864138
1,4.28286,0.862285
1,4.28486,0.860436
1,4.28686,0.858591
1,4.28886,0.856749
1,4.29086,0.854912
1,4.29286,0.853079
1,4.29486,0.85125
1,4.29686,0.849425
1,4.29886,0.847605
1,4.30086,0.845788
1,4.30286,0.843976
1,4.30486,0.842169
1,4.30686,0.840365
1,4.30886,0.838566
1,4.31086,0.836771
1,4.31286,0.834981
1,4.31486,0.833196
1,4.31686,0.831414
1,4.31886,0.829638
1,4.32086,0.827866
1,4.32286,0.826098
1,4.32486,0.824336
1,4.32687,0.822578
1,4.32887,0.820824
1,4.33087,0.819075
1,4.33287,0.817332
1,4.33487,0.815592
1,4.33687,0.813858
1,4.33887,0.812129
1,4.34087,0.810404
1,4.34287,0.808684
1,4.34487,0.806969
1,4.34687,0.80526
1,4.34887,0.803555
1,4.35087,0.801855
1,4.35287,0.80016
1,4.35487,0.79847
1,4.35687,0.796785
1,4.35887,0.795105
1,4.36087,0.793431
1,4.36287,0.791761
1,4.36487,0.790097
1,4.36687,0.788437
1,4.36887,0.786783
1,4.37087,0.785134
1,4.37287,0.783491
1,4.37487,0.781852
1,4.37688,0.780219
1,4.37888,0.778591
1,4.38088,0.776968
1,4.38288,0.775351
1,4.38488,0.773739
1,4.38688,0.772132
1,4.38888,0.77053
1,4.39088,0.768934
1,4.39288,0.767344
1,4.39488,0.765758
1,4.39688,0.764178
1,4.39888,0.762604
1,4.40088,0.761034
1,4.40288,0.759471
1,4.40488,0.757912
1,4.40688,0.75636
1,4.40888,0.754812
1,4.41088,0.75327
1,4.41288,0.751734
1,4.41488,0.750203
1,4.41688,0.748677
1,4.41888,0.747157
1,4.42088,0.745642
1,4.42288,0.744133
1,4.42488,0.74263
1,4.42689,0.741132
1,4.42889,0.739639
1,4.43089,0.738152
1,4.43289,0.736671
1,4.43489,0.735195
1,4.43689,0.733725
1,4.43889,0.73226
1,4.44089,0.730801
1,4.44289,0.729347
1,4.44489,0.727899
1,4.44689,0.726457
1,4.44889,0.72502
1,4.45089,0.723588
1,4.45289,0.722162
1,4.45489,0.720742
1,4.45689,0.719327
1,4.45889,0.717918
1,4.46089,0.716515
1,4.46289,0.715117
1,4.46489,0.713725
1,4.46689,0.712338
1,4.46889,0.710956
1,4.47089,0.709581
1,4.47289,0.708211
1,4.47489,0.706846
1,4.4769,0.705487
1,4.4789,0.704134
1,4.4809,0.702786
1,4.4829,0.701444
1,4.4849,0.700107
1,4.4869,0.698776
1,4.4889,0.69745
1,4.4909,0.69613
1,4.4929,0.694816
1,4.4949,0.693507
1,4.4969,0.692203
1,4.4989,0.690906
1,4.5009,0.689613
1,4.5029,0.688326
1,4.5049,0.687045
1,4.5069,0.685769
1,4.5089,0.684499
1,4.5109,0.683234
1,4.5129,0.681975
1,4.5149,0.680721
1,4.5169,0.679473
1,4.5189,0.67823
1,4.5209,0.676993
1,4.5229,0.675761
1,4.5249,0.674534
1,4.52691,0.673313
1,4.52891,0.672098
1,4.53091,0.670888
1,4.53291,0.669683
1,4.53491,0.668484
1,4.53691,0.66729
1,4.53891,0.666102
1,4.54091,0.664919
1,4.54291,0.663741
1,4.54491,0.662569
1,4.54691,0.661402
1,4.54891,0.66024
1,4.55091,0.659084
1,4.55291,0.657933
1,4.55491,0.656788
1,4.55691,0.655648
1,4.55891,0.654513
1,4.56091,0.653383
1,4.56291,0.652259
1,4.56491,0.65114
1,4.56691,0.650027
1,4.56891,0.648918
1,4.57091,0.647815
1,4.57291,0.646717
1,4.57491,0.645625
1,4.57692,0.644537
1,4.57892,0.643455
1,4.58092,0.642378
1,4.58292,0.641306
1,4.58492,0.64024
1,4.58692,0.639178
1,4.58892,0.638122
1,4.59092,0.637071
1,4.59292,0.636025
1,4.59492,0.634984
1,4.59692,0.633948
1,4.59892,0.632918
1,4.60092,0.631892
1,4.60292,0.630872
1,4.60492,0.629856
1,4.60692,0.628846
1,4.60892,0.627841
1,4.61092,0.62684
1,4.61292,0.625845
1,4.61492,0.624855
1,4.61692,0.62387
1,4.61892,0.62289
1,4.62092,0.621915
1,4.62292,0.620944
1,4.62492,0.619979
1,4.62693,0.619019
1,4.62893,0.618063
1,4.63093,0.617113
1,4.63293,0.616167
1,4.63493,0.615227
1,4.63693,0.614291
1,4.63893,0.61336
1,4.64093,0.612434
1,4.64293,0.611512
1,4.64493,0.610596
1,4.64693,0.609684
1,4.64893,0.608778
1,4.65093,0.607876
1,4.65293,0.606978
1,4.65493,0.606086
1,4.65693,0.605198
1,4.65893,0.604315
1,4.66093,0.603437
1,4.66293,0.602564
1,4.66493,0.601695
1,4.66693,0.600831
1,4.66893,0.599971
1,4.67093,0.599116
1,4.67293,0.598266
1,4.67493,0.597421
1,4.67694,0.59658
1,4.67894,0.595744
1,4.68094,0.594912
1,4.68294,0.594085
1,4.68494,0.593263
1,4.68694,0.592445
1,4.68894,0.591631
1,4.69094,0.590823
1,4.69294,0.590018
1,4.69494,0.589218
1,4.69694,0.588423
1,4.69894,0.587632
1,4.70094,0.586846
1,4.70294,0.586064
1,4.70494,0.585287
1,4.70694,0.584514
1,4.70894,0.583745
1,4.71094,0.582981
1,4.71294,0.582221
1,4.71494,0.581466
1,4.71694,0.580715
1,4.71894,0.579968
1,4.72094,0.579226
1,4.72294,0.578488
1,4.72494,0.577754
1,4.72695,0.577025
1,4.72895,0.576299
1,4.73095,0.575579
1,4.73295,0.574862
1,4.73495,0.57415
1,4.73695,0.573442
1,4.73895,0.572738
1,4.74095,0.572038
1,4.74295,0.571343
1,4.74495,0.570652
1,4.74695,0.569965
1,4.74895,0.569282
1,4.75095,0.568603
1,4.75295,0.567928
1,4.75495,0.567258
1,4.75695,0.566591
1,4.75895,0.565929
1,4.76095,0.565271
1,4.76295,0.564617
1,4.76495,0.563967
1,4.76695,0.563321
1,4.76895,0.562679
1,4.77095,0.562041
1,4.77295,0.561407
1,4.77495,0.560777
1,4.77696,0.560151
1,4.77896,0.559529
1,4.78096,0.558911
1,4.78296,0.558297
1,4.78496,0.557687
1,4.78696,0.557081
1,4.78896,0.556478
1,4.79096,0.55588
1,4.79296,0.555285
1,4.79496,0.554695
1,4.79696,0.554108
1,4.79896,0.553525
1,4.80096,0.552946
1,4.80296,0.552371
1,4.80496,0.551799
1,4.80696,0.551232
1,4.80896,0.550668
1,4.81096,0.550108
1,4.81296,0.549552
1,4.81496,0.548999
1,4.81696,0.54845
1,4.81896,0.547905
1,4.82096,0.547364
1,4.82296,0.546826
1,4.82496,0.546292
1,4.82697,0.545762
1,4.82897,0.545235
1,4.83097,0.544712
1,4.83297,0.544193
1,4.83497,0.543678
1,4.83697,0.543166
1,4.83897,0.542657
1,4.84097,0.542152
1,4.84297,0.541651
1,4.84497,0.541153
1,4.84697,0.540659
1,4.84897,0.540169
1,4.85097,0.539682
1,4.85297,0.539198
1,4.85497,0.538719
1,4.85697,0.538242
1,4.85897,0.537769
1,4.86097,0.5373
1,4.86297,0.536834
1,4.86497,0.536371
1,4.86697,0.535912
1,4.86897,0.535457
1,4.87097,0.535005
1,4.87297,0.534556
1,4.87497,0.534111
1,4.87698,0.533669
1,4.87898,0.53323
1,4.88098,0.532795
1,4.88298,0.532363
1,4.88498,0.531935
1,4.88698,0.53151
1,4.88898,0.531088
1,4.89098,0.53067
1,4.89298,0.530255
1,4.89498,0.529843
1,4.89698,0.529434
1,4.89898,0.529029
1,4.90098,0.528627
1,4.90298,0.528228
1,4.90498,0.527833
1,4.90698,0.527441
1,4.90898,0.527052
1,4.91098,0.526666
1,4.91298,0.526284
1,4.91498,0.525904
1,4.91698,0.525528
1,4.91898,0.525155
1,4.92098,0.524785
1,4.92298,0.524419
1,4.92498,0.524055
1,4.92699,0.523695
1,4.92899,0.523337
1,4.93099,0.522983
1,4.93299,0.522632
1,4.93499,0.522284
1,4.93699,0.521939
1,4.93899,0.521598
1,4.94099,0.521259
1,4.94299,0.520923
1,4.94499,0.520591
1,4.94699,0.520261
1,4.94899,0.519935
1,4.95099,0.519611
1,4.95299,0.519291
1,4.95499,0.518973
1,4.95699,0.518659
1,4.95899,0.518347
1,4.96099,0.518038
1,4.96299,0.517733
1,4.96499,0.51743
1,4.96699,0.51713
1,4.96899,0.516834
1,4.97099,0.51654
1,4.97299,0.516249
1,4.97499,0.515961
1,4.977,0.515676
1,4.979,0.515393
1,4.981,0.515114
1,4.983,0.514837
1,4.985,0.514564
1,4.987,0.514293
1,4.989,0.514025
1,4.991,0.51376
1,4.993,0.513497
1,4.995,0.513238
1,4.997,0.512981
1,4.999,0.512727
1,5.001,0.512476
1,5.003,0.512228
1,5.005,0.511982
1,5.007,0.511739
1,5.009,0.511499
1,5.011,0.511262
1,5.013,0.511027
1,5.015,0.510795
1,5.017,0.510566
1,5.019,0.51034
1,5.021,0.510116
1,5.023,0.509895
1,5.02501,0.509676
1,5.02701,0.509461
1,5.02901,0.509248
1,5.03101,0.509037
1,5.03301,0.508829
1,5.03501,0.508624
1,5.03701,0.508422
1,5.03901,0.508222
1,5.04101,0.508025
1,5.04301,0.50783
1,5.04501,0.507638
1,5.04701,0.507449
1,5.04901,0.507262
1,5.05101,0.507077
1,5.05301,0.506896
1,5.05501,0.506716
1,5.05701,0.50654
1,5.05901,0.506366
1,5.06101,0.506194
1,5.06301,0.506025
1,5.06501,0.505859
1,5.06701,0.505695
1,5.06901,0.505533
1,5.07101,0.505374
1,5.07301,0.505217
1,5.07502,0.505063
1,5.07702,0.504912
1,5.07902,0.504763
1,5.08102,0.504616
1,5.08302,0.504472
1,5.08502,0.50433
1,5.08702,0.504191
1,5.08902,0.504054
1,5.09102,0.503919
1,5.09302,0.503787
1,5.09502,0.503657
1,5.09702,0.50353
1,5.09902,0.503405
1,5.10102,0.503283
1,5.10302,0.503162
1,5.10502,0.503045
1,5.10702,0.502929
1,5.10902,0.502816
1,5.11102,0.502705
1,5.11302,0.502597
1,5.11502,0.502491
1,5.11702,0.502387
1,5.11902,0.502286
1,5.12102,0.502186
1,5.12302,0.50209
1,5.12503,0.501995
1,5.12703,0.501903
1,5.12903,0.501813
1,5.13103,0.501725
1,5.13303,0.501639
1,5.13503,0.501556
1,5.13703,0.501475
1,5.13903,0.501397
1,5.14103,0.50132
1,5.14303,0.501246
1,5.14503,0.501174
1,5.14703,0.501104
1,5.14903,0.501036
1,5.15103,0.500971
1,5.15303,0.500908
1,5.15503,0.500847
1,5.15703,0.500788
1,5.15903,0.500731
1,5.16103,0.500677
1,5.16303,0.500624
1,5.16503,0.500574
1,5.16703,0.500526
1,5.16903,0.50048
1,5.17103,0.500437
1,5.17303,0.500395
1,5.17504,0.500356
1,5.17704,0.500318
1,5.17904,0.500283
1,5.18104,0.50025
1,5.18304,0.500219
1,5.18504,0.50019
1,5.18704,0.500163
1,5.18904,0.500138
1,5.19104,0.500115
1,5.19304,0.500095
1,5.19504,0.500076
1,5.19704,0.500059
1,5.19904,0.500045
1,5.20104,0.500033
1,5.20304,0.500022
1,5.20504,0.500014
1,5.20704,0.500007
1,5.20904,0.500003
1,5.21104,0.500001
1,5.21304,0.5
1,5.21504,0.500002
1,5.21704,0.500006
1,5.21904,0.500011
1,5.22104,0.500019
1,5.22304,0.500028
1,5.22505,0.50004
1,5.22705,0.500053
1,5.22905,0.500069
1,5.23105,0.500086
1,5.23305,0.500106
1,5.23505,0.500127
1,5.23705,0.50015
1,5.23905,0.500175
1,5.24105,0.500203
1,5.24305,0.500232
1,5.24505,0.500262
1,5.24705,0.500295
1,5.24905,0.50033
1,5.25105,0.500367
1,5.25305,0.500405
1,5.25505,0.500446
1,5.25705,0.500488
1,5.25905,0.500532
1,5.26105,0.500578
1,5.26305,0.500626
1,5.26505,0.500676
1,5.26705,0.500727
1,5.26905,0.500781
1,5.27105,0.500836
1,5.27305,0.500893
1,5.27506,0.500952
1,5.27706,0.501013
1,5.27906,0.501075
1,5.28106,0.50114
1,5.28306,0.501206
1,5.28506,0.501274
1,5.28706,0.501344
1,5.28906,0.501415
1,5.29106,0.501489
1,5.29306,0.501564
1,5.29506,0.501641
1,5.29706,0.501719
1,5.29906,0.5018
1,5.30106,0.501882
1,5.30306,0.501966
1,5.30506,0.502052
1,5.30706,0.502139
1,5.30906,0.502228
1,5.31106,0.502319
1,5.31306,0.502412
1,5.31506,0.502506
1,5.31706,0.502602
1,5.31906,0.5027
1,5.32106,0.5028
1,5.32306,0.502901
1,5.32507,0.503004
1,5.32707,0.503109
1,5.32907,0.503215
1,5.33107,0.503323
1,5.33307,0.503433
1,5.33507,0.503544
1,5.33707,0.503657
1,5.33907,0.503772
1,5.34107,0.503888
1,5.34307,0.504006
1,5.34507,0.504126
1,5.34707,0.504247
1,5.34907,0.50437
1,5.35107,0.504495
1,5.35307,0.504621
1,5.35507,0.504749
1,5.35707,0.504878
1,5.35907,0.505009
1,5.36107,0.505142
1,5.36307,0.505276
1,5.36507,0.505412
1,5.36707,0.50555
1,5.36907,0.505689
1,5.37107,0.50583
1,5.37307,0.505972
1,5.37508,0.506116
1,5.37708,0.506261
1,5.37908,0.506408
1,5.38108,0.506557
1,5.38308,0.506707
1,5.38508,0.506859
1,5.38708,0.507012
1,5.38908,0.507167
1,5.39108,0.507323
1,5.39308,0.507481
1,5.39508,0.507641
1,5.39708,0.507802
1,5.39908,0.507964
1,5.40108,0.508128
1,5.40308,0.508294
1,5.40508,0.508461
1,5.40708,0.50863
1,5.40908,0.5088
1,5.41108,0.508971
1,5.41308,0.509144
1,5.41508,0.509319
1,5.41708,0.509495
1,5.41908,0.509673
1,5.42108,0.509852
1,5.42308,0.510032
1,5.42509,0.510214
1,5.42709,0.510398
1,5.42909,0.510583
1,5.43109,0.510769
1,5.43309,0.510957
1,5.43509,0.511146
1,5.43709,0.511337
1,5.43909,0.511529
1,5.44109,0.511723
1,5.44309,0.511918
1,5.44509,0.512115
1,5.44709,0.512313
1,5.44909,0.512512
1,5.45109,0.512713
1,5.45309,0.512915
1,5.45509,0.513119
1,5.45709,0.513324
1,5.45909,0.51353
1,5.46109,0.513738
1,5.46309,0.513947
1,5.46509,0.514158
1,5.46709,0.51437
1,5.46909,0.514584
1,5.47109,0.514798
1,5.47309,0.515015
1,5.4751,0.515232
1,5.4771,0.515451
1,5.4791,0.515671
1,5.4811,0.515893
1,5.4831,0.516116
1,5.4851,0.516341
1,5.4871,0.516566
1,5.4891,0.516793
1,5.4911,0.517022
1,5.4931,0.517252
1,5.4951,0.517483
1,5.4971,0.517715
1,5.4991,0.517949
1,5.5011,0.518184
1,5.5031,0.518421
1,5.5051,0.518658
1,5.5071,0.518897
1,5.5091,0.519138
1,5.5111,0.51938
1,5.5131,0.519623
1,5.5151,0.519867
1,5.5171,0.520112
1,5.5191,0.520359
1,5.5211,0.520608
1,5.5231,0.520857
1,5.52511,0.521108
1,5.52711,0.52136
1,5.52911,0.521613
1,5.53111,0.521868
1,5.53311,0.522124
1,5.53511,0.522381
1,5.53711,0.522639
1,5.53911,0.522899
1,5.54111,0.52316
1,5.54311,0.523422
1,5.54511,0.523685
1,5.54711,0.52395
1,5.54911,0.524216
1,5.55111,0.524483
1,5.55311,0.524751
1,5.55511,0.525021
1,5.55711,0.525292
1,5.55911,0.525564
1,5.56111,0.525837
1,5.56311,0.526112
1,5.56511,0.526387
1,5.56711,0.526664
1,5.56911,0.526942
1,5.57111,0.527222
1,5.57311,0.527502
1,5.57512,0.527784
1,5.57712,0.528067
1,5.57912,0.528351
1,5.58112,0.528637
1,5.58312,0.528923
1,5.58512,0.529211
1,5.58712,0.5295
1,5.58912,0.52979
1,5.59112,0.530081
1,5.59312,0.530373
1,5.59512,0.530667
1,5.59712,0.530962
1,5.59912,0.531258
1,5.60112,0.531555
1,5.60312,0.531853
1,5.60512,0.532152
1,5.60712,0.532453
1,5.60912,0.532755
1,5.61112,0.533057
1,5.61312,0.533361
1,5.61512,0.533666
1,5.61712,0.533973
1,5.61912,0.53428
1,5.62112,0.534589
1,5.62312,0.534898
1,5.62513,0.535209
1,5.62713,0.535521
1,5.62913,0.535834
1,5.63113,0.536148
1,5.63313,0.536463
1,5.63513,0.536779
1,5.63713,0.537097
1,5.63913,0.537415
1,5.64113,0.537735
1,5.64313,0.538056
1,5.64513,0.538377
1,5.64713,0.5387
1,5.64913,0.539024
1,5.65113,0.539349
1,5.65313,0.539676
1,5.65513,0.540003
1,5.65713,0.540331
1,5.65913,0.540661
1,5.66113,0.540991
1,5.66313,0.541322
1,5.66513,0.541655
1,5.66713,0.541989
1,5.66913,0.542323
1,5.67113,0.542659
1,5.67313,0.542996
1,5.67514,0.543334
1,5.67714,0.543673
1,5.67914,0.544013
1,5.68114,0.544354
1,5.68314,0.544696
1,5.68514,0.545039
1,5.68714,0.545383
1,5.68914,0.545728
1,5.69114,0.546074
1,5.69314,0.546421
1,5.69514,0.54677
1,5.69714,0.547119
1,5.69914,0.547469
1,5.70114,0.54782
1,5.70314,0.548173
1,5.70514,0.548526
1,5.70714,0.54888
1,5.70914,0.549236
1,5.71114,0.549592
1,5.71314,0.549949
1,5.71514,0.550308
1,5.71714,0.550667
1,5.71914,0.551027
1,5.72114,0.551388
1,5.72314,0.551751
1,5.72515,0.552114
1,5.72715,0.552478
1,5.72915,0.552843
1,5.73115,0.55321
1,5.73315,0.553577
1,5.73515,0.553945
1,5.73715,0.554314
1,5.73915,0.554684
1,5.74115,0.555055
1,5.74315,0.555427
1,5.74515,0.5558
1,5.74715,0.556174
1,5.74915,0.556549
1,5.75115,0.556925
1,5.75315,0.557302
1,5.75515,0.557679
1,5.75715,0.558058
1,5.75915,0.558437
1,5.76115,0.558818
1,5.76315,0.5592
1,5.76515,0.559582
1,5.76715,0.559965
1,5.76915,0.56035
1,5.77115,0.560735
1,5.77315,0.561121
1,5.77516,0.561508
1,5.77716,0.561896
1,5.77916,0.562285
1,5.78116,0.562675
1,5.78316,0.563065
1,5.78516,0.563457
1,5.78716,0.563849
1,5.78916,0.564243
1,5.79116,0.564637
1,5.79316,0.565032
1,5.79516,0.565429
1,5.79716,0.565826
1,5.79916,0.566223
1,5.80116,0.566622
1,5.80316,0.567022
1,5.80516,0.567423
1,5.80716,0.567824
1,5.80916,0.568226
1,5.81116,0.56863
1,5.81316,0.569034
1,5.81516,0.569439
1,5.81716,0.569845
1,5.81916,0.570251
1,5.82116,0.570659
1,5.82316,0.571067
1,5.82517,0.571477
1,5.82717,0.571887
1,5.82917,0.572298
1,5.83117,0.57271
1,5.83317,0.573123
1,5.83517,0.573536
1,5.83717,0.573951
1,5.83917,0.574366
1,5.84117,0.574782
1,5.84317,0.575199
1,5.84517,0.575617
1,5.84717,0.576036
1,5.84917,0.576455
1,5.85117,0.576876
1,5.85317,0.577297
1,5.85517,0.577719
1,5.85717,0.578142
1,5.85917,0.578566
1,5.86117,0.57899
1,5.86317,0.579415
1,5.86517,0.579842
1,5.86717,0.580269
1,5.86917,0.580696
1,5.87117,0.581125
1,5.87317,0.581554
1,5.87518,0.581985
1,5.87718,0.582416
1,5.87918,0.582848
1,5.88118,0.58328
1,5.88318,0.583714
1,5.88518,0.584148
1,5.88718,0.584583
1,5.88918,0.585019
1,5.89118,0.585455
1,5.89318,0.585893
1,5.89518,0.586331
1,5.89718,0.58677
1,5.89918,0.58721
1,5.90118,0.587651
1,5.90318,0.588092
1,5.90518,0.588534
1,5.90718,0.588977
1,5.90918,0.589421
1,5.91118,0.589865
1,5.91318,0.59031
1,5.91518,0.590756
1,5.91718,0.591203
1,5.91918,0.591651
1,5.92118,0.592099
1,5.92318,0.592548
1,5.92519,0.592998
1,5.92719,0.593448
1,5.92919,0.5939
1,5.93119,0.594352
1,5.93319,0.594805
1,5.93519,0.595258
1,5.93719,0.595713
1,5.93919,0.596168
1,5.94119,0.596624
1,5.94319,0.59708
1,5.94519,0.597538
1,5.94719,0.597996
1,5.94919,0.598454
1,5.95119,0.598914
1,5.95319,0.599374
1,5.95519,0.599835
1,5.95719,0.600297
1,5.95919,0.600759
1,5.96119,0.601223
1,5.96319,0.601686
1,5.96519,0.602151
1,5.96719,0.602616
1,5.96919,0.603082
1,5.97119,0.603549
1,5.97319,0.604017
1,5.9752,0.604485
1,5.9772,0.604954
1,5.9792,0.605423
1,5.9812,0.605894
1,5.9832,0.606365
1,5.9852,0.606837
1,5.9872,0.607309
1,5.9892,0.607782
1,5.9912,0.608256
1,5.9932,0.608731
1,5.9952,0.609206
1,5.9972,0.609682
1,5.9992,0.610158
1,6.0012,0.610636
1,6.0032,0.611114
1,6.0052,0.611592
1,6.0072,0.612072
1,6.0092,0.612552
1,6.0112,0.613032
1,6.0132,0.613514
1,6.0152,0.613996
1,6.0172,0.614479
1,6.0192,0.614962
1,6.0212,0.615446
1,6.0232,0.615931
1,6.02521,0.616416
1,6.02721,0.616902
1,6.02921,0.617389
1,6.03121,0.617877
1,6.03321,0.618365
1,6.03521,0.618853
1,6.03721,0.619343
1,6.03921,0.619833
1,6.04121,0.620324
1,6.04321,0.620815
1,6.04521,0.621307
1,6.04721,0.6218
1,6.04921,0.622293
1,6.05121,0.622787
1,6.05321,0.623282
1,6.05521,0.623777
1,6.05721,0.624273
1,6.05921,0.624769
1,6.06121,0.625266
1,6.06321,0.625764
1,6.06521,0.626263
1,6.06721,0.626762
1,6.06921,0.627261
1,6.07121,0.627762
1,6.07321,0.628263
1,6.07522,0.628764
1,6.07722,0.629266
1,6.07922,0.629769
1,6.08122,0.630273
1,6.08322,0.630777
1,6.08522,0.631282
1,6.08722,0.631787
1,6.08922,0.632293
1,6.09122,0.632799
1,6.09322,0.633306
1,6.09522,0.633814
1,6.09722,0.634323
1,6.09922,0.634831
1,6.10122,0.635341
1,6.10322,0.635851
1,6.10522,0.636362
1,6.10722,0.636873
1,6.10922,0.637385
1,6.11122,0.637898
1,6.11322,0.638411
1,6.11522,0.638925
1,6.11722,0.639439
1,6.11922,0.639954
1,6.12122,0.64047
1,6.12322,0.640986
1,6.12523,0.641503
1,6.12723,0.64202
1,6.12923,0.642538
1,6.13123,0.643056
1,6.13323,0.643575
1,6.13523,0.644095
1,6.13723,0.644615
1,6.13923,0.645136
1,6.14123,0.645657
1,6.14323,0.646179
1,6.14523,0.646702
1,6.14723,0.647225
1,6.14923,0.647748
1,6.15123,0.648273
1,6.15323,0.648797
1,6.15523,0.649323
1,6.15723,0.649849
1,6.15923,0.650375
1,6.16123,0.650902
1,6.16323,0.65143
1,6.16523,0.651958
1,6.16723,0.652486
1,6.16923,0.653016
1,6.17123,0.653545
1,6.17323,0.654076
1,6.17524,0.654607
1,6.17724,0.655138
1,6.17924,0.65567
1,6.18124,0.656203
1,6.18324,0.656736
1,6.18524,0.657269
1,6.18724,0.657803
1,6.18924,0.658338
1,6.19124,0.658873
1,6.19324,0.659409
1,6.19524,0.659945
1,6.19724,0.660482
1,6.19924,0.66102
1,6.20124,0.661557
1,6.20324,0.662096
1,6.20524,0.662635
1,6.20724,0.663174
1,6.20924,0.663714
1,6.21124,0.664255
1,6.21324,0.664796
1,6.21524,0.665337
1,6.21724,0.665879
1,6.21924,0.666422
1,6.22124,0.666965
1,6.22324,0.667509
1,6.22525,0.668053
1,6.22725,0.668598
1,6.22925,0.669143
1,6.23125,0.669688
1,6.23325,0.670235
1,6.23525,0.670781
1,6.23725,0.671329
1,6.23925,0.671876
1,6.24125,0.672424
1,6.24325,0.672973
1,6.24525,0.673522
1,6.24725,0.674072
1,6.24925,0.674622
1,6.25125,0.675173
1,6.25325,0.675724
1,6.25525,0.676276
1,6.25725,0.676828
1,6.25925,0.677381
1,6.26125,0.677934
1,6.26325,0.678487
1,6.26525,0.679042
1,6.26725,0.679596
1,6.26925,0.680151
1,6.27125,0.680707
1,6.27325,0.681263
1,6.27526,0.681819
1,6.27726,0.682377
1,6.27926,0.682934
1,6.28126,0.683492
1,6.28326,0.68405
1,6.28526,0.684609
1,6.28726,0.685169
1,6.28926,0.685729
1,6.29126,0.686289
1,6.29326,0.68685
1,6.29526,0.687411
1,6.29726,0.687973
1,6.29926,0.688535
1,6.30126,0.689098
1,6.30326,0.689661
1,6.30526,0.690224
1,6.30726,0.690788
1,6.30926,0.691353
1,6.31126,0.691918
1,6.31326,0.692483
1,6.31526,0.693049
1,6.31726,0.693615
1,6.31926,0.694182
1,6.32126,0.694749
1,6.32326,0.695317
1,6.32527,0.695885
1,6.32727,0.696454
1,6.32927,0.697023
1,6.33127,0.697592
1,6.33327,0.698162
1,6.33527,0.698732
1,6.33727,0.699303
1,6.33927,0.699874
1,6.34127,0.700446
1,6.34327,0.701018
1,6.34527,0.701591
1,6.34727,0.702164
1,6.34927,0.702737
1,6.35127,0.703311
1,6.35327,0.703885
1,6.35527,0.70446
1,6.35727,0.705035
1,6.35927,0.70561
1,6.36127,0.706186
1,6.36327,0.706763
1,6.36527,0.70734
1,6.36727,0.707917
1,6.36927,0.708495
1,6.37127,0.709073
1,6.37327,0.709651
1,6.37528,0.71023
1,6.37728,0.710809
1,6.37928,0.711389
1,6.38128,0.711969
1,6.38328,0.71255
1,6.38528,0.713131
1,6.38728,0.713712
1,6.38928,0.714294
1,6.39128,0.714876
1,6.39328,0.715459
1,6.39528,0.716042
1,6.39728,0.716625
1,6.39928,0.717209
1,6.40128,0.717793
1,6.40328,0.718378
1,6.40528,0.718963
1,6.40728,0.719548
1,6.40928,0.720134
1,6.41128,0.72072
1,6.41328,0.721307
1,6.41528,0.721894
1,6.41728,0.722481
1,6.41928,0.723069
1,6.42128,0.723657
1,6.42328,0.724246
1,6.42529,0.724835
1,6.42729,0.725424
1,6.42929,0.726014
1,6.43129,0.726604
1,6.43329,0.727194
1,6.43529,0.727785
1,6.43729,0.728377
1,6.43929,0.728968
1,6.44129,0.72956
1,6.44329,0.730153
1,6.44529,0.730745
1,6.44729,0.731339
1,6.44929,0.731932
1,6.45129,0.732526
1,6.45329,0.73312
1,6.45529,0.733715
1,6.45729,0.73431
1,6.45929,0.734905
1,6.46129,0.735501
1,6.46329,0.736097
1,6.46529,0.736693
1,6.46729,0.73729
1,6.46929,0.737888
1,6.47129,0.738485
1,6.47329,0.739083
1,6.4753,0.739681
1,6.4773,0.74028
1,6.4793,0.740879
1,6.4813,0.741478
1,6.4833,0.742078
1,6.4853,0.742678
1,6.4873,0.743278
1,6.4893,0.743879
1,6.4913,0.74448
1,6.4933,0.745082
1,6.4953,0.745684
1,6.4973,0.746286
1,6.4993,0.746888
1,6.5013,0.747491
1,6.5033,0.748094
1,6.5053,0.748698
1,6.5073,0.749302
1,6.5093,0.749906
1,6.5113,0.75051
1,6.5133,0.751115
1,6.5153,0.751721
1,6.5173,0.752326
1,6.5193,0.752932
1,6.5213,0.753538
1,6.5233,0.754145
1,6.52531,0.754752
1,6.52731,0.755359
1,6.52931,0.755967
1,6.53131,0.756575
1,6.53331,0.757183
1,6.53531,0.757791
1,6.53731,0.7584
1,6.53931,0.75901
1,6.54131,0.759619
1,6.54331,0.760229
1,6.54531,0.760839
1,6.54731,0.76145
1,6.54931,0.76206
1,6.55131,0.762672
1,6.55331,0.763283
1,6.55531,0.763895
1,6.55731,0.764507
1,6.55931,0.765119
1,6.56131,0.765732
1,6.56331,0.766345
1,6.56531,0.766958
1,6.56731,0.767572
1,6.56931,0.768186
1,6.57131,0.7688
1,6.57331,0.769415
1,6.57532,0.77003
1,6.57732,0.770645
1,6.57932,0.771261
1,6.58132,0.771876
1,6.58332,0.772492
1,6.58532,0.773109
1,6.58732,0.773726
1,6.58932,0.774343
1,6.59132,0.77496
1,6.59332,0.775577
1,6.59532,0.776195
1,6.59732,0.776814
1,6.59932,0.777432
1,6.60132,0.778051
1,6.60332,0.77867
1,6.60532,0.779289
1,6.60732,0.779909
1,6.60932,0.780529
1,6.61132,0.781149
1,6.61332,0.78177
1,6.61532,0.782391
1,6.61732,0.783012
1,6.61932,0.783633
1,6.62132,0.784255
1,6.62332,0.784877
1,6.62533,0.785499
1,6.62733,0.786121
1,6.62933,0.786744
1,6.63133,0.787367
1,6.63333,0.787991
1,6.63533,0.788614
1,6.63733,0.789238
1,6.63933,0.789862
1,6.64133,0.790487
1,6.64333,0.791111
1,6.64533,0.791736
1,6.64733,0.792362
1,6.64933,0.792987
1,6.65133,0.793613
1,6.65333,0.794239
1,6.65533,0.794865
1,6.65733,0.795492
1,6.65933,0.796119
1,6.66133,0.796746
1,6.66333,0.797373
1,6.66533,0.798001
1,6.66733,0.798629
1,6.66933,0.799257
1,6.67133,0.799886
1,6.67333,0.800514
1,6.67534,0.801143
1,6.67734,0.801772
1,6.67934,0.802402
1,6.68134,0.803032
1,6.68334,0.803662
1,6.68534,0.804292
1,6.68734,0.804922
1,6.68934,0.805553
1,6.69134,0.806184
1,6.69334,0.806815
1,6.69534,0.807447
1,6.69734,0.808078
1,6.69934,0.80871
1,6.70134,0.809343
1,6.70334,0.809975
1,6.70534,0.810608
1,6.70734,0.811241
1,6.70934,0.811874
1,6.71134,0.812507
1,6.71334,0.813141
1,6.71534,0.813775
1,6.71734,0.814409
1,6.71934,0.815043
1,6.72134,0.815678
1,6.72334,0.816313
1,6.72535,0.816948
1,6.72735,0.817583
1,6.72935,0.818219
1,6.73135,0.818855
1,6.73335,0.819491
1,6.73535,0.820127
1,6.73735,0.820763
1,6.73935,0.8214
1,6.74135,0.822037
1,6.74335,0.822674
1,6.74535,0.823311
1,6.74735,0.823949
1,6.74935,0.824587
1,6.75135,0.825225
1,6.75335,0.825863
1,6.75535,0.826502
1,6.75735,0.82714
1,6.75935,0.827779
1,6.76135,0.828418
1,6.76335,0.829058
1,6.76535,0.829697
1,6.76735,0.830337
1,6.76935,0.830977
1,6.77135,0.831617
1,6.77335,0.832258
1,6.77536,0.832898
1,6.77736,0.833539
1,6.77936,0.83418
1,6.78136,0.834821
1,6.78336,0.835463
1,6.78536,0.836104
1,6.78736,0.836746
1,6.78936,0.837388
1,6.79136,0.838031
1,6.79336,0.838673
1,6.79536,0.839316
1,6.79736,0.839959
1,6.79936,0.840602
1,6.80136,0.841245
1,6.80336,0.841889
1,6.80536,0.842532
1,6.80736,0.843176
1,6.80936,0.84382
1,6.81136,0.844464
1,6.81336,0.845109
1,6.81536,0.845754
1,6.81736,0.846398
1,6.81936,0.847043
1,6.82136,0.847689
1,6.82336,0.848334
1,6.82537,0.84898
1,6.82737,0.849625
1,6.82937,0.850271
1,6.83137,0.850918
1,6.83337,0.851564
1,6.83537,0.85221
1,6.83737,0.852857
1,6.83937,0.853504
1,6.84137,0.854151
1,6.84337,0.854798
1,6.84537,0.855446
1,6.84737,0.856093
1,6.84937,0.856741
1,6.85137,0.857389
1,6.85337,0.858037
1,6.85537,0.858686
1,6.85737,0.859334
1,6.85937,0.859983
1,6.86137,0.860632
1,6.86337,0.861281
1,6.86537,0.86193
1,6.86737,0.862579
1,6.86937,0.863229
1,6.87137,0.863879
1,6.87337,0.864528
1,6.87538,0.865178
1,6.87738,0.865829
1,6.87938,0.866479
1,6.88138,0.86713
1,6.88338,0.86778
1,6.88538,0.868431
1,6.88738,0.869082
1,6.88938,0.869733
1,6.89138,0.870385
1,6.89338,0.871036
1,6.89538,0.871688
1,6.89738,0.87234
1,6.89938,0.872992
1,6.90138,0.873644
1,6.90338,0.874296
1,6.90538,0.874948
1,6.90738,0.875601
1,6.90938,0.876254
1,6.91138,0.876907
1,6.91338,0.87756
1,6.91538,0.878213
1,6.91738,0.878866
1,6.91938,0.87952
1,6.92138,0.880173
1,6.92338,0.880827
1,6.92539,0.881481
1,6.92739,0.882135
1,6.92939,0.882789
1,6.93139,0.883444
1,6.93339,0.884098
1,6.93539,0.884753
1,6.93739,0.885408
1,6.93939,0.886062
1,6.94139,0.886718
1,6.94339,0.887373
1,6.94539,0.888028
1,6.94739,0.888684
1,6.94939,0.889339
1,6.95139,0.889995
1,6.95339,0.890651
1,6.95539,0.891307
1,6.95739,0.891963
1,6.95939,0.892619
1,6.96139,0.893276
1,6.96339,0.893932
1,6.96539,0.894589
1,6.96739,0.895246
1,6.96939,0.895902
1,6.97139,0.89656
1,6.97339,0.897217
1,6.9754,0.897874
1,6.9774,0.898531
1,6.9794,0.899189
1,6.9814,0.899847
1,6.9834,0.900504
1,6.9854,0.901162
1,6.9874,0.90182
1,6.9894,0.902478
1,6.9914,0.903137
1,6.9934,0.903795
1,6.9954,0.904454
1,6.9974,0.905112
1,6.9994,0.905771
1,7.0014,0.90643
1,7.0034,0.907089
1,7.0054,0.907748
1,7.0074,0.908407
1,7.0094,0.909066
1,7.0114,0.909726
1,7.0134,0.910385
1,7.0154,0.911045
1,7.0174,0.911704
1,7.0194,0.912364
1,7.0214,0.913024
1,7.0234,0.913684
1,7.02541,0.914344
1,7.02741,0.915004
1,7.02941,0.915665
1,7.03141,0.916325
1,7.03341,0.916986
1,7.03541,0.917646
1,7.03741,0.918307
1,7.03941,0.918968
1,7.04141,0.919629
1,7.04341,0.92029
1,7.04541,0.920951
1,7.04741,0.921612
1,7.04941,0.922274
1,7.05141,0.922935
1,7.05341,0.923597
1,7.05541,0.924258
1,7.05741,0.92492
1,7.05941,0.925582
1,7.06141,0.926243
1,7.06341,0.926905
1,7.06541,0.927567
1,7.06741,0.92823
1,7.06941,0.928892
1,7.07141,0.929554
1,7.07341,0.930216
1,7.07542,0.930879
1,7.07742,0.931541
1,7.07942,0.932204
1,7.08142,0.932867
1,7.08342,0.93353
1,7.08542,0.934192
1,7.08742,0.934855
1,7.08942,0.935518
1,7.09142,0.936182
1,7.09342,0.936845
1,7.09542,0.937508
1,7.09742,0.938171
1,7.09942,0.938835
1,7.10142,0.939498
1,7.10342,0.940162
1,7.10542,0.940825
1,7.10742,0.941489
1,7.10942,0.942153
1,7.11142,0.942817
1,7.11342,0.943481
1,7.11542,0.944145
1,7.11742,0.944809
1,7.11942,0.945473
1,7.12142,0.946137
1,7.12342,0.946801
1,7.12543,0.947465
1,7.12743,0.94813
1,7.12943,0.948794
1,7.13143,0.949459
1,7.13343,0.950123
1,7.13543,0.950788
1,7.13743,0.951452
1,7.13943,0.952117
1,7.14143,0.952782
1,7.14343,0.953447
1,7.14543,0.954112
1,7.14743,0.954777
1,7.14943,0.955442
1,7.15143,0.956107
1,7.15343,0.956772
1,7.15543,0.957437
1,7.15743,0.958102
1,7.15943,0.958767
1,7.16143,0.959433
1,7.16343,0.960098
1,7.16543,0.960763
1,7.16743,0.961429
1,7.16943,0.962094
1,7.17143,0.96276
1,7.17343,0.963425
1,7.17544,0.964091
1,7.17744,0.964757
1,7.17944,0.965422
1,7.18144,0.966088
1,7.18344,0.966754
1,7.18544,0.96742
1,7.18744,0.968086
1,7.18944,0.968751
1,7.19144,0.969417
1,7.19344,0.970083
1,7.19544,0.970749
1,7.19744,0.971415
1,7.19944,0.972082
1,7.20144,0.972748
1,7.20344,0.973414
1,7.20544,0.97408
1,7.20744,0.974746
1,7.20944,0.975412
1,7.21144,0.976079
1,7.21344,0.976745
1,7.21544,0.977411
1,7.21744,0.978078
1,7.21944,0.978744
1,7.22144,0.97941
1,7.22344,0.980077
1,7.22545,0.980743
1,7.22745,0.98141
1,7.22945,0.982076
1,7.23145,0.982743
1,7.23345,0.983409
1,7.23545,0.984076
1,7.23745,0.984742
1,7.23945,0.985409
1,7.24145,0.986076
1,7.24345,0.986742
1,7.24545,0.987409
1,7.24745,0.988076
1,7.24945,0.988742
1,7.25145,0.989409
1,7.25345,0.990076
1,7.25545,0.990742
1,7.25745,0.991409
1,7.25945,0.992076
1,7.26145,0.992743
1,7.26345,0.993409
1,7.26545,0.994076
1,7.26745,0.994743
1,7.26945,0.99541
1,7.27145,0.996076
1,7.27345,0.996743
1,7.27546,0.99741
1,7.27746,0.998077
1,7.27946,0.998743
1,7.28146,0.99941
1,7.28346,1.00008
1,7.28546,1.00074
1,7.28746,1.00141
1,7.28946,1.00208
1,7.29146,1.00274
1,7.29346,1.00341
1,7.29546,1.00408
1,7.29746,1.00474
1,7.29946,1.00541
1,7.30146,1.00608
1,7.30346,1.00674
1,7.30546,1.00741
1,7.30746,1.00808
1,7.30946,1.00875
1,7.31146,1.00941
1,7.31346,1.01008
1,7.31546,1.01075
1,7.31746,1.01141
1,7.31946,1.01208
1,7.32146,1.01275
1,7.32346,1.01341
1,7.32547,1.01408
1,7.32747,1.01475
1,7.32947,1.01541
1,7.33147,1.01608
1,7.33347,1.01674
1,7.33547,1.01741
1,7.33747,1.01808
1,7.33947,1.01874
1,7.34147,1.01941
1,7.34347,1.02008
1,7.34547,1.02074
1,7.34747,1.02141
1,7.34947,1.02208
1,7.35147,1.02274
1,7.35347,1.02341
1,7.35547,1.02408
1,7.35747,1.02474
1,7.35947,1.02541
1,7.36147,1.02607
1,7.36347,1.02674
1,7.36547,1.02741
1,7.36747,1.02807
1,7.36947,1.02874
1,7.37147,1.0294
1,7.37347,1.03007
1,7.37548,1.03074
1,7.37748,1.0314
1,7.37948,1.03207
1,7.38148,1.03273
1,7.38348,1.0334
1,7.38548,1.03407
1,7.38748,1.03473
1,7.38948,1.0354
1,7.39148,1.03606
1,7.39348,1.03673
1,7.39548,1.03739
1,7.39748,1.03806
1,7.39948,1.03873
1,7.40148,1.03939
1,7.40348,1.04006
1,7.40548,1.04072
1,7.40748,1.04139
1,7.40948,1.04205
1,7.41148,1.04272
1,7.41348,1.04338
1,7.41548,1.04405
1,7.41748,1.04471
1,7.41948,1.04538
1,7.42148,1.04604
1,7.42348,1.04671
1,7.42549,1.04737
1,7.42749,1.04804
1,7.42949,1.0487
1,7.43149,1.04937
1,7.43349,1.05003
1,7.43549,1.0507
1,7.43749,1.05136
1,7.43949,1.05202
1,7.44149,1.05269
1,7.44349,1.05335
1,7.44549,1.05402
1,7.44749,1.05468
1,7.44949,1.05535
1,7.45149,1.05601
1,7.45349,1.05667
1,7.45549,1.05734
1,7.45749,1.058
1,7.45949,1.05866
1,7.46149,1.05933
1,7.46349,1.05999
1,7.46549,1.06066
1,7.46749,1.06132
1,7.46949,1.06198
1,7.47149,1.06265
1,7.47349,1.06331
1,7.4755,1.06397
1,7.4775,1.06463
1,7.4795,1.0653
1,7.4815,1.06596
1,7.4835,1.06662
1,7.4855,1.06729
1,7.4875,1.06795
1,7.4895,1.06861
1,7.4915,1.06927
1,7.4935,1.06994
1,7.4955,1.0706
1,7.4975,1.07126
1,7.4995,1.07192
1,7.5015,1.07259
1,7.5035,1.07325
1,7.5055,1.07391
1,7.5075,1.07457
1,7.5095,1.07523
1,7.5115,1.0759
1,7.5135,1.07656
1,7.5155,1.07722
1,7.5175,1.07788
1,7.5195,1.07854
1,7.5215,1.0792
1,7.5235,1.07986
1,7.52551,1.08052
1,7.52751,1.08119
1,7.52951,1.08185
1,7.53151,1.08251
1,7.53351,1.08317
1,7.53551,1.08383
1,7.53751,1.08449
1,7.53951,1.08515
1,7.54151,1.08581
1,7.54351,1.08647
1,7.54551,1.08713
1,7.54751,1.08779
1,7.54951,1.08845
1,7.55151,1.08911
1,7.55351,1.08977
1,7.55551,1.09043
1,7.55751,1.09109
1,7.55951,1.09175
1,7.56151,1.09241
1,7.56351,1.09306
1,7.56551,1.09372
1,7.56751,1.09438
1,7.56951,1.09504
1,7.57151,1.0957
1,7.57351,1.09636
1,7.57552,1.09702
1,7.57752,1.09767
1,7.57952,1.09833
1,7.58152,1.09899
1,7.58352,1.09965
1,7.58552,1.10031
1,7.58752,1.10096
1,7.58952,1.10162
1,7.59152,1.10228
1,7.59352,1.10294
1,7.59552,1.10359
1,7.59752,1.10425
1,7.59952,1.10491
1,7.60152,1.10556
1,7.60352,1.10622
1,7.60552,1.10688
1,7.60752,1.10753
1,7.60952,1.10819
1,7.61152,1.10885
1,7.61352,1.1095
1,7.61552,1.11016
1,7.61752,1.11081
1,7.61952,1.11147
1,7.62152,1.11212
1,7.62352,1.11278
1,7.62553,1.11343
1,7.62753,1.11409
1,7.62953,1.11474
1,7.63153,1.1154
1,7.63353,1.11605
1,7.63553,1.11671
1,7.63753,1.11736
1,7.63953,1.11802
1,7.64153,1.11867
1,7.64353,1.11932
1,7.64553,1.11998
1,7.64753,1.12063
1,7.64953,1.12129
1,7.65153,1.12194
1,7.65353,1.12259
1,7.65553,1.12325
1,7.65753,1.1239
1,7.65953,1.12455
1,7.66153,1.1252
1,7.66353,1.12586
1,7.66553,1.12651
1,7.66753,1.12716
1,7.66953,1.12781
1,7.67153,1.12846
1,7.67353,1.12912
1,7.67554,1.12977
1,7.67754,1.13042
1,7.67954,1.13107
1,7.68154,1.13172
1,7.68354,1.13237
1,7.68554,1.13302
1,7.68754,1.13367
1,7.68954,1.13432
1,7.69154,1.13497
1,7.69354,1.13562
1,7.69554,1.13627
1,7.69754,1.13692
1,7.69954,1.13757
1,7.70154,1.13822
1,7.70354,1.13887
1,7.70554,1.13952
1,7.70754,1.14017
1,7.70954,1.14082
1,7.71154,1.14147
1,7.71354,1.14211
1,7.71554,1.14276
1,7.71754,1.14341
1,7.71954,1.14406
1,7.72154,1.1447
1,7.72354,1.14535
1,7.72555,1.146
1,7.72755,1.14665
1,7.72955,1.14729
1,7.73155,1.14794
1,7.73355,1.14859
1,7.73555,1.14923
1,7.73755,1.14988
1,7.73955,1.15052
1,7.74155,1.15117
1,7.74355,1.15182
1,7.74555,1.15246
1,7.74755,1.15311
1,7.74955,1.15375
1,7.75155,1.1544
1,7.75355,1.15504
1,7.75555,1.15569
1,7.75755,1.15633
1,7.75955,1.15697
1,7.76155,1.15762
1,7.76355,1.15826
1,7.76555,1.1589
1,7.76755,1.15955
1,7.76955,1.16019
1,7.77155,1.16083
1,7.77355,1.16148
1,7.77556,1.16212
1,7.77756,1.16276
1,7.77956,1.1634
1,7.78156,1.16405
1,7.78356,1.16469
1,7.78556,1.16533
1,7.78756,1.16597
1,7.78956,1.16661
1,7.79156,1.16725
1,7.79356,1.16789
1,7.79556,1.16853
1,7.79756,1.16917
1,7.79956,1.16981
1,7.80156,1.17045
1,7.80356,1.17109
1,7.80556,1.17173
1,7.80756,1.17237
1,7.80956,1.17301
1,7.81156,1.17365
1,7.81356,1.17429
1,7.81556,1.17492
1,7.81756,1.17556
1,7.81956,1.1762
1,7.82156,1.17684
1,7.82356,1.17747
1,7.82557,1.17811
1,7.82757,1.17875
1,7.82957,1.17939
1,7.83157,1.18002
1,7.83357,1.18066
1,7.83557,1.18129
1,7.83757,1.18193
1,7.83957,1.18257
1,7.84157,1.1832
1,7.84357,1.18384
1,7.84557,1.18447
1,7.84757,1.1851
1,7.84957,1.18574
1,7.85157,1.18637
1,7.85357,1.18701
1,7.85557,1.18764
1,7.85757,1.18827
1,7.85957,1.18891
1,7.86157,1.18954
1,7.86357,1.19017
1,7.86557,1.19081
1,7.86757,1.19144
1,7.86957,1.19207
1,7.87157,1.1927
1,7.87357,1.19333
1,7.87558,1.19396
1,7.87758,1.19459
1,7.87958,1.19523
1,7.88158,1.19586
1,7.88358,1.19649
1,7.88558,1.19712
1,7.88758,1.19775
1,7.88958,1.19837
1,7.89158,1.199
1,7.89358,1.19963
1,7.89558,1.20026
1,7.89758,1.20089
1,7.89958,1.20152
1,7.90158,1.20215
1,7.90358,1.20277
1,7.90558,1.2034
1,7.90758,1.20403
1,7.90958,1.20465
1,7.91158,1.20528
1,7.91358,1.20591
1,7.91558,1.20653
1,7.91758,1.20716
1,7.91958,1.20778
1,7.92158,1.20841
1,7.92358,1.20903
1,7.92559,1.20966
1,7.92759,1.21028
1,7.92959,1.21091
1,7.93159,1.21153
1,7.93359,1.21216
1,7.93559,1.21278
1,7.93759,1.2134
1,7.93959,1.21402
1,7.94159,1.21465
1,7.94359,1.21527
1,7.94559,1.21589
1,7.94759,1.21651
1,7.94959,1.21713
1,7.95159,1.21776
1,7.95359,1.21838
1,7.95559,1.219
1,7.95759,1.21962
1,7.95959,1.22024
1,7.96159,1.22086
1,7.96359,1.22148
1,7.96559,1.22209
1,7.96759,1.22271
1,7.96959,1.22333
1,7.97159,1.22395
1,7.97359,1.22457
1,7.9756,1.22519
1,7.9776,1.2258
1,7.9796,1.22642
1,7.9816,1.22704
1,7.9836,1.22765
1,7.9856,1.22827
1,7.9876,1.22888
1,7.9896,1.2295
1,7.9916,1.23011
1,7.9936,1.23073
1,7.9956,1.23134
1,7.9976,1.23196
1,7.9996,1.23257
1,8.0016,1.23319
1,8.0036,1.2338
1,8.0056,1.23441
1,8.0076,1.23502
1,8.0096,1.23564
1,8.0116,1.23625
1,8.0136,1.23686
1,8.0156,1.23747
1,8.0176,1.23808
1,8.0196,1.23869
1,8.0216,1.2393
1,8.0236,1.23991
1,8.02561,1.24052
1,8.02761,1.24113
1,8.02961,1.24174
1,8.03161,1.24235
1,8.03361,1.24296
1,8.03561,1.24357
1,8.03761,1.24418
1,8.03961,1.24478
1,8.04161,1.24539
1,8.04361,1.246
1,8.04561,1.2466
1,8.04761,1.24721
1,8.04961,1.24782
1,8.05161,1.24842
1,8.05361,1.24903
1,8.05561,1.24963
1,8.05761,1.25024
1,8.05961,1.25084
1,8.06161,1.25144
1,8.06361,1.25205
1,8.06561,1.25265
1,8.06761,1.25325
1,8.06961,1.25386
1,8.07161,1.25446
1,8.07361,1.25506
1,8.07562,1.25566
1,8.07762,1.25626
1,8.07962,1.25686
1,8.08162,1.25746
1,8.08362,1.25806
1,8.08562,1.25866
1,8.08762,1.25926
1,8.08962,1.25986
1,8.09162,1.26046
1,8.09362,1.26106
1,8.09562,1.26166
1,8.09762,1.26225
1,8.09962,1.26285
1,8.10162,1.26345
1,8.10362,1.26404
1,8.10562,1.26464
1,8.10762,1.26524
1,8.10962,1.26583
1,8.11162,1.26643
1,8.11362,1.26702
1,8.11562,1.26761
1,8.11762,1.26821
1,8.11962,1.2688
1,8.12162,1.26939
1,8.12362,1.26999
1,8.12563,1.27058
1,8.12763,1.27117
1,8.12963,1.27176
1,8.13163,1.27235
1,8.13363,1.27295
1,8.13563,1.27354
1,8.13763,1.27413
1,8.13963,1.27472
1,8.14163,1.2753
1,8.14363,1.27589
1,8.14563,1.27648
1,8.14763,1.27707
1,8.14963,1.27766
1,8.15163,1.27825
1,8.15363,1.27883
1,8.15563,1.27942
1,8.15763,1.28
1,8.15963,1.28059
1,8.16163,1.28118
1,8.16363,1.28176
1,8.16563,1.28235
1,8.16763,1.28293
1,8.16963,1.28351
1,8.17163,1.2841
1,8.17363,1.28468
1,8.17564,1.28526
1,8.17764,1.28584
1,8.17964,1.28643
1,8.18164,1.28701
1,8.18364,1.28759
1,8.18564,1.28817
1,8.18764,1.28875
1,8.18964,1.28933
1,8.19164,1.28991
1,8.19364,1.29049
1,8.19564,1.29106
1,8.19764,1.29164
1,8.19964,1.29222
1,8.20164,1.2928
1,8.20364,1.29337
1,8.20564,1.29395
1,8.20764,1.29453
1,8.20964,1.2951
1,8.21164,1.29568
1,8.21364,1.29625
1,8.21564,1.29683
1,8.21764,1.2974
1,8.21964,1.29797
1,8.22164,1.29855
1,8.22364,1.29912
1,8.22565,1.29969
1,8.22765,1.30026
1,8.22965,1.30083
1,8.23165,1.3014
1,8.23365,1.30197
1,8.23565,1.30254
1,8.23765,1.30311
1,8.23965,1.30368
1,8.24165,1.30425
1,8.24365,1.30482
1,8.24565,1.30539
1,8.24765,1.30595
1,8.24965,1.30652
1,8.25165,1.30709
1,8.25365,1.30765
1,8.25565,1.30822
1,8.25765,1.30878
1,8.25965,1.30935
1,8.26165,1.30991
1,8.26365,1.31047
1,8.26565,1.31104
1,8.26765,1.3116
1,8.26965,1.31216
1,8.27165,1.31272
1,8.27365,1.31328
1,8.27566,1.31385
1,8.27766,1.31441
1,8.27966,1.31497
1,8.28166,1.31552
1,8.28366,1.31608
1,8.28566,1.31664
1,8.28766,1.3172
1,8.28966,1.31776
1,8.29166,1.31831
1,8.29366,1.31887
1,8.29566,1.31943
1,8.29766,1.31998
1,8.29966,1.32054
1,8.30166,1.32109
1,8.30366,1.32165
1,8.30566,1.3222
1,8.30766,1.32275
1,8.30966,1.3233
1,8.31166,1.32386
1,8.31366,1.32441
1,8.31566,1.32496
1,8.31766,1.32551
1,8.31966,1.32606
1,8.32166,1.32661
1,8.32366,1.32716
1,8.32567,1.32771
1,8.32767,1.32826
1,8.32967,1.3288
1,8.33167,1.32935
1,8.33367,1.3299
1,8.33567,1.33044
1,8.33767,1.33099
1,8.33967,1.33153
1,8.34167,1.33208
1,8.34367,1.33262
1,8.34567,1.33317
1,8.34767,1.33371
1,8.34967,1.33425
1,8.35167,1.33479
1,8.35367,1.33533
1,8.35567,1.33588
1,8.35767,1.33642
1,8.35967,1.33696
1,8.36167,1.33749
1,8.36367,1.33803
1,8.36567,1.33857
1,8.36767,1.33911
1,8.36967,1.33965
1,8.37167,1.34018
1,8.37367,1.34072
1,8.37568,1.34126
1,8.37768,1.34179
1,8.37968,1.34233
1,8.38168,1.34286
1,8.38368,1.34339
1,8.38568,1.34393
1,8.38768,1.34446
1,8.38968,1.34499
1,8.39168,1.34552
1,8.39368,1.34605
1,8.39568,1.34658
1,8.39768,1.34711
1,8.39968,1.34764
1,8.40168,1.34817
1,8.40368,1.3487
1,8.40568,1.34923
1,8.40768,1.34975
1,8.40968,1.35028
1,8.41168,1.3508
1,8.41368,1.35133
1,8.41568,1.35185
1,8.41768,1.35238
1,8.41968,1.3529
1,8.42168,1.35342
1,8.42368,1.35395
1,8.42569,1.35447
1,8.42769,1.35499
1,8.42969,1.35551
1,8.43169,1.35603
1,8.43369,1.35655
1,8.43569,1.35707
1,8.43769,1.35759
1,8.43969,1.35811
1,8.44169,1.35862
1,8.44369,1.35914
1,8.44569,1.35966
1,8.44769,1.36017
1,8.44969,1.36069
1,8.45169,1.3612
1,8.45369,1.36171
1,8.45569,1.36223
1,8.45769,1.36274
1,8.45969,1.36325
1,8.46169,1.36376
1,8.46369,1.36427
1,8.46569,1.36478
1,8.46769,1.36529
1,8.46969,1.3658
1,8.47169,1.36631
1,8.47369,1.36682
1,8.4757,1.36732
1,8.4777,1.36783
1,8.4797,1.36834
1,8.4817,1.36884
1,8.4837,1.36935
1,8.4857,1.36985
1,8.4877,1.37035
1,8.4897,1.37086
1,8.4917,1.37136
1,8.4937,1.37186
1,8.4957,1.37236
1,8.4977,1.37286
1,8.4997,1.37336
1,8.5017,1.37386
1,8.5037,1.37436
1,8.5057,1.37485
1,8.5077,1.37535
1,8.5097,1.37585
1,8.5117,1.37634
1,8.5137,1.37684
1,8.5157,1.37733
1,8.5177,1.37783
1,8.5197,1.37832
1,8.5217,1.37881
1,8.5237,1.3793
1,8.52571,1.3798
1,8.52771,1.38029
1,8.52971,1.38078
1,8.53171,1.38127
1,8.53371,1.38175
1,8.53571,1.38224
1,8.53771,1.38273
1,8.53971,1.38322
1,8.54171,1.3837
1,8.54371,1.38419
1,8.54571,1.38467
1,8.54771,1.38516
1,8.54971,1.38564
1,8.55171,1.38612
1,8.55371,1.3866
1,8.55571,1.38709
1,8.55771,1.38757
1,8.55971,1.38805
1,8.56171,1.38852
1,8.56371,1.389
1,8.56571,1.38948
1,8.56771,1.38996
1,8.56971,1.39043
1,8.57171,1.39091
1,8.57371,1.39139
1,8.57572,1.39186
1,8.57772,1.39233
1,8.57972,1.39281
1,8.58172,1.39328
1,8.58372,1.39375
1,8.58572,1.39422
1,8.58772,1.39469
1,8.58972,1.39516
1,8.59172,1.39563
1,8.59372,1.3961
1,8.59572,1.39657
1,8.59772,1.39703
1,8.59972,1.3975
1,8.60172,1.39796
1,8.60372,1.39843
1,8.60572,1.39889
1,8.60772,1.39935
1,8.60972,1.39982
1,8.61172,1.40028
1,8.61372,1.40074
1,8.61572,1.4012
1,8.61772,1.40166
1,8.61972,1.40212
1,8.62172,1.40258
1,8.62372,1.40303
1,8.62573,1.40349
1,8.62773,1.40394
1,8.62973,1.4044
1,8.63173,1.40485
1,8.63373,1.40531
1,8.63573,1.40576
1,8.63773,1.40621
1,8.63973,1.40666
1,8.64173,1.40711
1,8.64373,1.40756
1,8.64573,1.40801
1,8.64773,1.40846
1,8.64973,1.40891
1,8.65173,1.40935
1,8.65373,1.4098
1,8.65573,1.41024
1,8.65773,1.41069
1,8.65973,1.41113
1,8.66173,1.41158
1,8.66373,1.41202
1,8.66573,1.41246
1,8.66773,1.4129
1,8.66973,1.41334
1,8.67173,1.41378
1,8.67373,1.41422
1,8.67574,1.41465
1,8.67774,1.41509
1,8.67974,1.41552
1,8.68174,1.41596
1,8.68374,1.41639
1,8.68574,1.41683
1,8.68774,1.41726
1,8.68974,1.41769
1,8.69174,1.41812
1,8.69374,1.41855
1,8.69574,1.41898
1,8.69774,1.41941
1,8.69974,1.41984
1,8.70174,1.42026
1,8.70374,1.42069
1,8.70574,1.42112
1,8.70774,1.42154
1,8.70974,1.42196
1,8.71174,1.42239
1,8.71374,1.42281
1,8.71574,1.42323
1,8.71774,1.42365
1,8.71974,1.42407
1,8.72174,1.42449
1,8.72374,1.4249
1,8.72575,1.42532
1,8.72775,1.42574
1,8.72975,1.42615
1,8.73175,1.42657
1,8.73375,1.42698
1,8.73575,1.42739
1,8.73775,1.4278
1,8.73975,1.42822
1,8.74175,1.42863
1,8.74375,1.42903
1,8.74575,1.42944
1,8.74775,1.42985
1,8.74975,1.43026
1,8.75175,1.43066
1,8.75375,1.43107
1,8.75575,1.43147
1,8.75775,1.43187
1,8.75975,1.43228
1,8.76175,1.43268
1,8.76375,1.43308
1,8.76575,1.43348
1,8.76775,1.43388
1,8.76975,1.43427
1,8.77175,1.43467
1,8.77375,1.43507
1,8.77576,1.43546
1,8.77776,1.43586
1,8.77976,1.43625
1,8.78176,1.43664
1,8.78376,1.43703
1,8.78576,1.43742
1,8.78776,1.43781
1,8.78976,1.4382
1,8.79176,1.43859
1,8.79376,1.43898
1,8.79576,1.43936
1,8.79776,1.43975
1,8.79976,1.44013
1,8.80176,1.44051
1,8.80376,1.4409
1,8.80576,1.44128
1,8.80776,1.44166
1,8.80976,1.44204
1,8.81176,1.44242
1,8.81376,1.44279
1,8.81576,1.44317
1,8.81776,1.44355
1,8.81976,1.44392
1,8.82176,1.44429
1,8.82376,1.44467
1,8.82577,1.44504
1,8.82777,1.44541
1,8.82977,1.44578
1,8.83177,1.44615
1,8.83377,1.44652
1,8.83577,1.44688
1,8.83777,1.44725
1,8.83977,1.44761
1,8.84177,1.44798
1,8.84377,1.44834
1,8.84577,1.4487
1,8.84777,1.44906
1,8.84977,1.44942
1,8.85177,1.44978
1,8.85377,1.45014
1,8.85577,1.4505
1,8.85777,1.45085
1,8.85977,1.45121
1,8.86177,1.45156
1,8.86377,1.45192
1,8.86577,1.45227
1,8.86777,1.45262
1,8.86977,1.45297
1,8.87177,1.45332
1,8.87377,1.45367
1,8.87578,1.45401
1,8.87778,1.45436
1,8.87978,1.4547
1,8.88178,1.45505
1,8.88378,1.45539
1,8.88578,1.45573
1,8.88778,1.45607
1,8.88978,1.45641
1,8.89178,1.45675
1,8.89378,1.45709
1,8.89578,1.45743
1,8.89778,1.45776
1,8.89978,1.4581
1,8.90178,1.45843
1,8.90378,1.45876
1,8.90578,1.45909
1,8.90778,1.45942
1,8.90978,1.45975
1,8.91178,1.46008
1,8.91378,1.46041
1,8.91578,1.46073
1,8.91778,1.46106
1,8.91978,1.46138
1,8.92178,1.4617
1,8.92378,1.46203
1,8.92579,1.46235
1,8.92779,1.46267
1,8.92979,1.46298
1,8.93179,1.4633
1,8.93379,1.46362
1,8.93579,1.46393
1,8.93779,1.46425
1,8.93979,1.46456
1,8.94179,1.46487
1,8.94379,1.46518
1,8.94579,1.46549
1,8.94779,1.4658
1,8.94979,1.46611
1,8.95179,1.46641
1,8.95379,1.46672
1,8.95579,1.46702
1,8.95779,1.46732
1,8.95979,1.46762
1,8.96179,1.46792
1,8.96379,1.46822
1,8.96579,1.46852
1,8.96779,1.46882
1,8.96979,1.46911
1,8.97179,1.46941
1,8.97379,1.4697
1,8.9758,1.46999
1,8.9778,1.47028
1,8.9798,1.47057
1,8.9818,1.47086
1,8.9838,1.47115
1,8.9858,1.47144
1,8.9878,1.47172
1,8.9898,1.47201
1,8.9918,1.47229
1,8.9938,1.47257
1,8.9958,1.47285
1,8.9978,1.47313
1,8.9998,1.47341
1,9.0018,1.47368
1,9.0038,1.47396
1,9.0058,1.47423
1,9.0078,1.47451
1,9.0098,1.47478
1,9.0118,1.47505
1,9.0138,1.47532
1,9.0158,1.47559
1,9.0178,1.47585
1,9.0198,1.47612
1,9.0218,1.47638
1,9.0238,1.47665
1,9.02581,1.47691
1,9.02781,1.47717
1,9.02981,1.47743
1,9.03181,1.47769
1,9.03381,1.47794
1,9.03581,1.4782
1,9.03781,1.47845
1,9.03981,1.47871
1,9.04181,1.47896
1,9.04381,1.47921
1,9.04581,1.47946
1,9.04781,1.4797
1,9.04981,1.47995
1,9.05181,1.4802
1,9.05381,1.48044
1,9.05581,1.48068
1,9.05781,1.48092
1,9.05981,1.48116
1,9.06181,1.4814
1,9.06381,1.48164
1,9.06581,1.48188
1,9.06781,1.48211
1,9.06981,1.48235
1,9.07181,1.48258
1,9.07381,1.48281
1,9.07582,1.48304
1,9.07782,1.48327
1,9.07982,1.48349
1,9.08182,1.48372
1,9.08382,1.48394
1,9.08582,1.48416
1,9.08782,1.48439
1,9.08982,1.48461
1,9.09182,1.48482
1,9.09382,1.48504
1,9.09582,1.48526
1,9.09782,1.48547
1,9.09982,1.48569
1,9.10182,1.4859
1,9.10382,1.48611
1,9.10582,1.48632
1,9.10782,1.48652
1,9.10982,1.48673
1,9.11182,1.48693
1,9.11382,1.48714
1,9.11582,1.48734
1,9.11782,1.48754
1,9.11982,1.48774
1,9.12182,1.48794
1,9.12382,1.48813
1,9.12583,1.48833
1,9.12783,1.48852
1,9.12983,1.48871
1,9.13183,1.4889
1,9.13383,1.48909
1,9.13583,1.48928
1,9.13783,1.48947
1,9.13983,1.48965
1,9.14183,1.48983
1,9.14383,1.49002
1,9.14583,1.4902
1,9.14783,1.49037
1,9.14983,1.49055
1,9.15183,1.49073
1,9.15383,1.4909
1,9.15583,1.49107
1,9.15783,1.49125
1,9.15983,1.49142
1,9.16183,1.49158
1,9.16383,1.49175
1,9.16583,1.49192
1,9.16783,1.49208
1,9.16983,1.49224
1,9.17183,1.4924
1,9.17383,1.49256
1,9.17584,1.49272
1,9.17784,1.49287
1,9.17984,1.49303
1,9.18184,1.49318
1,9.18384,1.49333
1,9.18584,1.49348
1,9.18784,1.49363
1,9.18984,1.49378
1,9.19184,1.49392
1,9.19384,1.49407
1,9.19584,1.49421
1,9.19784,1.49435
1,9.19984,1.49449
1,9.20184,1.49462
1,9.20384,1.49476
1,9.20584,1.49489
1,9.20784,1.49503
1,9.20984,1.49516
1,9.21184,1.49529
1,9.21384,1.49541
1,9.21584,1.49554
1,9.21784,1.49566
1,9.21984,1.49579
1,9.22184,1.49591
1,9.22384,1.49603
1,9.22585,1.49614
1,9.22785,1.49626
1,9.22985,1.49637
1,9.23185,1.49649
1,9.23385,1.4966
1,9.23585,1.49671
1,9.23785,1.49681
1,9.23985,1.49692
1,9.24185,1.49702
1,9.24385,1.49713
1,9.24585,1.49723
1,9.24785,1.49733
1,9.24985,1.49742
1,9.25185,1.49752
1,9.25385,1.49761
1,9.25585,1.49771
1,9.25785,1.4978
1,9.25985,1.49788
1,9.26185,1.49797
1,9.26385,1.49806
1,9.26585,1.49814
1,9.26785,1.49822
1,9.26985,1.4983
1,9.27185,1.49838
1,9.27385,1.49846
1,9.27586,1.49853
1,9.27786,1.4986
1,9.27986,1.49868
1,9.28186,1.49875
1,9.28386,1.49881
1,9.28586,1.49888
1,9.28786,1.49894
1,9.28986,1.499
1,9.29186,1.49906
1,9.29386,1.49912
1,9.29586,1.49918
1,9.29786,1.49923
1,9.29986,1.49929
1,9.30186,1.49934
1,9.30386,1.49939
1,9.30586,1.49944
1,9.30786,1.49948
1,9.30986,1.49952
1,9.31186,1.49957
1,9.31386,1.49961
1,9.31586,1.49964
1,9.31786,1.49968
1,9.31986,1.49971
1,9.32186,1.49975
1,9.32386,1.49978
1,9.32587,1.49981
1,9.32787,1.49983
1,9.32987,1.49986
1,9.33187,1.49988
1,9.33387,1.4999
1,9.33587,1.49992
1,9.33787,1.49994
1,9.33987,1.49995
1,9.34187,1.49996
1,9.34387,1.49997
1,9.34587,1.49998
1,9.34787,1.49999
1,9.34987,1.5
1,9.35187,1.5
1,9.35387,1.5
1,9.35587,1.5
1,9.35787,1.5
1,9.35987,1.49999
1,9.36187,1.49998
1,9.36387,1.49998
1,9.36587,1.49996
1,9.36787,1.49995
1,9.36987,1.49994
1,9.37187,1.49992
1,9.37387,1.4999
1,9.37588,1.49988
1,9.37788,1.49986
1,9.37988,1.49983
1,9.38188,1.4998
1,9.38388,1.49977
1,9.38588,1.49974
1,9.38788,1.49971
1,9.38988,1.49967
1,9.39188,1.49963
1,9.39388,1.49959
1,9.39588,1.49955
1,9.39788,1.49951
1,9.39988,1.49946
1,9.40188,1.49941
1,9.40388,1.49936
1,9.40588,1.49931
1,9.40788,1.49925
1,9.40988,1.4992
1,9.41188,1.49914
1,9.41388,1.49908
1,9.41588,1.49901
1,9.41788,1.49895
1,9.41988,1.49888
1,9.42188,1.49881
1,9.42388,1.49873
1,9.42589,1.49866
1,9.42789,1.49858
1,9.42989,1.4985
1,9.43189,1.49842
1,9.43389,1.49834
1,9.43589,1.49825
1,9.43789,1.49816
1,9.43989,1.49807
1,9.44189,1.49798
1,9.44389,1.49788
1,9.44589,1.49779
1,9.44789,1.49769
1,9.44989,1.49759
1,9.45189,1.49748
1,9.45389,1.49737
1,9.45589,1.49726
1,9.45789,1.49715
1,9.45989,1.49704
1,9.46189,1.49692
1,9.46389,1.49681
1,9.46589,1.49668
1,9.46789,1.49656
1,9.46989,1.49644
1,9.47189,1.49631
1,9.47389,1.49618
1,9.4759,1.49604
1,9.4779,1.49591
1,9.4799,1.49577
1,9.4819,1.49563
1,9.4839,1.49549
1,9.4859,1.49534
1,9.4879,1.4952
1,9.4899,1.49505
1,9.4919,1.49489
1,9.4939,1.49474
1,9.4959,1.49458
1,9.4979,1.49442
1,9.4999,1.49426
1,9.5019,1.4941
1,9.5039,1.49393
1,9.5059,1.49376
1,9.5079,1.49359
1,9.5099,1.49341
1,9.5119,1.49323
1,9.5139,1.49305
1,9.5159,1.49287
1,9.5179,1.49269
1,9.5199,1.4925
1,9.5219,1.49231
1,9.5239,1.49212
1,9.52591,1.49192
1,9.52791,1.49172
1,9.52991,1.49152
1,9.53191,1.49132
1,9.53391,1.49111
1,9.53591,1.4909
1,9.53791,1.49069
1,9.53991,1.49048
1,9.54191,1.49026
1,9.54391,1.49004
1,9.54591,1.48982
1,9.54791,1.4896
1,9.54991,1.48937
1,9.55191,1.48914
1,9.55391,1.48891
1,9.55591,1.48867
1,9.55791,1.48843
1,9.55991,1.48819
1,9.56191,1.48795
1,9.56391,1.4877
1,9.56591,1.48745
1,9.56791,1.4872
1,9.56991,1.48695
1,9.57191,1.48669
1,9.57391,1.48643
1,9.57592,1.48617
1,9.57792,1.4859
1,9.57992,1.48563
1,9.58192,1.48536
1,9.58392,1.48508
1,9.58592,1.48481
1,9.58792,1.48453
1,9.58992,1.48424
1,9.59192,1.48396
1,9.59392,1.48367
1,9.59592,1.48338
1,9.59792,1.48308
1,9.59992,1.48278
1,9.60192,1.48248
1,9.60392,1.48218
1,9.60592,1.48187
1,9.60792,1.48156
1,9.60992,1.48125
1,9.61192,1.48094
1,9.61392,1.48062
1,9.61592,1.4803
1,9.61792,1.47997
1,9.61992,1.47965
1,9.62192,1.47931
1,9.62392,1.47898
1,9.62593,1.47864
1,9.62793,1.47831
1,9.62993,1.47796
1,9.63193,1.47762
1,9.63393,1.47727
1,9.63593,1.47692
1,9.63793,1.47656
1,9.63993,1.4762
1,9.64193,1.47584
1,9.64393,1.47548
1,9.64593,1.47511
1,9.64793,1.47474
1,9.64993,1.47436
1,9.65193,1.47399
1,9.65393,1.47361
1,9.65593,1.47322
1,9.65793,1.47284
1,9.65993,1.47245
1,9.66193,1.47205
1,9.66393,1.47166
1,9.66593,1.47126
1,9.66793,1.47085
1,9.66993,1.47045
1,9.67193,1.47004
1,9.67393,1.46963
1,9.67594,1.46921
1,9.67794,1.46879
1,9.67994,1.46837
1,9.68194,1.46794
1,9.68394,1.46751
1,9.68594,1.46708
1,9.68794,1.46664
1,9.68994,1.4662
1,9.69194,1.46576
1,9.69394,1.46531
1,9.69594,1.46486
1,9.69794,1.46441
1,9.69994,1.46395
1,9.70194,1.46349
1,9.70394,1.46303
1,9.70594,1.46256
1,9.70794,1.46209
1,9.70994,1.46162
1,9.71194,1.46114
1,9.71394,1.46066
1,9.71594,1.46018
1,9.71794,1.45969
1,9.71994,1.4592
1,9.72194,1.4587
1,9.72394,1.4582
1,9.72595,1.4577
1,9.72795,1.45719
1,9.72995,1.45668
1,9.73195,1.45617
1,9.73395,1.45565
1,9.73595,1.45513
1,9.73795,1.45461
1,9.73995,1.45408
1,9.74195,1.45355
1,9.74395,1.45302
1,9.74595,1.45248
1,9.74795,1.45193
1,9.74995,1.45139
1,9.75195,1.45084
1,9.75395,1.45028
1,9.75595,1.44973
1,9.75795,1.44917
1,9.75995,1.4486
1,9.76195,1.44803
1,9.76395,1.44746
1,9.76595,1.44688
1,9.76795,1.4463
1,9.76995,1.44572
1,9.77195,1.44513
1,9.77395,1.44454
1,9.77596,1.44394
1,9.77796,1.44334
1,9.77996,1.44274
1,9.78196,1.44213
1,9.78396,1.44152
1,9.78596,1.44091
1,9.78796,1.44029
1,9.78996,1.43966
1,9.79196,1.43904
1,9.79396,1.4384
1,9.79596,1.43777
1,9.79796,1.43713
1,9.79996,1.43649
1,9.80196,1.43584
1,9.80396,1.43519
1,9.80596,1.43453
1,9.80796,1.43387
1,9.80996,1.43321
1,9.81196,1.43254
1,9.81396,1.43187
1,9.81596,1.43119
1,9.81796,1.43051
1,9.81996,1.42983
1,9.82196,1.42914
1,9.82396,1.42845
1,9.82597,1.42775
1,9.82797,1.42705
1,9.82997,1.42635
1,9.83197,1.42564
1,9.83397,1.42492
1,9.83597,1.4242
1,9.83797,1.42348
1,9.83997,1.42276
1,9.84197,1.42202
1,9.84397,1.42129
1,9.84597,1.42055
1,9.84797,1.41981
1,9.84997,1.41906
1,9.85197,1.41831
1,9.85397,1.41755
1,9.85597,1.41679
1,9.85797,1.41602
1,9.85997,1.41525
1,9.86197,1.41448
1,9.86397,1.4137
1,9.86597,1.41292
1,9.86797,1.41213
1,9.86997,1.41134
1,9.87197,1.41054
1,9.87397,1.40974
1,9.87598,1.40893
1,9.87798,1.40812
1,9.87998,1.40731
1,9.88198,1.40649
1,9.88398,1.40566
1,9.88598,1.40483
1,9.88798,1.404
1,9.88998,1.40316
1,9.89198,1.40232
1,9.89398,1.40147
1,9.89598,1.40062
1,9.89798,1.39977
1,9.89998,1.3989
1,9.90198,1.39804
1,9.90398,1.39717
1,9.90598,1.39629
1,9.90798,1.39541
1,9.90998,1.39453
1,9.91198,1.39364
1,9.91398,1.39275
1,9.91598,1.39185
1,9.91798,1.39094
1,9.91998,1.39003
1,9.92198,1.38912
1,9.92398,1.3882
1,9.92599,1.38728
1,9.92799,1.38635
1,9.92999,1.38542
1,9.93199,1.38448
1,9.93399,1.38354
1,9.93599,1.38259
1,9.93799,1.38164
1,9.93999,1.38068
1,9.94199,1.37972
1,9.94399,1.37875
1,9.94599,1.37778
1,9.94799,1.37681
1,9.94999,1.37582
1,9.95199,1.37484
1,9.95399,1.37385
1,9.95599,1.37285
1,9.95799,1.37185
1,9.95999,1.37084
1,9.96199,1.36983
1,9.96399,1.36881
1,9.96599,1.36779
1,9.96799,1.36676
1,9.96999,1.36573
1,9.97199,1.36469
1,9.97399,1.36365
1,9.976,1.3626
1,9.978,1.36155
1,9.98,1.36049
1,9.982,1.35943
1,9.984,1.35836
1,9.986,1.35728
1,9.988,1.35621
1,9.99,1.35512
1,9.992,1.35403
1,9.994,1.35294
1,9.996,1.35184
1,9.998,1.35073
1,10,1.34962
2,0,1.39764
2,0.0020004,1.39802
2,0.0040008,1.39839
2,0.0060012,1.39877
2,0.0080016,1.39915
2,0.010002,1.39952
2,0.0120024,1.3999
2,0.0140028,1.40027
2,0.0160032,1.40065
2,0.0180036,1.40102
2,0.020004,1.4014
2,0.0220044,1.40177
2,0.0240048,1.40214
2,0.0260052,1.40251
2,0.0280056,1.40289
2,0.030006,1.40326
2,0.0320064,1.40363
2,0.0340068,1.404
2,0.0360072,1.40437
2,0.0380076,1.40474
2,0.040008,1.40511
2,0.0420084,1.40548
2,0.0440088,1.40585
2,0.0460092,1.40622
2,0.0480096,1.40659
2,0.05001,1.40696
2,0.0520104,1.40732
2,0.0540108,1.40769
2,0.0560112,1.40806
2,0.0580116,1.40842
2,0.060012,1.40879
2,0.0620124,1.40915
2,0.0640128,1.40952
2,0.0660132,1.40988
2,0.0680136,1.41025
2,0.070014,1.41061
2,0.0720144,1.41097
2,0.0740148,1.41134
2,0.0760152,1.4117
2,0.0780156,1.41206
2,0.080016,1.41242
2,0.0820164,1.41278
2,0.0840168,1.41314
2,0.0860172,1.4135
2,0.0880176,1.41386
2,0.090018,1.41422
2,0.0920184,1.41458
2,0.0940188,1.41494
2,0.0960192,1.4153
2,0.0980196,1.41566
2,0.10002,1.41601
2,0.10202,1.41637
2,0.104021,1.41673
2,0.106021,1.41708
2,0.108022,1.41744
2,0.110022,1.41779
2,0.112022,1.41815
2,0.114023,1.4185
2,0.116023,1.41885
2,0.118024,1.41921
2,0.120024,1.41956
2,0.122024,1.41991
2,0.124025,1.42026
2,0.126025,1.42061
2,0.128026,1.42097
2,0.130026,1.42132
2,0.132026,1.42167
2,0.134027,1.42201
2,0.136027,1.42236
2,0.138028,1.42271
2,0.140028,1.42306
2,0.142028,1.42341
2,0.144029,1.42375
2,0.146029,1.4241
2,0.14803,1.42445
2,0.15003,1.42479
2,0.15203,1.42514
2,0.154031,1.42548
2,0.156031,1.42583
2,0.158032,1.42617
2,0.160032,1.42651
2,0.162032,1.42686
2,0.164033,1.4272
2,0.166033,1.42754
2,0.168034,1.42788
2,0.170034,1.42822
2,0.172034,1.42856
2,0.174035,1.4289
2,0.176035,1.42924
2,0.178036,1.42958
2,0.180036,1.42992
2,0.182036,1.43026
2,0.184037,1.43059
2,0.186037,1.43093
2,0.188038,1.43127
2,0.190038,1.4316
2,0.192038,1.43194
2,0.194039,1.43227
2,0.196039,1.43261
2,0.19804,1.43294
2,0.20004,1.43328
2,0.20204,1.43361
2,0.204041,1.43394
2,0.206041,1.43427
2,0.208042,1.4346
2,0.210042,1.43493
2,0.212042,1.43526
2,0.214043,1.43559
2,0.216043,1.43592
2,0.218044,1.43625
2,0.220044,1.43658
2,0.222044,1.43691
2,0.224045,1.43723
2,0.226045,1.43756
2,0.228046,1.43789
2,0.230046,1.43821
2,0.232046,1.43854
2,0.234047,1.43886
2,0.236047,1.43918
2,0.238048,1.43951
2,0.240048,1.43983
2,0.242048,1.44015
2,0.244049,1.44047
2,0.246049,1.4408
2,0.24805,1.44112
2,0.25005,1.44144
2,0.25205,1.44175
2,0.254051,1.44207
2,0.256051,1.44239
2,0.258052,1.44271
2,0.260052,1.44303
2,0.262052,1.44334
2,0.264053,1.44366
2,0.266053,1.44397
2,0.268054,1.44429
2,0.270054,1.4446
2,0.272054,1.44492
2,0.274055,1.44523
2,0.276055,1.44554
2,0.278056,1.44585
2,0.280056,1.44617
2,0.282056,1.44648
2,0.284057,1.44679
2,0.286057,1.4471
2,0.288058,1.44741
2,0.290058,1.44771
2,0.292058,1.44802
2,0.294059,1.44833
2,0.296059,1.44864
2,0.29806,1.44894
2,0.30006,1.44925
2,0.30206,1.44955
2,0.304061,1.44986
2,0.306061,1.45016
2,0.308062,1.45046
2,0.310062,1.45077
2,0.312062,1.45107
2,0.314063,1.45137
2,0.316063,1.45167
2,0.318064,1.45197
2,0.320064,1.45227
2,0.322064,1.45257
2,0.324065,1.45287
2,0.326065,1.45316
2,0.328066,1.45346
2,0.330066,1.45376
2,0.332066,1.45405
2,0.334067,1.45435
2,0.336067,1.45464
2,0.338068,1.45493
2,0.340068,1.45523
2,0.342068,1.45552
2,0.344069,1.45581
2,0.346069,1.4561
2,0.34807,1.45639
2,0.35007,1.45668
2,0.35207,1.45697
2,0.354071,1.45726
2,0.356071,1.45755
2,0.358072,1.45783
2,0.360072,1.45812
2,0.362072,1.45841
2,0.364073,1.45869
2,0.366073,1.45898
2,0.368074,1.45926
2,0.370074,1.45954
2,0.372074,1.45983
2,0.374075,1.46011
2,0.376075,1.46039
2,0.378076,1.46067
2,0.380076,1.46095
2,0.382076,1.46123
2,0.384077,1.46151
2,0.386077,1.46178
2,0.388078,1.46206
2,0.390078,1.46234
2,0.392078,1.46261
2,0.394079,1.46289
2,0.396079,1.46316
2,0.39808,1.46343
2,0.40008,1.46371
2,0.40208,1.46398
2,0.404081,1.46425
2,0.406081,1.46452
2,0.408082,1.46479
2,0.410082,1.46506
2,0.412082,1.46533
2,0.414083,1.4656
2,0.416083,1.46586
2,0.418084,1.46613
2,0.420084,1.46639
2,0.422084,1.46666
2,0.424085,1.46692
2,0.426085,1.46719
2,0.428086,1.46745
2,0.430086,1.46771
2,0.432086,1.46797
2,0.434087,1.46823
2,0.436087,1.46849
2,0.438088,1.46875
2,0.440088,1.46901
2,0.442088,1.46926
2,0.444089,1.46952
2,0.446089,1.46978
2,0.44809,1.47003
2,0.45009,1.47028
2,0.45209,1.47054
2,0.454091,1.47079
2,0.456091,1.47104
2,0.458092,1.47129
2,0.460092,1.47154
2,0.462092,1.47179
2,0.464093,1.47204
2,0.466093,1.47229
2,0.468094,1.47253
2,0.470094,1.47278
2,0.472094,1.47303
2,0.474095,1.47327
2,0.476095,1.47351
2,0.478096,1.47376
2,0.480096,1.474
2,0.482096,1.47424
2,0.484097,1.47448
2,0.486097,1.47472
2,0.488098,1.47496
2,0.490098,1.4752
2,0.492098,1.47543
2,0.494099,1.47567
2,0.496099,1.4759
2,0.4981,1.47614
2,0.5001,1.47637
2,0.5021,1.4766
2,0.504101,1.47684
2,0.506101,1.47707
2,0.508102,1.4773
2,0.510102,1.47753
2,0.512102,1.47775
2,0.514103,1.47798
2,0.516103,1.47821
2,0.518104,1.47843
2,0.520104,1.47866
2,0.522104,1.47888
2,0.524105,1.47911
2,0.526105,1.47933
2,0.528106,1.47955
2,0.530106,1.47977
2,0.532106,1.47999
2,0.534107,1.48021
2,0.536107,1.48042
2,0.538108,1.48064
2,0.540108,1.48086
2,0.542108,1.48107
2,0.544109,1.48128
2,0.546109,1.4815
2,0.54811,1.48171
2,0.55011,1.48192
2,0.55211,1.48213
2,0.554111,1.48234
2,0.556111,1.48255
2,0.558112,1.48275
2,0.560112,1.48296
2,0.562112,1.48317
2,0.564113,1.48337
2,0.566113,1.48357
2,0.568114,1.48378
2,0.570114,1.48398
2,0.572114,1.48418
2,0.574115,1.48438
2,0.576115,1.48457
2,0.578116,1.48477
2,0.580116,1.48497
2,0.582116,1.48516
2,0.584117,1.48536
2,0.586117,1.48555
2,0.588118,1.48574
2,0.590118,1.48593
2,0.592118,1.48612
2,0.594119,1.48631
2,0.596119,1.4865
2,0.59812,1.48669
2,0.60012,1.48687
2,0.60212,1.48706
2,0.604121,1.48724
2,0.606121,1.48743
2,0.608122,1.48761
2,0.610122,1.48779
2,0.612122,1.48797
2,0.614123,1.48815
2,0.616123,1.48832
2,0.618124,1.4885
2,0.620124,1.48868
2,0.622124,1.48885
2,0.624125,1.48902
2,0.626125,1.4892
2,0.628126,1.48937
2,0.630126,1.48954
2,0.632126,1.4897
2,0.634127,1.48987
2,0.636127,1.49004
2,0.638128,1.4902
2,0.640128,1.49037
2,0.642128,1.49053
2,0.644129,1.49069
2,0.646129,1.49085
2,0.64813,1.49101
2,0.65013,1.49117
2,0.65213,1.49133
2,0.654131,1.49148
2,0.656131,1.49164
2,0.658132,1.49179
2,0.660132,1.49194
2,0.662132,1.4921
2,0.664133,1.49225
2,0.666133,1.49239
2,0.668134,1.49254
2,0.670134,1.49269
2,0.672134,1.49283
2,0.674135,1.49298
2,0.676135,1.49312
2,0.678136,1.49326
2,0.680136,1.4934
2,0.682136,1.49354
2,0.684137,1.49368
2,0.686137,1.49381
2,0.688138,1.49395
2,0.690138,1.49408
2,0.692138,1.49421
2,0.694139,1.49435
2,0.696139,1.49447
2,0.69814,1.4946
2,0.70014,1.49473
2,0.70214,1.49486
2,0.704141,1.49498
2,0.706141,1.4951
2,0.708142,1.49523
2,0.710142,1.49535
2,0.712142,1.49547
2,0.714143,1.49558
2,0.716143,1.4957
2,0.718144,1.49582
2,0.720144,1.49593
2,0.722144,1.49604
2,0.724145,1.49615
2,0.726145,1.49626
2,0.728146,1.49637
2,0.730146,1.49648
2,0.732146,1.49658
2,0.734147,1.49669
2,0.736147,1.49679
2,0.738148,1.49689
2,0.740148,1.49699
2,0.742148,1.49709
2,0.744149,1.49718
2,0.746149,1.49728
2,0.74815,1.49737
2,0.75015,1.49746
2,0.75215,1.49756
2,0.754151,1.49764
2,0.756151,1.49773
2,0.758152,1.49782
2,0.760152,1.4979
2,0.762152,1.49799
2,0.764153,1.49807
2,0.766153,1.49815
2,0.768154,1.49823
2,0.770154,1.4983
2,0.772154,1.49838
2,0.774155,1.49845
2,0.776155,1.49852
2,0.778156,1.49859
2,0.780156,1.49866
2,0.782156,1.49873
2,0.784157,1.4988
2,0.786157,1.49886
2,0.788158,1.49892
2,0.790158,1.49898
2,0.792158,1.49904
2,0.794159,1.4991
2,0.796159,1.49916
2,0.79816,1.49921
2,0.80016,1.49926
2,0.80216,1.49931
2,0.804161,1.49936
2,0.806161,1.49941
2,0.808162,1.49946
2,0.810162,1.4995
2,0.812162,1.49954
2,0.814163,1.49958
2,0.816163,1.49962
2,0.818164,1.49966
2,0.820164,1.49969
2,0.822164,1.49972
2,0.824165,1.49976
2,0.826165,1.49979
2,0.828166,1.49981
2,0.830166,1.49984
2,0.832166,1.49986
2,0.834167,1.49988
2,0.836167,1.49991
2,0.838168,1.49992
2,0.840168,1.49994
2,0.842168,1.49995
2,0.844169,1.49997
2,0.846169,1.49998
2,0.84817,1.49999
2,0.85017,1.49999
2,0.85217,1.5
2,0.854171,1.5
2,0.856171,1.5
2,0.858172,1.5
2,0.860172,1.5
2,0.862172,1.49999
2,0.864173,1.49998
2,0.866173,1.49998
2,0.868174,1.49996
2,0.870174,1.49995
2,0.872174,1.49993
2,0.874175,1.49992
2,0.876175,1.4999
2,0.878176,1.49988
2,0.880176,1.49985
2,0.882176,1.49983
2,0.884177,1.4998
2,0.886177,1.49977
2,0.888178,1.49973
2,0.890178,1.4997
2,0.892178,1.49966
2,0.894179,1.49962
2,0.896179,1.49958
2,0.89818,1.49954
2,0.90018,1.49949
2,0.90218,1.49944
2,0.904181,1.49939
2,0.906181,1.49934
2,0.908182,1.49928
2,0.910182,1.49922
2,0.912182,1.49916
2,0.914183,1.4991
2,0.916183,1.49904
2,0.918184,1.49897
2,0.920184,1.4989
2,0.922184,1.49883
2,0.924185,1.49875
2,0.926185,1.49868
2,0.928186,1.4986
2,0.930186,1.49851
2,0.932186,1.49843
2,0.934187,1.49834
2,0.936187,1.49825
2,0.938188,1.49816
2,0.940188,1.49806
2,0.942188,1.49797
2,0.944189,1.49786
2,0.946189,1.49776
2,0.94819,1.49766
2,0.95019,1.49755
2,0.95219,1.49744
2,0.954191,1.49732
2,0.956191,1.49721
2,0.958192,1.49709
2,0.960192,1.49696
2,0.962192,1.49684
2,0.964193,1.49671
2,0.966193,1.49658
2,0.968194,1.49645
2,0.970194,1.49631
2,0.972194,1.49617
2,0.974195,1.49603
2,0.976195,1.49588
2,0.978196,1.49573
2,0.980196,1.49558
2,0.982196,1.49543
2,0.984197,1.49527
2,0.986197,1.49511
2,0.988198,1.49494
2,0.990198,1.49478
2,0.992198,1.49461
2,0.994199,1.49443
2,0.996199,1.49426
2,0.9982,1.49408
2,1.0002,1.4939
2,1.0022,1.49371
2,1.0042,1.49352
2,1.0062,1.49333
2,1.0082,1.49313
2,1.0102,1.49293
2,1.0122,1.49273
2,1.0142,1.49252
2,1.0162,1.49231
2,1.0182,1.4921
2,1.0202,1.49188
2,1.0222,1.49166
2,1.0242,1.49144
2,1.02621,1.49121
2,1.02821,1.49097
2,1.03021,1.49074
2,1.03221,1.4905
2,1.03421,1.49026
2,1.03621,1.49001
2,1.03821,1.48976
2,1.04021,1.48951
2,1.04221,1.48925
2,1.04421,1.48899
2,1.04621,1.48872
2,1.04821,1.48845
2,1.05021,1.48818
2,1.05221,1.4879
2,1.05421,1.48762
2,1.05621,1.48733
2,1.05821,1.48704
2,1.06021,1.48675
2,1.06221,1.48645
2,1.06421,1.48615
2,1.06621,1.48584
2,1.06821,1.48552
2,1.07021,1.48521
2,1.07221,1.48489
2,1.07421,1.48456
2,1.07622,1.48423
2,1.07822,1.4839
2,1.08022,1.48356
2,1.08222,1.48321
2,1.08422,1.48287
2,1.08622,1.48252
2,1.08822,1.48216
2,1.09022,1.48179
2,1.09222,1.48143
2,1.09422,1.48106
2,1.09622,1.48068
2,1.09822,1.48029
2,1.10022,1.47991
2,1.10222,1.47952
2,1.10422,1.47911
2,1.10622,1.4787
2,1.10822,1.47831
2,1.11022,1.4779
2,1.11222,1.47747
2,1.11422,1.47704
2,1.11622,1.47662
2,1.11822,1.47619
2,1.12022,1.47573
2,1.12222,1.47528
2,1.12422,1.47485
2,1.12623,1.47439
2,1.12823,1.4739
2,1.13023,1.47343
2,1.13223,1.47298
2,1.13423,1.47249
2,1.13623,1.47197
2,1.13823,1.47148
2,1.14023,1.47101
2,1.14223,1.4705
2,1.14423,1.46995
2,1.14623,1.46943
2,1.14823,1.46894
2,1.15023,1.4684
2,1.15223,1.46781
2,1.15423,1.46728
2,1.15623,1.46677
2,1.15823,1.46619
2,1.16023,1.46556
2,1.16223,1.46501
2,1.16423,1.46448
2,1.16623,1.46386
2,1.16823,1.4632
2,1.17023,1.46263
2,1.17223,1.46208
2,1.17423,1.46141
2,1.17624,1.46071
2,1.17824,1.46012
2,1.18024,1.45955
2,1.18224,1.45883
2,1.18424,1.45809
2,1.18624,1.45749
2,1.18824,1.45689
2,1.19024,1.45612
2,1.19224,1.45533
2,1.19424,1.45472
2,1.19624,1.4541
2,1.19824,1.45326
2,1.20024,1.45242
2,1.20224,1.4518
2,1.20424,1.45116
2,1.20624,1.45025
2,1.20824,1.44936
2,1.21024,1.44874
2,1.21224,1.44807
2,1.21424,1.44708
2,1.21624,1.44613
2,1.21824,1.44551
2,1.22024,1.44481
2,1.22224,1.44374
2,1.22424,1.44272
2,1.22625,1.4421
2,1.22825,1.44139
2,1.23025,1.44021
2,1.23225,1.43912
2,1.23425,1.43851
2,1.23625,1.43778
2,1.23825,1.43649
2,1.24025,1.43531
2,1.24225,1.43472
2,1.24425,1.43398
2,1.24625,1.43256
2,1.24825,1.43128
2,1.25025,1.43072
2,1.25225,1.42997
2,1.25425,1.4284
2,1.25625,1.42701
2,1.25825,1.42647
2,1.26025,1.42574
2,1.26225,1.42401
2,1.26425,1.42247
2,1.26625,1.42197
2,1.26825,1.42128
2,1.27025,1.41937
2,1.27225,1.41764
2,1.27425,1.41719
2,1.27626,1.41656
2,1.27826,1.41447
2,1.28026,1.41249
2,1.28226,1.41208
2,1.28426,1.41156
2,1.28626,1.40928
2,1.28826,1.407
2,1.29026,1.40661
2,1.29226,1.40627
2,1.29426,1.4038
2,1.29626,1.40113
2,1.29826,1.40073
2,1.30026,1.40063
2,1.30226,1.398
2,1.30426,1.39485
2,1.30626,1.39438
2,1.30826,1.3946
2,1.31026,1.39188
2,1.31226,1.38814
2,1.31426,1.38748
2,1.31626,1.38812
2,1.31826,1.38542
2,1.32026,1.38097
2,1.32226,1.37994
2,1.32426,1.38108
2,1.32627,1.37859
2,1.32827,1.37333
2,1.33027,1.37167
2,1.33227,1.37334
2,1.33427,1.37134
2,1.33627,1.36523
2,1.33827,1.36258
2,1.34027,1.36472
2,1.34227,1.36358
2,1.34427,1.35671
2,1.34627,1.3526
2,1.34827,1.35497
2,1.35027,1.35513
2,1.35227,1.34779
2,1.35427,1.3417
2,1.35627,1.34378
2,1.35827,1.34568
2,1.36027,1.33849
2,1.36227,1.32994
2,1.36427,1.33084
2,1.36627,1.33472
2,1.36827,1.32869
2,1.37027,1.31751
2,1.37227,1.3159
2,1.37427,1.32154
2,1.37628,1.318
2,1.37828,1.30453
2,1.38028,1.29876
2,1.38228,1.30521
2,1.38428,1.30587
2,1.38628,1.29138
2,1.38828,1.27917
2,1.39028,1.28363
2,1.39228,1.29038
2,1.39428,1.2795
2,1.39628,1.26025
2,1.39828,1.25542
2,1.40028,1.26311
2,1.40228,1.26115
2,1.40428,1.24558
2,1.40628,1.2354
2,1.40828,1.2346
2,1.41028,1.22253
2,1.41228,1.19495
2,1.41428,1.18406
2,1.41628,1.21356
2,1.41828,1.24696
2,1.42028,1.21202
2,1.42228,1.10708
2,1.42428,1.00175
2,1.42629,0.935133
2,1.42829,0.899807
2,1.43029,0.876499
2,1.43229,0.852819
2,1.43429,0.826301
2,1.43629,0.800198
2,1.43829,0.778092
2,1.44029,0.761448
2,1.44229,0.749905
2,1.44429,0.742349
2,1.44629,0.737624
2,1.44829,0.734808
2,1.45029,0.733251
2,1.45229,0.732516
2,1.45429,0.73232
2,1.45629,0.732478
2,1.45829,0.732873
2,1.46029,0.733429
2,1.46229,0.734095
2,1.46429,0.734838
2,1.46629,0.735636
2,1.46829,0.736474
2,1.47029,0.737341
2,1.47229,0.73823
2,1.47429,0.739136
2,1.4763,0.740055
2,1.4783,0.740985
2,1.4803,0.741922
2,1.4823,0.742866
2,1.4843,0.743816
2,1.4863,0.74477
2,1.4883,0.745728
2,1.4903,0.746689
2,1.4923,0.747653
2,1.4943,0.748619
2,1.4963,0.749587
2,1.4983,0.750558
2,1.5003,0.75153
2,1.5023,0.752503
2,1.5043,0.753478
2,1.5063,0.754453
2,1.5083,0.75543
2,1.5103,0.756408
2,1.5123,0.757387
2,1.5143,0.758366
2,1.5163,0.759346
2,1.5183,0.760327
2,1.5203,0.761309
2,1.5223,0.762291
2,1.5243,0.763273
2,1.52631,0.764257
2,1.52831,0.76524
2,1.53031,0.766224
2,1.53231,0.767209
2,1.53431,0.768194
2,1.53631,0.769179
2,1.53831,0.770164
2,1.54031,0.77115
2,1.54231,0.772137
2,1.54431,0.773123
2,1.54631,0.77411
2,1.54831,0.775097
2,1.55031,0.776084
2,1.55231,0.777072
2,1.55431,0.77806
2,1.55631,0.779048
2,1.55831,0.780036
2,1.56031,0.781024
2,1.56231,0.782013
2,1.56431,0.783002
2,1.56631,0.78399
2,1.56831,0.78498
2,1.57031,0.785969
2,1.57231,0.786958
2,1.57431,0.787948
2,1.57632,0.788937
2,1.57832,0.789927
2,1.58032,0.790917
2,1.58232,0.791907
2,1.58432,0.792897
2,1.58632,0.793888
2,1.58832,0.794878
2,1.59032,0.795869
2,1.59232,0.796859
2,1.59432,0.79785
2,1.59632,0.798841
2,1.59832,0.799831
2,1.60032,0.800822
2,1.60232,0.801813
2,1.60432,0.802805
2,1.60632,0.803796
2,1.60832,0.804787
2,1.61032,0.805778
2,1.61232,0.80677
2,1.61432,0.807761
2,1.61632,0.808753
2,1.61832,0.809744
2,1.62032,0.810736
2,1.62232,0.811728
2,1.62432,0.812719
2,1.62633,0.813711
2,1.62833,0.814703
2,1.63033,0.815695
2,1.63233,0.816687
2,1.63433,0.817679
2,1.63633,0.818671
2,1.63833,0.819663
2,1.64033,0.820655
2,1.64233,0.821647
2,1.64433,0.822639
2,1.64633,0.823631
2,1.64833,0.824624
2,1.65033,0.825616
2,1.65233,0.826608
2,1.65433,0.8276
2,1.65633,0.828593
2,1.65833,0.829585
2,1.66033,0.830577
2,1.66233,0.83157
2,1.66433,0.832562
2,1.66633,0.833555
2,1.66833,0.834547
2,1.67033,0.83554
2,1.67233,0.836532
2,1.67433,0.837524
2,1.67634,0.838517
2,1.67834,0.839509
2,1.68034,0.840502
2,1.68234,0.841494
2,1.68434,0.842487
2,1.68634,0.843479
2,1.68834,0.844472
2,1.69034,0.845464
2,1.69234,0.846457
2,1.69434,0.847449
2,1.69634,0.848442
2,1.69834,0.849434
2,1.70034,0.850427
2,1.70234,0.851419
2,1.70434,0.852412
2,1.70634,0.853404
2,1.70834,0.854397
2,1.71034,0.855389
2,1.71234,0.856382
2,1.71434,0.857374
2,1.71634,0.858366
2,1.71834,0.859359
2,1.72034,0.860351
2,1.72234,0.861343
2,1.72434,0.862336
2,1.72635,0.863328
2,1.72835,0.86432
2,1.73035,0.865313
2,1.73235,0.866305
2,1.73435,0.867297
2,1.73635,0.868289
2,1.73835,0.869281
2,1.74035,0.870273
2,1.74235,0.871265
2,1.74435,0.872258
2,1.74635,0.873249
2,1.74835,0.874241
2,1.75035,0.875233
2,1.75235,0.876225
2,1.75435,0.877217
2,1.75635,0.878209
2,1.75835,0.879201
2,1.76035,0.880192
2,1.76235,0.881184
2,1.76435,0.882175
2,1.76635,0.883167
2,1.76835,0.884158
2,1.77035,0.88515
2,1.77235,0.886141
2,1.77435,0.887133
2,1.77636,0.888124
2,1.77836,0.889115
2,1.78036,0.890106
2,1.78236,0.891097
2,1.78436,0.892088
2,1.78636,0.893079
2,1.78836,0.89407
2,1.79036,0.89506
2,1.79236,0.896051
2,1.79436,0.897042
2,1.79636,0.898032
2,1.79836,0.899022
2,1.80036,0.900013
2,1.80236,0.901003
2,1.80436,0.901993
2,1.80636,0.902983
2,1.80836,0.903973
2,1.81036,0.904963
2,1.81236,0.905952
2,1.81436,0.906942
2,1.81636,0.907931
2,1.81836,0.908921
2,1.82036,0.90991
2,1.82236,0.910899
2,1.82436,0.911888
2,1.82637,0.912876
2,1.82837,0.913865
2,1.83037,0.914853
2,1.83237,0.915842
2,1.83437,0.91683
2,1.83637,0.917818
2,1.83837,0.918806
2,1.84037,0.919793
2,1.84237,0.920781
2,1.84437,0.921768
2,1.84637,0.922755
2,1.84837,0.923742
2,1.85037,0.924729
2,1.85237,0.925715
2,1.85437,0.926701
2,1.85637,0.927687
2,1.85837,0.928673
2,1.86037,0.929658
2,1.86237,0.930644
2,1.86437,0.931628
2,1.86637,0.932613
2,1.86837,0.933597
2,1.87037,0.934581
2,1.87237,0.935565
2,1.87437,0.936549
2,1.87638,0.937532
2,1.87838,0.938514
2,1.88038,0.939497
2,1.88238,0.940479
2,1.88438,0.94146
2,1.88638,0.942441
2,1.88838,0.943422
2,1.89038,0.944402
2,1.89238,0.945382
2,1.89438,0.946361
2,1.89638,0.94734
2,1.89838,0.948318
2,1.90038,0.949296
2,1.90238,0.950273
2,1.90438,0.951249
2,1.90638,0.952225
2,1.90838,0.9532
2,1.91038,0.954174
2,1.91238,0.955147
2,1.91438,0.95612
2,1.91638,0.957092
2,1.91838,0.958063
2,1.92038,0.959033
2,1.92238,0.960002
2,1.92438,0.96097
2,1.92639,0.961936
2,1.92839,0.962902
2,1.93039,0.963866
2,1.93239,0.964829
2,1.93439,0.965791
2,1.93639,0.966751
2,1.93839,0.967709
2,1.94039,0.968666
2,1.94239,0.969621
2,1.94439,0.970574
2,1.94639,0.971525
2,1.94839,0.972474
2,1.95039,0.97342
2,1.95239,0.974364
2,1.95439,0.975305
2,1.95639,0.976243
2,1.95839,0.977178
2,1.96039,0.97811
2,1.96239,0.979039
2,1.96439,0.979964
2,1.96639,0.980884
2,1.96839,0.981801
2,1.97039,0.982713
2,1.97239,0.98362
2,1.97439,0.984521
2,1.9764,0.985418
2,1.9784,0.986308
2,1.9804,0.987193
2,1.9824,0.98807
2,1.9844,0.988941
2,1.9864,0.989804
2,1.9884,0.99066
2,1.9904,0.991507
2,1.9924,0.992346
2,1.9944,0.993176
2,1.9964,0.993997
2,1.9984,0.994808
2,2.0004,0.995609
2,2.0024,0.9964
2,2.0044,0.99718
2,2.0064,0.99795
2,2.0084,0.998708
2,2.0104,0.999455
2,2.0124,1.00019
2,2.0144,1.00092
2,2.0164,1.00163
2,2.0184,1.00233
2,2.0204,1.00302
2,2.0224,1.0037
2,2.0244,1.00437
2,2.02641,1.00502
2,2.02841,1.00567
2,2.03041,1.0063
2,2.03241,1.00693
2,2.03441,1.00755
2,2.03641,1.00815
2,2.03841,1.00875
2,2.04041,1.00934
2,2.04241,1.00992
2,2.04441,1.0105
2,2.04641,1.01106
2,2.04841,1.01162
2,2.05041,1.01218
2,2.05241,1.01273
2,2.05441,1.01327
2,2.05641,1.01381
2,2.05841,1.01434
2,2.06041,1.01488
2,2.06241,1.0154
2,2.06441,1.01593
2,2.06641,1.01645
2,2.06841,1.01697
2,2.07041,1.01748
2,2.07241,1.018
2,2.07441,1.01851
2,2.07642,1.01902
2,2.07842,1.01953
2,2.08042,1.02004
2,2.08242,1.02054
2,2.08442,1.02105
2,2.08642,1.02156
2,2.08842,1.02206
2,2.09042,1.02256
2,2.09242,1.02307
2,2.09442,1.02357
2,2.09642,1.02407
2,2.09842,1.02457
2,2.10042,1.02507
2,2.10242,1.02558
2,2.10442,1.02608
2,2.10642,1.02658
2,2.10842,1.02708
2,2.11042,1.02758
2,2.11242,1.02808
2,2.11442,1.02858
2,2.11642,1.02908
2,2.11842,1.02958
2,2.12042,1.03008
2,2.12242,1.03058
2,2.12442,1.03108
2,2.12643,1.03158
2,2.12843,1.03208
2,2.13043,1.03258
2,2.13243,1.03308
2,2.13443,1.03358
2,2.13643,1.03408
2,2.13843,1.03458
2,2.14043,1.03507
2,2.14243,1.03557
2,2.14443,1.03607
2,2.14643,1.03657
2,2.14843,1.03707
2,2.15043,1.03757
2,2.15243,1.03807
2,2.15443,1.03857
2,2.15643,1.03907
2,2.15843,1.03957
2,2.16043,1.04007
2,2.16243,1.04057
2,2.16443,1.04107
2,2.16643,1.04157
2,2.16843,1.04207
2,2.17043,1.04256
2,2.17243,1.04306
2,2.17443,1.04356
2,2.17644,1.04406
2,2.17844,1.04456
2,2.18044,1.04506
2,2.18244,1.04556
2,2.18444,1.04606
2,2.18644,1.04656
2,2.18844,1.04706
2,2.19044,1.04756
2,2.19244,1.04805
2,2.19444,1.04855
2,2.19644,1.04905
2,2.19844,1.04955
2,2.20044,1.05005
2,2.20244,1.05055
2,2.20444,1.05105
2,2.20644,1.05155
2,2.20844,1.05205
2,2.21044,1.05254
2,2.21244,1.05304
2,2.21444,1.05354
2,2.21644,1.05404
2,2.21844,1.05454
2,2.22044,1.05504
2,2.22244,1.05554
2,2.22444,1.05603
2,2.22645,1.05653
2,2.22845,1.05703
2,2.23045,1.05753
2,2.23245,1.05803
2,2.23445,1.05853
2,2.23645,1.05902
2,2.23845,1.05952
2,2.24045,1.06002
2,2.24245,1.06052
2,2.24445,1.06102
2,2.24645,1.06152
2,2.24845,1.06201
2,2.25045,1.06251
2,2.25245,1.06301
2,2.25445,1.06351
2,2.25645,1.06401
2,2.25845,1.0645
2,2.26045,1.065
2,2.26245,1.0655
2,2.26445,1.066
2,2.26645,1.0665
2,2.26845,1.06699
2,2.27045,1.06749
2,2.27245,1.06799
2,2.27445,1.06849
2,2.27646,1.06899
2,2.27846,1.06948
2,2.28046,1.06998
2,2.28246,1.07048
2,2.28446,1.07098
2,2.28646,1.07147
2,2.28846,1.07197
2,2.29046,1.07247
2,2.29246,1.07297
2,2.29446,1.07346
2,2.29646,1.07396
2,2.29846,1.07446
2,2.30046,1.07495
2,2.30246,1.07545
2,2.30446,1.07595
2,2.30646,1.07645
2,2.30846,1.07694
2,2.31046,1.07744
2,2.31246,1.07794
2,2.31446,1.07843
2,2.31646,1.07893
2,2.31846,1.07943
2,2.32046,1.07993
2,2.32246,1.08042
2,2.32446,1.08092
2,2.32647,1.08142
2,2.32847,1.08191
2,2.33047,1.08241
2,2.33247,1.08291
2,2.33447,1.0834
2,2.33647,1.0839
2,2.33847,1.0844
2,2.34047,1.08489
2,2.34247,1.08539
2,2.34447,1.08588
2,2.34647,1.08638
2,2.34847,1.08688
2,2.35047,1.08737
2,2.35247,1.08787
2,2.35447,1.08837
2,2.35647,1.08886
2,2.35847,1.08936
2,2.36047,1.08985
2,2.36247,1.09035
2,2.36447,1.09085
2,2.36647,1.09134
2,2.36847,1.09184
2,2.37047,1.09233
2,2.37247,1.09283
2,2.37447,1.09332
2,2.37648,1.09382
2,2.37848,1.09432
2,2.38048,1.09481
2,2.38248,1.09531
2,2.38448,1.0958
2,2.38648,1.0963
2,2.38848,1.09679
2,2.39048,1.09729
2,2.39248,1.09778
2,2.39448,1.09828
2,2.39648,1.09877
2,2.39848,1.09927
2,2.40048,1.09976
2,2.40248,1.10026
2,2.40448,1.10075
2,2.40648,1.10125
2,2.40848,1.10174
2,2.41048,1.10224
2,2.41248,1.10273
2,2.41448,1.10323
2,2.41648,1.10372
2,2.41848,1.10422
2,2.42048,1.10471
2,2.42248,1.10521
2,2.42448,1.1057
2,2.42649,1.1062
2,2.42849,1.10669
2,2.43049,1.10718
2,2.43249,1.10768
2,2.43449,1.10817
2,2.43649,1.10867
2,2.43849,1.10916
2,2.44049,1.10965
2,2.44249,1.11015
2,2.44449,1.11064
2,2.44649,1.11114
2,2.44849,1.11163
2,2.45049,1.11212
2,2.45249,1.11262
2,2.45449,1.11311
2,2.45649,1.1136
2,2.45849,1.1141
2,2.46049,1.11459
2,2.46249,1.11508
2,2.46449,1.11558
2,2.46649,1.11607
2,2.46849,1.11656
2,2.47049,1.11706
2,2.47249,1.11755
2,2.47449,1.11804
2,2.4765,1.11854
2,2.4785,1.11903
2,2.4805,1.11952
2,2.4825,1.12001
2,2.4845,1.12051
2,2.4865,1.121
2,2.4885,1.12149
2,2.4905,1.12198
2,2.4925,1.12248
2,2.4945,1.12297
2,2.4965,1.12346
2,2.4985,1.12395
2,2.5005,1.12445
2,2.5025,1.12494
2,2.5045,1.12543
2,2.5065,1.12592
2,2.5085,1.12641
2,2.5105,1.1269
2,2.5125,1.1274
2,2.5145,1.12789
2,2.5165,1.12838
2,2.5185,1.12887
2,2.5205,1.12936
2,2.5225,1.12985
2,2.5245,1.13035
2,2.52651,1.13084
2,2.52851,1.13133
2,2.53051,1.13182
2,2.53251,1.13231
2,2.53451,1.1328
2,2.53651,1.13329
2,2.53851,1.13378
2,2.54051,1.13427
2,2.54251,1.13476
2,2.54451,1.13526
2,2.54651,1.13575
2,2.54851,1.13624
2,2.55051,1.13673
2,2.55251,1.13722
2,2.55451,1.13771
2,2.55651,1.1382
2,2.55851,1.13869
2,2.56051,1.13918
2,2.56251,1.13967
2,2.56451,1.14016
2,2.56651,1.14065
2,2.56851,1.14114
2,2.57051,1.14163
2,2.57251,1.14212
2,2.57451,1.14261
2,2.57652,1.1431
2,2.57852,1.14358
2,2.58052,1.14407
2,2.58252,1.14456
2,2.58452,1.14505
2,2.58652,1.14554
2,2.58852,1.14603
2,2.59052,1.14652
2,2.59252,1.14701
2,2.59452,1.1475
2,2.59652,1.14799
2,2.59852,1.14847
2,2.60052,1.14896
2,2.60252,1.14945
2,2.60452,1.14994
2,2.60652,1.15043
2,2.60852,1.15092
2,2.61052,1.1514
2,2.61252,1.15189
2,2.61452,1.15238
2,2.61652,1.15287
2,2.61852,1.15336
2,2.62052,1.15384
2,2.62252,1.15433
2,2.62452,1.15482
2,2.62653,1.15531
2,2.62853,1.15579
2,2.63053,1.15628
2,2.63253,1.15677
2,2.63453,1.15725
2,2.63653,1.15774
2,2.63853,1.15823
2,2.64053,1.15872
2,2.64253,1.1592
2,2.64453,1.15969
2,2.64653,1.16018
2,2.64853,1.16066
2,2.65053,1.16115
2,2.65253,1.16164
2,2.65453,1.16212
2,2.65653,1.16261
2,2.65853,1.16309
2,2.66053,1.16358
2,2.66253,1.16407
2,2.66453,1.16455
2,2.66653,1.16504
2,2.66853,1.16552
2,2.67053,1.16601
2,2.67253,1.16649
2,2.67453,1.16698
2,2.67654,1.16746
2,2.67854,1.16795
2,2.68054,1.16843
2,2.68254,1.16892
2,2.68454,1.1694
2,2.68654,1.16989
2,2.68854,1.17037
2,2.69054,1.17086
2,2.69254,1.17134
2,2.69454,1.17183
2,2.69654,1.17231
2,2.69854,1.1728
2,2.70054,1.17328
2,2.70254,1.17376
2,2.70454,1.17425
2,2.70654,1.17473
2,2.70854,1.17522
2,2.71054,1.1757
2,2.71254,1.17618
2,2.71454,1.17667
2,2.71654,1.17715
2,2.71854,1.17763
2,2.72054,1.17812
2,2.72254,1.1786
2,2.72454,1.17908
2,2.72655,1.17957
2,2.72855,1.18005
2,2.73055,1.18053
2,2.73255,1.18101
2,2.73455,1.1815
2,2.73655,1.18198
2,2.73855,1.18246
2,2.74055,1.18294
2,2.74255,1.18343
2,2.74455,1.18391
2,2.74655,1.18439
2,2.74855,1.18487
2,2.75055,1.18535
2,2.75255,1.18583
2,2.75455,1.18632
2,2.75655,1.1868
2,2.75855,1.18728
2,2.76055,1.18776
2,2.76255,1.18824
2,2.76455,1.18872
2,2.76655,1.1892
2,2.76855,1.18968
2,2.77055,1.19016
2,2.77255,1.19064
2,2.77455,1.19112
2,2.77656,1.1916
2,2.77856,1.19208
2,2.78056,1.19257
2,2.78256,1.19305
2,2.78456,1.19352
2,2.78656,1.194
2,2.78856,1.19448
2,2.79056,1.19496
2,2.79256,1.19544
2,2.79456,1.19592
2,2.79656,1.1964
2,2.79856,1.19688
2,2.80056,1.19736
2,2.80256,1.19784
2,2.80456,1.19832
2,2.80656,1.1988
2,2.80856,1.19927
2,2.81056,1.19975
2,2.81256,1.20023
2,2.81456,1.20071
2,2.81656,1.20119
2,2.81856,1.20167
2,2.82056,1.20214
2,2.82256,1.20262
2,2.82456,1.2031
2,2.82657,1.20358
2,2.82857,1.20405
2,2.83057,1.20453
2,2.83257,1.20501
2,2.83457,1.20549
2,2.83657,1.20596
2,2.83857,1.20644
2,2.84057,1.20692
2,2.84257,1.20739
2,2.84457,1.20787
2,2.84657,1.20835
2,2.84857,1.20882
2,2.85057,1.2093
2,2.85257,1.20977
2,2.85457,1.21025
2,2.85657,1.21073
2,2.85857,1.2112
2,2.86057,1.21168
2,2.86257,1.21215
2,2.86457,1.21263
2,2.86657,1.2131
2,2.86857,1.21358
2,2.87057,1.21405
2,2.87257,1.21453
2,2.87457,1.215
2,2.87658,1.21548
2,2.87858,1.21595
2,2.88058,1.21642
2,2.88258,1.2169
2,2.88458,1.21737
2,2.88658,1.21785
2,2.88858,1.21832
2,2.89058,1.21879
2,2.89258,1.21927
2,2.89458,1.21974
2,2.89658,1.22021
2,2.89858,1.22069
2,2.90058,1.22116
2,2.90258,1.22163
2,2.90458,1.22211
2,2.90658,1.22258
2,2.90858,1.22305
2,2.91058,1.22352
2,2.91258,1.22399
2,2.91458,1.22447
2,2.91658,1.22494
2,2.91858,1.22541
2,2.92058,1.22588
2,2.92258,1.22635
2,2.92458,1.22683
2,2.92659,1.2273
2,2.92859,1.22777
2,2.93059,1.22824
2,2.93259,1.22871
2,2.93459,1.22918
2,2.93659,1.22965
2,2.93859,1.23012
2,2.94059,1.23059
2,2.94259,1.23106
2,2.94459,1.23153
2,2.94659,1.232
2,2.94859,1.23247
2,2.95059,1.23294
2,2.95259,1.23341
2,2.95459,1.23388
2,2.95659,1.23435
2,2.95859,1.23482
2,2.96059,1.23529
2,2.96259,1.23576
2,2.96459,1.23622
2,2.96659,1.23669
2,2.96859,1.23716
2,2.97059,1.23763
2,2.97259,1.2381
2,2.97459,1.23857
2,2.9766,1.23903
2,2.9786,1.2395
2,2.9806,1.23997
2,2.9826,1.24044
2,2.9846,1.2409
2,2.9866,1.24137
2,2.9886,1.24184
2,2.9906,1.2423
2,2.9926,1.24277
2,2.9946,1.24324
2,2.9966,1.2437
2,2.9986,1.24417
2,3.0006,1.24464
2,3.0026,1.2451
2,3.0046,1.24557
2,3.0066,1.24603
2,3.0086,1.2465
2,3.0106,1.24696
2,3.0126,1.24743
2,3.0146,1.24789
2,3.0166,1.24836
2,3.0186,1.24882
2,3.0206,1.24929
2,3.0226,1.24975
2,3.0246,1.25022
2,3.02661,1.25068
2,3.02861,1.25114
2,3.03061,1.25161
2,3.03261,1.25207
2,3.03461,1.25253
2,3.03661,1.253
2,3.03861,1.25346
2,3.04061,1.25392
2,3.04261,1.25439
2,3.04461,1.25485
2,3.04661,1.25531
2,3.04861,1.25577
2,3.05061,1.25624
2,3.05261,1.2567
2,3.05461,1.25716
2,3.05661,1.25762
2,3.05861,1.25808
2,3.06061,1.25854
2,3.06261,1.25901
2,3.06461,1.25947
2,3.06661,1.25993
2,3.06861,1.26039
2,3.07061,1.26085
2,3.07261,1.26131
2,3.07461,1.26177
2,3.07662,1.26223
2,3.07862,1.26269
2,3.08062,1.26315
2,3.08262,1.26361
2,3.08462,1.26407
2,3.08662,1.26453
2,3.08862,1.26499
2,3.09062,1.26545
2,3.09262,1.2659
2,3.09462,1.26636
2,3.09662,1.26682
2,3.09862,1.26728
2,3.10062,1.26774
2,3.10262,1.26819
2,3.10462,1.26865
2,3.10662,1.26911
2,3.10862,1.26957
2,3.11062,1.27002
2,3.11262,1.27048
2,3.11462,1.27094
2,3.11662,1.2714
2,3.11862,1.27185
2,3.12062,1.27231
2,3.12262,1.27276
2,3.12462,1.27322
2,3.12663,1.27368
2,3.12863,1.27413
2,3.13063,1.27459
2,3.13263,1.27504
2,3.13463,1.2755
2,3.13663,1.27595
2,3.13863,1.27641
2,3.14063,1.27686
2,3.14263,1.27732
2,3.14463,1.27777
2,3.14663,1.27822
2,3.14863,1.27868
2,3.15063,1.27913
2,3.15263,1.27958
2,3.15463,1.28004
2,3.15663,1.28049
2,3.15863,1.28094
2,3.16063,1.2814
2,3.16263,1.28185
2,3.16463,1.2823
2,3.16663,1.28275
2,3.16863,1.28321
2,3.17063,1.28366
2,3.17263,1.28411
2,3.17463,1.28456
2,3.17664,1.28501
2,3.17864,1.28546
2,3.18064,1.28591
2,3.18264,1.28636
2,3.18464,1.28682
2,3.18664,1.28727
2,3.18864,1.28772
2,3.19064,1.28817
2,3.19264,1.28862
2,3.19464,1.28906
2,3.19664,1.28951
2,3.19864,1.28996
2,3.20064,1.29041
2,3.20264,1.29086
2,3.20464,1.29131
2,3.20664,1.29176
2,3.20864,1.29221
2,3.21064,1.29265
2,3.21264,1.2931
2,3.21464,1.29355
2,3.21664,1.294
2,3.21864,1.29444
2,3.22064,1.29489
2,3.22264,1.29534
2,3.22464,1.29578
2,3.22665,1.29623
2,3.22865,1.29668
2,3.23065,1.29712
2,3.23265,1.29757
2,3.23465,1.29801
2,3.23665,1.29846
2,3.23865,1.2989
2,3.24065,1.29935
2,3.24265,1.29979
2,3.24465,1.30024
2,3.24665,1.30068
2,3.24865,1.30113
2,3.25065,1.30157
2,3.25265,1.30201
2,3.25465,1.30246
2,3.25665,1.3029
2,3.25865,1.30334
2,3.26065,1.30379
2,3.26265,1.30423
2,3.26465,1.30467
2,3.26665,1.30511
2,3.26865,1.30556
2,3.27065,1.306
2,3.27265,1.30644
2,3.27465,1.30688
2,3.27666,1.30732
2,3.27866,1.30776
2,3.28066,1.3082
2,3.28266,1.30864
2,3.28466,1.30908
2,3.28666,1.30952
2,3.28866,1.30996
2,3.29066,1.3104
2,3.29266,1.31084
2,3.29466,1.31128
2,3.29666,1.31172
2,3.29866,1.31216
2,3.30066,1.3126
2,3.30266,1.31304
2,3.30466,1.31348
2,3.30666,1.31391
2,3.30866,1.31435
2,3.31066,1.31479
2,3.31266,1.31523
2,3.31466,1.31566
2,3.31666,1.3161
2,3.31866,1.31654
2,3.32066,1.31697
2,3.32266,1.31741
2,3.32466,1.31784
2,3.32667,1.31828
2,3.32867,1.31872
2,3.33067,1.31915
2,3.33267,1.31959
2,3.33467,1.32002
2,3.33667,1.32046
2,3.33867,1.32089
2,3.34067,1.32132
2,3.34267,1.32176
2,3.34467,1.32219
2,3.34667,1.32262
2,3.34867,1.32306
2,3.35067,1.32349
2,3.35267,1.32392
2,3.35467,1.32435
2,3.35667,1.32479
2,3.35867,1.32522
2,3.36067,1.32565
2,3.36267,1.32608
2,3.36467,1.32651
2,3.36667,1.32694
2,3.36867,1.32737
2,3.37067,1.32781
2,3.37267,1.32824
2,3.37467,1.32867
2,3.37668,1.32909
2,3.37868,1.32952
2,3.38068,1.32995
2,3.38268,1.33038
2,3.38468,1.33081
2,3.38668,1.33124
2,3.38868,1.33167
2,3.39068,1.3321
2,3.39268,1.33252
2,3.39468,1.33295
2,3.39668,1.33338
2,3.39868,1.33381
2,3.40068,1.33423
2,3.40268,1.33466
2,3.40468,1.33509
2,3.40668,1.33551
2,3.40868,1.33594
2,3.41068,1.33636
2,3.41268,1.33679
2,3.41468,1.33721
2,3.41668,1.33764
2,3.41868,1.33806
2,3.42068,1.33849
2,3.42268,1.33891
2,3.42468,1.33933
2,3.42669,1.33976
2,3.42869,1.34018
2,3.43069,1.3406
2,3.43269,1.34103
2,3.43469,1.34145
2,3.43669,1.34187
2,3.43869,1.34229
2,3.44069,1.34271
2,3.44269,1.34313
2,3.44469,1.34356
2,3.44669,1.34398
2,3.44869,1.3444
2,3.45069,1.34482
2,3.45269,1.34524
2,3.45469,1.34566
2,3.45669,1.34608
2,3.45869,1.3465
2,3.46069,1.34691
2,3.46269,1.34733
2,3.46469,1.34775
2,3.46669,1.34817
2,3.46869,1.34859
2,3.47069,1.349
2,3.47269,1.34942
2,3.47469,1.34984
2,3.4767,1.35026
2,3.4787,1.35067
2,3.4807,1.35109
2,3.4827,1.3515
2,3.4847,1.35192
2,3.4867,1.35233
2,3.4887,1.35275
2,3.4907,1.35316
2,3.4927,1.35358
2,3.4947,1.35399
2,3.4967,1.35441
2,3.4987,1.35482
2,3.5007,1.35523
2,3.5027,1.35565
2,3.5047,1.35606
2,3.5067,1.35647
2,3.5087,1.35688
2,3.5107,1.3573
2,3.5127,1.35771
2,3.5147,1.35812
2,3.5167,1.35853
2,3.5187,1.35894
2,3.5207,1.35935
2,3.5227,1.35976
2,3.5247,1.36017
2,3.52671,1.36058
2,3.52871,1.36099
2,3.53071,1.3614
2,3.53271,1.36181
2,3.53471,1.36221
2,3.53671,1.36262
2,3.53871,1.36303
2,3.54071,1.36344
2,3.54271,1.36385
2,3.54471,1.36425
2,3.54671,1.36466
2,3.54871,1.36506
2,3.55071,1.36547
2,3.55271,1.36588
2,3.55471,1.36628
2,3.55671,1.36669
2,3.55871,1.36709
2,3.56071,1.3675
2,3.56271,1.3679
2,3.56471,1.3683
2,3.56671,1.36871
2,3.56871,1.36911
2,3.57071,1.36951
2,3.57271,1.36991
2,3.57471,1.37032
2,3.57672,1.37072
2,3.57872,1.37112
2,3.58072,1.37152
2,3.58272,1.37192
2,3.58472,1.37232
2,3.58672,1.37272
2,3.58872,1.37312
2,3.59072,1.37352
2,3.59272,1.37392
2,3.59472,1.37432
2,3.59672,1.37472
2,3.59872,1.37512
2,3.60072,1.37552
2,3.60272,1.37591
2,3.60472,1.37631
2,3.60672,1.37671
2,3.60872,1.3771
2,3.61072,1.3775
2,3.61272,1.3779
2,3.61472,1.37829
2,3.61672,1.37869
2,3.61872,1.37908
2,3.62072,1.37948
2,3.62272,1.37987
2,3.62472,1.38026
2,3.62673,1.38066
2,3.62873,1.38105
2,3.63073,1.38144
2,3.63273,1.38184
2,3.63473,1.38223
2,3.63673,1.38262
2,3.63873,1.38301
2,3.64073,1.3834
2,3.64273,1.38379
2,3.64473,1.38419
2,3.64673,1.38458
2,3.64873,1.38497
2,3.65073,1.38535
2,3.65273,1.38574
2,3.65473,1.38613
2,3.65673,1.38652
2,3.65873,1.38691
2,3.66073,1.3873
2,3.66273,1.38768
2,3.66473,1.38807
2,3.66673,1.38846
2,3.66873,1.38884
2,3.67073,1.38923
2,3.67273,1.38962
2,3.67473,1.39
2,3.67674,1.39039
2,3.67874,1.39077
2,3.68074,1.39115
2,3.68274,1.39154
2,3.68474,1.39192
2,3.68674,1.3923
2,3.68874,1.39269
2,3.69074,1.39307
2,3.69274,1.39345
2,3.69474,1.39383
2,3.69674,1.39421
2,3.69874,1.39459
2,3.70074,1.39497
2,3.70274,1.39535
2,3.70474,1.39573
2,3.70674,1.39611
2,3.70874,1.39649
2,3.71074,1.39687
2,3.71274,1.39725
2,3.71474,1.39763
2,3.71674,1.398
2,3.71874,1.39838
2,3.72074,1.39876
2,3.72274,1.39913
2,3.72474,1.39951
2,3.72675,1.39988
2,3.72875,1.40026
2,3.73075,1.40063
2,3.73275,1.40101
2,3.73475,1.40138
2,3.73675,1.40176
2,3.73875,1.40213
2,3.74075,1.4025
2,3.74275,1.40287
2,3.74475,1.40325
2,3.74675,1.40362
2,3.74875,1.40399
2,3.75075,1.40436
2,3.75275,1.40473
2,3.75475,1.4051
2,3.75675,1.40547
2,3.75875,1.40584
2,3.76075,1.40621
2,3.76275,1.40657
2,3.76475,1.40694
2,3.76675,1.40731
2,3.76875,1.40768
2,3.77075,1.40804
2,3.77275,1.40841
2,3.77475,1.40877
2,3.77676,1.40914
2,3.77876,1.40951
2,3.78076,1.40987
2,3.78276,1.41023
2,3.78476,1.4106
2,3.78676,1.41096
2,3.78876,1.41132
2,3.79076,1.41169
2,3.79276,1.41205
2,3.79476,1.41241
2,3.79676,1.41277
2,3.79876,1.41313
2,3.80076,1.41349
2,3.80276,1.41385
2,3.80476,1.41421
2,3.80676,1.41457
2,3.80876,1.41493
2,3.81076,1.41529
2,3.81276,1.41564
2,3.81476,1.416
2,3.81676,1.41636
2,3.81876,1.41671
2,3.82076,1.41707
2,3.82276,1.41742
2,3.82476,1.41778
2,3.82677,1.41813
2,3.82877,1.41849
2,3.83077,1.41884
2,3.83277,1.41919
2,3.83477,1.41955
2,3.83677,1.4199
2,3.83877,1.42025
2,3.84077,1.4206
2,3.84277,1.42095
2,3.84477,1.4213
2,3.84677,1.42165
2,3.84877,1.422
2,3.85077,1.42235
2,3.85277,1.4227
2,3.85477,1.42305
2,3.85677,1.4234
2,3.85877,1.42374
2,3.86077,1.42409
2,3.86277,1.42444
2,3.86477,1.42478
2,3.86677,1.42513
2,3.86877,1.42547
2,3.87077,1.42581
2,3.87277,1.42616
2,3.87477,1.4265
2,3.87678,1.42684
2,3.87878,1.42719
2,3.88078,1.42753
2,3.88278,1.42787
2,3.88478,1.42821
2,3.88678,1.42855
2,3.88878,1.42889
2,3.89078,1.42923
2,3.89278,1.42957
2,3.89478,1.42991
2,3.89678,1.43025
2,3.89878,1.43058
2,3.90078,1.43092
2,3.90278,1.43126
2,3.90478,1.43159
2,3.90678,1.43193
2,3.90878,1.43226
2,3.91078,1.4326
2,3.91278,1.43293
2,3.91478,1.43326
2,3.91678,1.4336
2,3.91878,1.43393
2,3.92078,1.43426
2,3.92278,1.43459
2,3.92478,1.43492
2,3.92679,1.43525
2,3.92879,1.43558
2,3.93079,1.43591
2,3.93279,1.43624
2,3.93479,1.43657
2,3.93679,1.4369
2,3.93879,1.43722
2,3.94079,1.43755
2,3.94279,1.43787
2,3.94479,1.4382
2,3.94679,1.43852
2,3.94879,1.43885
2,3.95079,1.43917
2,3.95279,1.4395
2,3.95479,1.43982
2,3.95679,1.44014
2,3.95879,1.44046
2,3.96079,1.44078
2,3.96279,1.4411
2,3.96479,1.44142
2,3.96679,1.44174
2,3.96879,1.44206
2,3.97079,1.44238
2,3.97279,1.4427
2,3.97479,1.44302
2,3.9768,1.44333
2,3.9788,1.44365
2,3.9808,1.44396
2,3.9828,1.44428
2,3.9848,1.44459
2,3.9868,1.44491
2,3.9888,1.44522
2,3.9908,1.44553
2,3.9928,1.44584
2,3.9948,1.44616
2,3.9968,1.44647
2,3.9988,1.44678
2,4.0008,1.44709
2,4.0028,1.44739
2,4.0048,1.4477
2,4.0068,1.44801
2,4.0088,1.44832
2,4.0108,1.44863
2,4.0128,1.44893
2,4.0148,1.44924
2,4.0168,1.44954
2,4.0188,1.44985
2,4.0208,1.45015
2,4.0228,1.45045
2,4.0248,1.45075
2,4.02681,1.45106
2,4.02881,1.45136
2,4.03081,1.45166
2,4.03281,1.45196
2,4.03481,1.45226
2,4.03681,1.45256
2,4.03881,1.45285
2,4.04081,1.45315
2,4.04281,1.45345
2,4.04481,1.45375
2,4.04681,1.45404
2,4.04881,1.45434
2,4.05081,1.45463
2,4.05281,1.45492
2,4.05481,1.45522
2,4.05681,1.45551
2,4.05881,1.4558
2,4.06081,1.45609
2,4.06281,1.45638
2,4.06481,1.45667
2,4.06681,1.45696
2,4.06881,1.45725
2,4.07081,1.45754
2,4.07281,1.45782
2,4.07481,1.45811
2,4.07682,1.4584
2,4.07882,1.45868
2,4.08082,1.45897
2,4.08282,1.45925
2,4.08482,1.45953
2,4.08682,1.45982
2,4.08882,1.4601
2,4.09082,1.46038
2,4.09282,1.46066
2,4.09482,1.46094
2,4.09682,1.46122
2,4.09882,1.4615
2,4.10082,1.46177
2,4.10282,1.46205
2,4.10482,1.46233
2,4.10682,1.4626
2,4.10882,1.46288
2,4.11082,1.46315
2,4.11282,1.46342
2,4.11482,1.4637
2,4.11682,1.46397
2,4.11882,1.46424
2,4.12082,1.46451
2,4.12282,1.46478
2,4.12482,1.46505
2,4.12683,1.46532
2,4.12883,1.46559
2,4.13083,1.46585
2,4.13283,1.46612
2,4.13483,1.46638
2,4.13683,1.46665
2,4.13883,1.46691
2,4.14083,1.46718
2,4.14283,1.46744
2,4.14483,1.4677
2,4.14683,1.46796
2,4.14883,1.46822
2,4.15083,1.46848
2,4.15283,1.46874
2,4.15483,1.469
2,4.15683,1.46925
2,4.15883,1.46951
2,4.16083,1.46977
2,4.16283,1.47002
2,4.16483,1.47027
2,4.16683,1.47053
2,4.16883,1.47078
2,4.17083,1.47103
2,4.17283,1.47128
2,4.17483,1.47153
2,4.17684,1.47178
2,4.17884,1.47203
2,4.18084,1.47228
2,4.18284,1.47253
2,4.18484,1.47277
2,4.18684,1.47302
2,4.18884,1.47326
2,4.19084,1.4735
2,4.19284,1.47375
2,4.19484,1.47399
2,4.19684,1.47423
2,4.19884,1.47447
2,4.20084,1.47471
2,4.20284,1.47495
2,4.20484,1.47519
2,4.20684,1.47542
2,4.20884,1.47566
2,4.21084,1.47589
2,4.21284,1.47613
2,4.21484,1.47636
2,4.21684,1.4766
2,4.21884,1.47683
2,4.22084,1.47706
2,4.22284,1.47729
2,4.22484,1.47752
2,4.22685,1.47775
2,4.22885,1.47797
2,4.23085,1.4782
2,4.23285,1.47843
2,4.23485,1.47865
2,4.23685,1.47887
2,4.23885,1.4791
2,4.24085,1.47932
2,4.24285,1.47954
2,4.24485,1.47976
2,4.24685,1.47998
2,4.24885,1.4802
2,4.25085,1.48042
2,4.25285,1.48063
2,4.25485,1.48085
2,4.25685,1.48106
2,4.25885,1.48128
2,4.26085,1.48149
2,4.26285,1.4817
2,4.26485,1.48191
2,4.26685,1.48212
2,4.26885,1.48233
2,4.27085,1.48254
2,4.27285,1.48275
2,4.27485,1.48295
2,4.27686,1.48316
2,4.27886,1.48336
2,4.28086,1.48357
2,4.28286,1.48377
2,4.28486,1.48397
2,4.28686,1.48417
2,4.28886,1.48437
2,4.29086,1.48457
2,4.29286,1.48476
2,4.29486,1.48496
2,4.29686,1.48516
2,4.29886,1.48535
2,4.30086,1.48554
2,4.30286,1.48574
2,4.30486,1.48593
2,4.30686,1.48612
2,4.30886,1.48631
2,4.31086,1.4865
2,4.31286,1.48668
2,4.31486,1.48687
2,4.31686,1.48705
2,4.31886,1.48724
2,4.32086,1.48742
2,4.32286,1.4876
2,4.32486,1.48778
2,4.32687,1.48796
2,4.32887,1.48814
2,4.33087,1.48832
2,4.33287,1.48849
2,4.33487,1.48867
2,4.33687,1.48884
2,4.33887,1.48902
2,4.34087,1.48919
2,4.34287,1.48936
2,4.34487,1.48953
2,4.34687,1.4897
2,4.34887,1.48987
2,4.35087,1.49003
2,4.35287,1.4902
2,4.35487,1.49036
2,4.35687,1.49052
2,4.35887,1.49069
2,4.36087,1.49085
2,4.36287,1.49101
2,4.36487,1.49116
2,4.36687,1.49132
2,4.36887,1.49148
2,4.37087,1.49163
2,4.37287,1.49179
2,4.37487,1.49194
2,4.37688,1.49209
2,4.37888,1.49224
2,4.38088,1.49239
2,4.38288,1.49254
2,4.38488,1.49268
2,4.38688,1.49283
2,4.38888,1.49297
2,4.39088,1.49311
2,4.39288,1.49326
2,4.39488,1.4934
2,4.39688,1.49353
2,4.39888,1.49367
2,4.40088,1.49381
2,4.40288,1.49394
2,4.40488,1.49408
2,4.40688,1.49421
2,4.40888,1.49434
2,4.41088,1.49447
2,4.41288,1.4946
2,4.41488,1.49473
2,4.41688,1.49485
2,4.41888,1.49498
2,4.42088,1.4951
2,4.42288,1.49522
2,4.42488,1.49534
2,4.42689,1.49546
2,4.42889,1.49558
2,4.43089,1.4957
2,4.43289,1.49581
2,4.43489,1.49592
2,4.43689,1.49604
2,4.43889,1.49615
2,4.44089,1.49626
2,4.44289,1.49637
2,4.44489,1.49647
2,4.44689,1.49658
2,4.44889,1.49668
2,4.45089,1.49678
2,4.45289,1.49689
2,4.45489,1.49699
2,4.45689,1.49708
2,4.45889,1.49718
2,4.46089,1.49728
2,4.46289,1.49737
2,4.46489,1.49746
2,4.46689,1.49755
2,4.46889,1.49764
2,4.47089,1.49773
2,4.47289,1.49782
2,4.47489,1.4979
2,4.4769,1.49798
2,4.4789,1.49806
2,4.4809,1.49814
2,4.4829,1.49822
2,4.4849,1.4983
2,4.4869,1.49838
2,4.4889,1.49845
2,4.4909,1.49852
2,4.4929,1.49859
2,4.4949,1.49866
2,4.4969,1.49873
2,4.4989,1.49879
2,4.5009,1.49886
2,4.5029,1.49892
2,4.5049,1.49898
2,4.5069,1.49904
2,4.5089,1.4991
2,4.5109,1.49915
2,4.5129,1.49921
2,4.5149,1.49926
2,4.5169,1.49931
2,4.5189,1.49936
2,4.5209,1.49941
2,4.5229,1.49945
2,4.5249,1.4995
2,4.52691,1.49954
2,4.52891,1.49958
2,4.53091,1.49962
2,4.53291,1.49966
2,4.53491,1.49969
2,4.53691,1.49972
2,4.53891,1.49975
2,4.54091,1.49978
2,4.54291,1.49981
2,4.54491,1.49984
2,4.54691,1.49986
2,4.54891,1.49988
2,4.55091,1.4999
2,4.55291,1.49992
2,4.55491,1.49994
2,4.55691,1.49995
2,4.55891,1.49997
2,4.56091,1.49998
2,4.56291,1.49999
2,4.56491,1.49999
2,4.56691,1.5
2,4.56891,1.5
2,4.57091,1.5
2,4.57291,1.5
2,4.57491,1.5
2,4.57692,1.49999
2,4.57892,1.49998
2,4.58092,1.49998
2,4.58292,1.49996
2,4.58492,1.49995
2,4.58692,1.49994
2,4.58892,1.49992
2,4.59092,1.4999
2,4.59292,1.49988
2,4.59492,1.49985
2,4.59692,1.49983
2,4.59892,1.4998
2,4.60092,1.49977
2,4.60292,1.49973
2,4.60492,1.4997
2,4.60692,1.49966
2,4.60892,1.49962
2,4.61092,1.49958
2,4.61292,1.49954
2,4.61492,1.49949
2,4.61692,1.49944
2,4.61892,1.49939
2,4.62092,1.49934
2,4.62292,1.49928
2,4.62492,1.49923
2,4.62693,1.49917
2,4.62893,1.4991
2,4.63093,1.49904
2,4.63293,1.49897
2,4.63493,1.4989
2,4.63693,1.49883
2,4.63893,1.49876
2,4.64093,1.49868
2,4.64293,1.4986
2,4.64493,1.49852
2,4.64693,1.49843
2,4.64893,1.49834
2,4.65093,1.49825
2,4.65293,1.49816
2,4.65493,1.49807
2,4.65693,1.49797
2,4.65893,1.49787
2,4.66093,1.49777
2,4.66293,1.49766
2,4.66493,1.49755
2,4.66693,1.49744
2,4.66893,1.49733
2,4.67093,1.49721
2,4.67293,1.49709
2,4.67493,1.49697
2,4.67694,1.49684
2,4.67894,1.49671
2,4.68094,1.49658
2,4.68294,1.49645
2,4.68494,1.49631
2,4.68694,1.49617
2,4.68894,1.49603
2,4.69094,1.49589
2,4.69294,1.49574
2,4.69494,1.49559
2,4.69694,1.49543
2,4.69894,1.49527
2,4.70094,1.49511
2,4.70294,1.49495
2,4.70494,1.49478
2,4.70694,1.49461
2,4.70894,1.49444
2,4.71094,1.49426
2,4.71294,1.49408
2,4.71494,1.4939
2,4.71694,1.49372
2,4.71894,1.49353
2,4.72094,1.49333
2,4.72294,1.49314
2,4.72494,1.49294
2,4.72695,1.49273
2,4.72895,1.49253
2,4.73095,1.49232
2,4.73295,1.4921
2,4.73495,1.49189
2,4.73695,1.49167
2,4.73895,1.49144
2,4.74095,1.49122
2,4.74295,1.49098
2,4.74495,1.49075
2,4.74695,1.49051
2,4.74895,1.49027
2,4.75095,1.49002
2,4.75295,1.48977
2,4.75495,1.48952
2,4.75695,1.48926
2,4.75895,1.489
2,4.76095,1.48873
2,4.76295,1.48846
2,4.76495,1.48819
2,4.76695,1.48791
2,4.76895,1.48763
2,4.77095,1.48734
2,4.77295,1.48705
2,4.77495,1.48676
2,4.77696,1.48646
2,4.77896,1.48616
2,4.78096,1.48585
2,4.78296,1.48554
2,4.78496,1.48522
2,4.78696,1.4849
2,4.78896,1.48458
2,4.79096,1.48425
2,4.79296,1.48391
2,4.79496,1.48357
2,4.79696,1.48323
2,4.79896,1.48288
2,4.80096,1.48253
2,4.80296,1.48217
2,4.80496,1.48181
2,4.80696,1.48144
2,4.80896,1.48107
2,4.81096,1.48069
2,4.81296,1.48031
2,4.81496,1.47992
2,4.81696,1.47953
2,4.81896,1.47913
2,4.82096,1.47873
2,4.82296,1.47832
2,4.82496,1.47791
2,4.82697,1.47749
2,4.82897,1.47706
2,4.83097,1.47663
2,4.83297,1.4762
2,4.83497,1.47575
2,4.83697,1.47531
2,4.83897,1.47485
2,4.84097,1.47439
2,4.84297,1.47393
2,4.84497,1.47346
2,4.84697,1.47298
2,4.84897,1.4725
2,4.85097,1.47201
2,4.85297,1.47151
2,4.85497,1.47101
2,4.85697,1.4705
2,4.85897,1.46999
2,4.86097,1.46947
2,4.86297,1.46894
2,4.86497,1.4684
2,4.86697,1.46786
2,4.86897,1.46731
2,4.87097,1.46676
2,4.87297,1.46619
2,4.87497,1.46562
2,4.87698,1.46505
2,4.87898,1.46446
2,4.88098,1.46387
2,4.88298,1.46327
2,4.88498,1.46266
2,4.88698,1.46205
2,4.88898,1.46142
2,4.89098,1.46079
2,4.89298,1.46015
2,4.89498,1.45951
2,4.89698,1.45885
2,4.89898,1.45819
2,4.90098,1.45752
2,4.90298,1.45684
2,4.90498,1.45615
2,4.90698,1.45545
2,4.90898,1.45474
2,4.91098,1.45402
2,4.91298,1.4533
2,4.91498,1.45256
2,4.91698,1.45182
2,4.91898,1.45106
2,4.92098,1.4503
2,4.92298,1.44953
2,4.92498,1.44874
2,4.92699,1.44795
2,4.92899,1.44714
2,4.93099,1.44633
2,4.93299,1.4455
2,4.93499,1.44466
2,4.93699,1.44381
2,4.93899,1.44295
2,4.94099,1.44208
2,4.94299,1.4412
2,4.94499,1.4403
2,4.94699,1.4394
2,4.94899,1.43848
2,4.95099,1.43754
2,4.95299,1.4366
2,4.95499,1.43564
2,4.95699,1.43467
2,4.95899,1.43369
2,4.96099,1.43269
2,4.96299,1.43168
2,4.96499,1.43065
2,4.96699,1.42961
2,4.96899,1.42855
2,4.97099,1.42748
2,4.97299,1.4264
2,4.97499,1.42529
2,4.977,1.42418
2,4.979,1.42304
2,4.981,1.42189
2,4.983,1.42072
2,4.985,1.41954
2,4.987,1.41834
2,4.989,1.41712
2,4.991,1.41588
2,4.993,1.41462
2,4.995,1.41334
2,4.997,1.41204
2,4.999,1.41073
2,5.001,1.40939
2,5.003,1.40803
2,5.005,1.40665
2,5.007,1.40524
2,5.009,1.40382
2,5.011,1.40237
2,5.013,1.40089
2,5.015,1.39939
2,5.017,1.39787
2,5.019,1.39632
2,5.021,1.39474
2,5.023,1.39314
2,5.02501,1.39151
2,5.02701,1.38985
2,5.02901,1.38816
2,5.03101,1.38643
2,5.03301,1.38468
2,5.03501,1.38289
2,5.03701,1.38107
2,5.03901,1.37922
2,5.04101,1.37733
2,5.04301,1.3754
2,5.04501,1.37343
2,5.04701,1.37143
2,5.04901,1.36938
2,5.05101,1.36729
2,5.05301,1.36515
2,5.05501,1.36297
2,5.05701,1.36075
2,5.05901,1.35847
2,5.06101,1.35614
2,5.06301,1.35375
2,5.06501,1.35132
2,5.06701,1.34882
2,5.06901,1.34626
2,5.07101,1.34363
2,5.07301,1.34094
2,5.07502,1.33819
2,5.07702,1.33535
2,5.07902,1.33244
2,5.08102,1.32943
2,5.08302,1.32634
2,5.08502,1.32319
2,5.08702,1.31995
2,5.08902,1.31656
2,5.09102,1.313
2,5.09302,1.30936
2,5.09502,1.30573
2,5.09702,1.30206
2,5.09902,1.29808
2,5.10102,1.29357
2,5.10302,1.28882
2,5.10502,1.28448
2,5.10702,1.28077
2,5.10902,1.27667
2,5.11102,1.27065
2,5.11302,1.26264
2,5.11502,1.25531
2,5.11702,1.25189
2,5.11902,1.25164
2,5.12102,1.24797
2,5.12302,1.23384
2,5.12503,1.21145
2,5.12703,1.19439
2,5.12903,1.19712
2,5.13103,1.21882
2,5.13303,1.23272
2,5.13503,1.20268
2,5.13703,1.12546
2,5.13903,1.03474
2,5.14103,0.95975
2,5.14303,0.907047
2,5.14503,0.87142
2,5.14703,0.8465
2,5.14903,0.827923
2,5.15103,0.813166
2,5.15303,0.80084
2,5.15503,0.790168
2,5.15703,0.780693
2,5.15903,0.772135
2,5.16103,0.764305
2,5.16303,0.757072
2,5.16503,0.750341
2,5.16703,0.744038
2,5.16903,0.738108
2,5.17103,0.732505
2,5.17303,0.727192
2,5.17504,0.722137
2,5.17704,0.717317
2,5.17904,0.712708
2,5.18104,0.708291
2,5.18304,0.704052
2,5.18504,0.699976
2,5.18704,0.696049
2,5.18904,0.692262
2,5.19104,0.688605
2,5.19304,0.685069
2,5.19504,0.681647
2,5.19704,0.67833
2,5.19904,0.675114
2,5.20104,0.671991
2,5.20304,0.668958
2,5.20504,0.666009
2,5.20704,0.66314
2,5.20904,0.660346
2,5.21104,0.657625
2,5.21304,0.654972
2,5.21504,0.652385
2,5.21704,0.64986
2,5.21904,0.647395
2,5.22104,0.644987
2,5.22304,0.642634
2,5.22505,0.640334
2,5.22705,0.638084
2,5.22905,0.635883
2,5.23105,0.633728
2,5.23305,0.631619
2,5.23505,0.629552
2,5.23705,0.627528
2,5.23905,0.625544
2,5.24105,0.623599
2,5.24305,0.621692
2,5.24505,0.619821
2,5.24705,0.617986
2,5.24905,0.616185
2,5.25105,0.614417
2,5.25305,0.612681
2,5.25505,0.610976
2,5.25705,0.609301
2,5.25905,0.607656
2,5.26105,0.60604
2,5.26305,0.604451
2,5.26505,0.602889
2,5.26705,0.601354
2,5.26905,0.599844
2,5.27105,0.598359
2,5.27305,0.596898
2,5.27506,0.595461
2,5.27706,0.594047
2,5.27906,0.592656
2,5.28106,0.591287
2,5.28306,0.589939
2,5.28506,0.588612
2,5.28706,0.587305
2,5.28906,0.586018
2,5.29106,0.584751
2,5.29306,0.583503
2,5.29506,0.582274
2,5.29706,0.581063
2,5.29906,0.57987
2,5.30106,0.578695
2,5.30306,0.577536
2,5.30506,0.576395
2,5.30706,0.575269
2,5.30906,0.57416
2,5.31106,0.573067
2,5.31306,0.571989
2,5.31506,0.570927
2,5.31706,0.569879
2,5.31906,0.568846
2,5.32106,0.567827
2,5.32306,0.566822
2,5.32507,0.565832
2,5.32707,0.564854
2,5.32907,0.56389
2,5.33107,0.562939
2,5.33307,0.562001
2,5.33507,0.561076
2,5.33707,0.560163
2,5.33907,0.559262
2,5.34107,0.558373
2,5.34307,0.557496
2,5.34507,0.556631
2,5.34707,0.555777
2,5.34907,0.554934
2,5.35107,0.554102
2,5.35307,0.553281
2,5.35507,0.552471
2,5.35707,0.551671
2,5.35907,0.550882
2,5.36107,0.550103
2,5.36307,0.549334
2,5.36507,0.548575
2,5.36707,0.547825
2,5.36907,0.547085
2,5.37107,0.546355
2,5.37307,0.545634
2,5.37508,0.544922
2,5.37708,0.544219
2,5.37908,0.543526
2,5.38108,0.542841
2,5.38308,0.542164
2,5.38508,0.541496
2,5.38708,0.540837
2,5.38908,0.540186
2,5.39108,0.539543
2,5.39308,0.538908
2,5.39508,0.538282
2,5.39708,0.537663
2,5.39908,0.537052
2,5.40108,0.536448
2,5.40308,0.535853
2,5.40508,0.535264
2,5.40708,0.534683
2,5.40908,0.53411
2,5.41108,0.533544
2,5.41308,0.532984
2,5.41508,0.532432
2,5.41708,0.531887
2,5.41908,0.531348
2,5.42108,0.530817
2,5.42308,0.530292
2,5.42509,0.529774
2,5.42709,0.529262
2,5.42909,0.528757
2,5.43109,0.528258
2,5.43309,0.527765
2,5.43509,0.527279
2,5.43709,0.526798
2,5.43909,0.526324
2,5.44109,0.525856
2,5.44309,0.525394
2,5.44509,0.524938
2,5.44709,0.524488
2,5.44909,0.524043
2,5.45109,0.523604
2,5.45309,0.523171
2,5.45509,0.522743
2,5.45709,0.522321
2,5.45909,0.521905
2,5.46109,0.521493
2,5.46309,0.521087
2,5.46509,0.520687
2,5.46709,0.520291
2,5.46909,0.519901
2,5.47109,0.519516
2,5.47309,0.519136
2,5.4751,0.518761
2,5.4771,0.518391
2,5.4791,0.518026
2,5.4811,0.517666
2,5.4831,0.517311
2,5.4851,0.51696
2,5.4871,0.516614
2,5.4891,0.516273
2,5.4911,0.515937
2,5.4931,0.515605
2,5.4951,0.515277
2,5.4971,0.514955
2,5.4991,0.514636
2,5.5011,0.514322
2,5.5031,0.514013
2,5.5051,0.513708
2,5.5071,0.513407
2,5.5091,0.51311
2,5.5111,0.512818
2,5.5131,0.512529
2,5.5151,0.512245
2,5.5171,0.511965
2,5.5191,0.51169
2,5.5211,0.511418
2,5.5231,0.51115
2,5.52511,0.510886
2,5.52711,0.510626
2,5.52911,0.51037
2,5.53111,0.510118
2,5.53311,0.509869
2,5.53511,0.509625
2,5.53711,0.509384
2,5.53911,0.509147
2,5.54111,0.508914
2,5.54311,0.508684
2,5.54511,0.508458
2,5.54711,0.508235
2,5.54911,0.508017
2,5.55111,0.507801
2,5.55311,0.507589
2,5.55511,0.507381
2,5.55711,0.507176
2,5.55911,0.506975
2,5.56111,0.506777
2,5.56311,0.506582
2,5.56511,0.506391
2,5.56711,0.506203
2,5.56911,0.506018
2,5.57111,0.505837
2,5.57311,0.505659
2,5.57512,0.505484
2,5.57712,0.505312
2,5.57912,0.505144
2,5.58112,0.504978
2,5.58312,0.504816
2,5.58512,0.504657
2,5.58712,0.504501
2,5.58912,0.504348
2,5.59112,0.504198
2,5.59312,0.504051
2,5.59512,0.503907
2,5.59712,0.503766
2,5.59912,0.503627
2,5.60112,0.503492
2,5.60312,0.50336
2,5.60512,0.50323
2,5.60712,0.503104
2,5.60912,0.50298
2,5.61112,0.502859
2,5.61312,0.502741
2,5.61512,0.502625
2,5.61712,0.502513
2,5.61912,0.502403
2,5.62112,0.502296
2,5.62312,0.502191
2,5.62513,0.502089
2,5.62713,0.50199
2,5.62913,0.501894
2,5.63113,0.5018
2,5.63313,0.501708
2,5.63513,0.50162
2,5.63713,0.501533
2,5.63913,0.50145
2,5.64113,0.501369
2,5.64313,0.50129
2,5.64513,0.501214
2,5.64713,0.50114
2,5.64913,0.501069
2,5.65113,0.501001
2,5.65313,0.500934
2,5.65513,0.50087
2,5.65713,0.500809
2,5.65913,0.50075
2,5.66113,0.500693
2,5.66313,0.500639
2,5.66513,0.500587
2,5.66713,0.500537
2,5.66913,0.50049
2,5.67113,0.500444
2,5.67313,0.500402
2,5.67514,0.500361
2,5.67714,0.500323
2,5.67914,0.500287
2,5.68114,0.500253
2,5.68314,0.500221
2,5.68514,0.500191
2,5.68714,0.500164
2,5.68914,0.500139
2,5.69114,0.500116
2,5.69314,0.500095
2,5.69514,0.500076
2,5.69714,0.50006
2,5.69914,0.500045
2,5.70114,0.500033
2,5.70314,0.500022
2,5.70514,0.500014
2,5.70714,0.500007
2,5.70914,0.500003
2,5.71114,0.500001
2,5.71314,0.500001
2,5.71514,0.500002
2,5.71714,0.500006
2,5.71914,0.500012
2,5.72114,0.500019
2,5.72314,0.500029
2,5.72515,0.500041
2,5.72715,0.500054
2,5.72915,0.50007
2,5.73115,0.500087
2,5.73315,0.500106
2,5.73515,0.500127
2,5.73715,0.50015
2,5.73915,0.500175
2,5.74115,0.500201
2,5.74315,0.50023
2,5.74515,0.50026
2,5.74715,0.500292
2,5.74915,0.500326
2,5.75115,0.500362
2,5.75315,0.5004
2,5.75515,0.500439
2,5.75715,0.50048
2,5.75915,0.500523
2,5.76115,0.500567
2,5.76315,0.500614
2,5.76515,0.500662
2,5.76715,0.500712
2,5.76915,0.500763
2,5.77115,0.500816
2,5.77315,0.500871
2,5.77516,0.500928
2,5.77716,0.500986
2,5.77916,0.501046
2,5.78116,0.501107
2,5.78316,0.50117
2,5.78516,0.501235
2,5.78716,0.501302
2,5.78916,0.50137
2,5.79116,0.501439
2,5.79316,0.501511
2,5.79516,0.501584
2,5.79716,0.501658
2,5.79916,0.501734
2,5.80116,0.501812
2,5.80316,0.501891
2,5.80516,0.501972
2,5.80716,0.502054
2,5.80916,0.502138
2,5.81116,0.502223
2,5.81316,0.50231
2,5.81516,0.502398
2,5.81716,0.502488
2,5.81916,0.502579
2,5.82116,0.502672
2,5.82316,0.502767
2,5.82517,0.502862
2,5.82717,0.50296
2,5.82917,0.503058
2,5.83117,0.503159
2,5.83317,0.50326
2,5.83517,0.503363
2,5.83717,0.503468
2,5.83917,0.503574
2,5.84117,0.503681
2,5.84317,0.50379
2,5.84517,0.5039
2,5.84717,0.504012
2,5.84917,0.504124
2,5.85117,0.504239
2,5.85317,0.504354
2,5.85517,0.504472
2,5.85717,0.50459
2,5.85917,0.50471
2,5.86117,0.504831
2,5.86317,0.504953
2,5.86517,0.505077
2,5.86717,0.505202
2,5.86917,0.505329
2,5.87117,0.505456
2,5.87317,0.505586
2,5.87518,0.505716
2,5.87718,0.505848
2,5.87918,0.505981
2,5.88118,0.506115
2,5.88318,0.50625
2,5.88518,0.506387
2,5.88718,0.506525
2,5.88918,0.506665
2,5.89118,0.506805
2,5.89318,0.506947
2,5.89518,0.50709
2,5.89718,0.507235
2,5.89918,0.50738
2,5.90118,0.507527
2,5.90318,0.507675
2,5.90518,0.507824
2,5.90718,0.507975
2,5.90918,0.508126
2,5.91118,0.508279
2,5.91318,0.508433
2,5.91518,0.508588
2,5.91718,0.508745
2,5.91918,0.508902
2,5.92118,0.509061
2,5.92318,0.509221
2,5.92519,0.509382
2,5.92719,0.509544
2,5.92919,0.509708
2,5.93119,0.509872
2,5.93319,0.510038
2,5.93519,0.510205
2,5.93719,0.510373
2,5.93919,0.510542
2,5.94119,0.510712
2,5.94319,0.510883
2,5.94519,0.511056
2,5.94719,0.511229
2,5.94919,0.511404
2,5.95119,0.51158
2,5.95319,0.511756
2,5.95519,0.511934
2,5.95719,0.512113
2,5.95919,0.512293
2,5.96119,0.512475
2,5.96319,0.512657
2,5.96519,0.51284
2,5.96719,0.513024
2,5.96919,0.51321
2,5.97119,0.513396
2,5.97319,0.513584
2,5.9752,0.513772
2,5.9772,0.513962
2,5.9792,0.514153
2,5.9812,0.514344
2,5.9832,0.514537
2,5.9852,0.514731
2,5.9872,0.514925
2,5.9892,0.515121
2,5.9912,0.515318
2,5.9932,0.515515
2,5.9952,0.515714
2,5.9972,0.515914
2,5.9992,0.516115
2,6.0012,0.516316
2,6.0032,0.516519
2,6.0052,0.516723
2,6.0072,0.516927
2,6.0092,0.517133
2,6.0112,0.517339
2,6.0132,0.517547
2,6.0152,0.517755
2,6.0172,0.517965
2,6.0192,0.518175
2,6.0212,0.518387
2,6.0232,0.518599
2,6.02521,0.518812
2,6.02721,0.519026
2,6.02921,0.519241
2,6.03121,0.519457
2,6.03321,0.519674
2,6.03521,0.519892
2,6.03721,0.520111
2,6.03921,0.520331
2,6.04121,0.520551
2,6.04321,0.520773
2,6.04521,0.520995
2,6.04721,0.521219
2,6.04921,0.521443
2,6.05121,0.521668
2,6.05321,0.521894
2,6.05521,0.522121
2,6.05721,0.522349
2,6.05921,0.522577
2,6.06121,0.522807
2,6.06321,0.523037
2,6.06521,0.523268
2,6.06721,0.523501
2,6.06921,0.523734
2,6.07121,0.523967
2,6.07321,0.524202
2,6.07522,0.524438
2,6.07722,0.524674
2,6.07922,0.524911
2,6.08122,0.525149
2,6.08322,0.525388
2,6.08522,0.525628
2,6.08722,0.525869
2,6.08922,0.52611
2,6.09122,0.526352
2,6.09322,0.526595
2,6.09522,0.526839
2,6.09722,0.527084
2,6.09922,0.52733
2,6.10122,0.527576
2,6.10322,0.527823
2,6.10522,0.528071
2,6.10722,0.52832
2,6.10922,0.528569
2,6.11122,0.52882
2,6.11322,0.529071
2,6.11522,0.529323
2,6.11722,0.529576
2,6.11922,0.529829
2,6.12122,0.530083
2,6.12322,0.530338
2,6.12523,0.530594
2,6.12723,0.530851
2,6.12923,0.531108
2,6.13123,0.531366
2,6.13323,0.531625
2,6.13523,0.531885
2,6.13723,0.532146
2,6.13923,0.532407
2,6.14123,0.532669
2,6.14323,0.532931
2,6.14523,0.533195
2,6.14723,0.533459
2,6.14923,0.533724
2,6.15123,0.53399
2,6.15323,0.534256
2,6.15523,0.534523
2,6.15723,0.534791
2,6.15923,0.53506
2,6.16123,0.535329
2,6.16323,0.535599
2,6.16523,0.53587
2,6.16723,0.536141
2,6.16923,0.536414
2,6.17123,0.536687
2,6.17323,0.53696
2,6.17524,0.537235
2,6.17724,0.53751
2,6.17924,0.537785
2,6.18124,0.538062
2,6.18324,0.538339
2,6.18524,0.538617
2,6.18724,0.538895
2,6.18924,0.539175
2,6.19124,0.539455
2,6.19324,0.539735
2,6.19524,0.540017
2,6.19724,0.540299
2,6.19924,0.540581
2,6.20124,0.540865
2,6.20324,0.541149
2,6.20524,0.541433
2,6.20724,0.541719
2,6.20924,0.542005
2,6.21124,0.542291
2,6.21324,0.542579
2,6.21524,0.542867
2,6.21724,0.543156
2,6.21924,0.543445
2,6.22124,0.543735
2,6.22324,0.544026
2,6.22525,0.544317
2,6.22725,0.544609
2,6.22925,0.544901
2,6.23125,0.545195
2,6.23325,0.545489
2,6.23525,0.545783
2,6.23725,0.546078
2,6.23925,0.546374
2,6.24125,0.54667
2,6.24325,0.546968
2,6.24525,0.547265
2,6.24725,0.547564
2,6.24925,0.547862
2,6.25125,0.548162
2,6.25325,0.548462
2,6.25525,0.548763
2,6.25725,0.549064
2,6.25925,0.549366
2,6.26125,0.549669
2,6.26325,0.549972
2,6.26525,0.550276
2,6.26725,0.550581
2,6.26925,0.550886
2,6.27125,0.551192
2,6.27325,0.551498
2,6.27526,0.551805
2,6.27726,0.552112
2,6.27926,0.55242
2,6.28126,0.552729
2,6.28326,0.553038
2,6.28526,0.553348
2,6.28726,0.553658
2,6.28926,0.553969
2,6.29126,0.554281
2,6.29326,0.554593
2,6.29526,0.554906
2,6.29726,0.555219
2,6.29926,0.555533
2,6.30126,0.555848
2,6.30326,0.556163
2,6.30526,0.556478
2,6.30726,0.556795
2,6.30926,0.557111
2,6.31126,0.557429
2,6.31326,0.557747
2,6.31526,0.558065
2,6.31726,0.558384
2,6.31926,0.558704
2,6.32126,0.559024
2,6.32326,0.559344
2,6.32527,0.559666
2,6.32727,0.559987
2,6.32927,0.56031
2,6.33127,0.560633
2,6.33327,0.560956
2,6.33527,0.56128
2,6.33727,0.561604
2,6.33927,0.56193
2,6.34127,0.562255
2,6.34327,0.562581
2,6.34527,0.562908
2,6.34727,0.563235
2,6.34927,0.563563
2,6.35127,0.563891
2,6.35327,0.56422
2,6.35527,0.564549
2,6.35727,0.564879
2,6.35927,0.565209
2,6.36127,0.56554
2,6.36327,0.565872
2,6.36527,0.566204
2,6.36727,0.566536
2,6.36927,0.566869
2,6.37127,0.567202
2,6.37327,0.567536
2,6.37528,0.567871
2,6.37728,0.568206
2,6.37928,0.568541
2,6.38128,0.568877
2,6.38328,0.569214
2,6.38528,0.569551
2,6.38728,0.569888
2,6.38928,0.570226
2,6.39128,0.570565
2,6.39328,0.570904
2,6.39528,0.571243
2,6.39728,0.571583
2,6.39928,0.571924
2,6.40128,0.572265
2,6.40328,0.572606
2,6.40528,0.572948
2,6.40728,0.573291
2,6.40928,0.573634
2,6.41128,0.573977
2,6.41328,0.574321
2,6.41528,0.574665
2,6.41728,0.57501
2,6.41928,0.575356
2,6.42128,0.575702
2,6.42328,0.576048
2,6.42529,0.576395
2,6.42729,0.576742
2,6.42929,0.57709
2,6.43129,0.577438
2,6.43329,0.577786
2,6.43529,0.578135
2,6.43729,0.578485
2,6.43929,0.578835
2,6.44129,0.579186
2,6.44329,0.579537
2,6.44529,0.579888
2,6.44729,0.58024
2,6.44929,0.580592
2,6.45129,0.580945
2,6.45329,0.581298
2,6.45529,0.581652
2,6.45729,0.582006
2,6.45929,0.582361
2,6.46129,0.582716
2,6.46329,0.583071
2,6.46529,0.583427
2,6.46729,0.583784
2,6.46929,0.58414
2,6.47129,0.584498
2,6.47329,0.584855
2,6.4753,0.585214
2,6.4773,0.585572
2,6.4793,0.585931
2,6.4813,0.586291
2,6.4833,0.586651
2,6.4853,0.587011
2,6.4873,0.587372
2,6.4893,0.587733
2,6.4913,0.588094
2,6.4933,0.588457
2,6.4953,0.588819
2,6.4973,0.589182
2,6.4993,0.589545
2,6.5013,0.589909
2,6.5033,0.590273
2,6.5053,0.590638
2,6.5073,0.591003
2,6.5093,0.591368
2,6.5113,0.591734
2,6.5133,0.5921
2,6.5153,0.592467
2,6.5173,0.592834
2,6.5193,0.593202
2,6.5213,0.59357
2,6.5233,0.593938
2,6.52531,0.594307
2,6.52731,0.594676
2,6.52931,0.595045
2,6.53131,0.595415
2,6.53331,0.595786
2,6.53531,0.596157
2,6.53731,0.596528
2,6.53931,0.596899
2,6.54131,0.597271
2,6.54331,0.597644
2,6.54531,0.598016
2,6.54731,0.59839
2,6.54931,0.598763
2,6.55131,0.599137
2,6.55331,0.599512
2,6.55531,0.599886
2,6.55731,0.600261
2,6.55931,0.600637
2,6.56131,0.601013
2,6.56331,0.601389
2,6.56531,0.601766
2,6.56731,0.602143
2,6.56931,0.60252
2,6.57131,0.602898
2,6.57331,0.603277
2,6.57532,0.603655
2,6.57732,0.604034
2,6.57932,0.604414
2,6.58132,0.604793
2,6.58332,0.605173
2,6.58532,0.605554
2,6.58732,0.605935
2,6.58932,0.606316
2,6.59132,0.606698
2,6.59332,0.60708
2,6.59532,0.607462
2,6.59732,0.607845
2,6.59932,0.608228
2,6.60132,0.608611
2,6.60332,0.608995
2,6.60532,0.609379
2,6.60732,0.609764
2,6.60932,0.610149
2,6.61132,0.610534
2,6.61332,0.61092
2,6.61532,0.611306
2,6.61732,0.611692
2,6.61932,0.612079
2,6.62132,0.612466
2,6.62332,0.612854
2,6.62533,0.613241
2,6.62733,0.61363
2,6.62933,0.614018
2,6.63133,0.614407
2,6.63333,0.614796
2,6.63533,0.615186
2,6.63733,0.615576
2,6.63933,0.615966
2,6.64133,0.616357
2,6.64333,0.616747
2,6.64533,0.617139
2,6.64733,0.61753
2,6.64933,0.617922
2,6.65133,0.618315
2,6.65333,0.618708
2,6.65533,0.619101
2,6.65733,0.619494
2,6.65933,0.619888
2,6.66133,0.620282
2,6.66333,0.620676
2,6.66533,0.621071
2,6.66733,0.621466
2,6.66933,0.621861
2,6.67133,0.622257
2,6.67333,0.622653
2,6.67534,0.623049
2,6.67734,0.623446
2,6.67934,0.623843
2,6.68134,0.624241
2,6.68334,0.624638
2,6.68534,0.625036
2,6.68734,0.625435
2,6.68934,0.625833
2,6.69134,0.626232
2,6.69334,0.626632
2,6.69534,0.627032
2,6.69734,0.627432
2,6.69934,0.627832
2,6.70134,0.628232
2,6.70334,0.628633
2,6.70534,0.629035
2,6.70734,0.629436
2,6.70934,0.629838
2,6.71134,0.63024
2,6.71334,0.630643
2,6.71534,0.631046
2,6.71734,0.631449
2,6.71934,0.631853
2,6.72134,0.632256
2,6.72334,0.63266
2,6.72535,0.633065
2,6.72735,0.63347
2,6.72935,0.633875
2,6.73135,0.63428
2,6.73335,0.634686
2,6.73535,0.635092
2,6.73735,0.635498
2,6.73935,0.635904
2,6.74135,0.636311
2,6.74335,0.636719
2,6.74535,0.637126
2,6.74735,0.637534
2,6.74935,0.637942
2,6.75135,0.63835
2,6.75335,0.638759
2,6.75535,0.639168
2,6.75735,0.639577
2,6.75935,0.639987
2,6.76135,0.640397
2,6.76335,0.640807
2,6.76535,0.641217
2,6.76735,0.641628
2,6.76935,0.642039
2,6.77135,0.642451
2,6.77335,0.642862
2,6.77536,0.643274
2,6.77736,0.643686
2,6.77936,0.644099
2,6.78136,0.644512
2,6.78336,0.644925
2,6.78536,0.645338
2,6.78736,0.645752
2,6.78936,0.646166
2,6.79136,0.64658
2,6.79336,0.646995
2,6.79536,0.647409
2,6.79736,0.647824
2,6.79936,0.64824
2,6.80136,0.648655
2,6.80336,0.649071
2,6.80536,0.649488
2,6.80736,0.649904
2,6.80936,0.650321
2,6.81136,0.650738
2,6.81336,0.651155
2,6.81536,0.651573
2,6.81736,0.651991
2,6.81936,0.652409
2,6.82136,0.652827
2,6.82336,0.653246
2,6.82537,0.653665
2,6.82737,0.654084
2,6.82937,0.654504
2,6.83137,0.654923
2,6.83337,0.655343
2,6.83537,0.655764
2,6.83737,0.656184
2,6.83937,0.656605
2,6.84137,0.657026
2,6.84337,0.657448
2,6.84537,0.657869
2,6.84737,0.658291
2,6.84937,0.658713
2,6.85137,0.659136
2,6.85337,0.659559
2,6.85537,0.659982
2,6.85737,0.660405
2,6.85937,0.660828
2,6.86137,0.661252
2,6.86337,0.661676
2,6.86537,0.6621
2,6.86737,0.662525
2,6.86937,0.66295
2,6.87137,0.663375
2,6.87337,0.6638
2,6.87538,0.664225
2,6.87738,0.664651
2,6.87938,0.665077
2,6.88138,0.665504
2,6.88338,0.66593
2,6.88538,0.666357
2,6.88738,0.666784
2,6.88938,0.667211
2,6.89138,0.667639
2,6.89338,0.668067
2,6.89538,0.668495
2,6.89738,0.668923
2,6.89938,0.669352
2,6.90138,0.669781
2,6.90338,0.67021
2,6.90538,0.670639
2,6.90738,0.671068
2,6.90938,0.671498
2,6.91138,0.671928
2,6.91338,0.672359
2,6.91538,0.672789
2,6.91738,0.67322
2,6.91938,0.673651
2,6.92138,0.674082
2,6.92338,0.674514
2,6.92539,0.674945
2,6.92739,0.675377
2,6.92939,0.675809
2,6.93139,0.676242
2,6.93339,0.676675
2,6.93539,0.677107
2,6.93739,0.677541
2,6.93939,0.677974
2,6.94139,0.678408
2,6.94339,0.678841
2,6.94539,0.679276
2,6.94739,0.67971
2,6.94939,0.680144
2,6.95139,0.680579
2,6.95339,0.681014
2,6.95539,0.681449
2,6.95739,0.681885
2,6.95939,0.682321
2,6.96139,0.682757
2,6.96339,0.683193
2,6.96539,0.683629
2,6.96739,0.684066
2,6.96939,0.684502
2,6.97139,0.68494
2,6.97339,0.685377
2,6.9754,0.685814
2,6.9774,0.686252
2,6.9794,0.68669
2,6.9814,0.687128
2,6.9834,0.687567
2,6.9854,0.688005
2,6.9874,0.688444
2,6.9894,0.688883
2,6.9914,0.689322
2,6.9934,0.689762
2,6.9954,0.690202
2,6.9974,0.690642
2,6.9994,0.691082
2,7.0014,0.691522
2,7.0034,0.691963
2,7.0054,0.692403
2,7.0074,0.692844
2,7.0094,0.693286
2,7.0114,0.693727
2,7.0134,0.694169
2,7.0154,0.694611
2,7.0174,0.695053
2,7.0194,0.695495
2,7.0214,0.695938
2,7.0234,0.69638
2,7.02541,0.696823
2,7.02741,0.697266
2,7.02941,0.69771
2,7.03141,0.698153
2,7.03341,0.698597
2,7.03541,0.699041
2,7.03741,0.699485
2,7.03941,0.69993
2,7.04141,0.700374
2,7.04341,0.700819
2,7.04541,0.701264
2,7.04741,0.701709
2,7.04941,0.702155
2,7.05141,0.7026
2,7.05341,0.703046
2,7.05541,0.703492
2,7.05741,0.703938
2,7.05941,0.704385
2,7.06141,0.704831
2,7.06341,0.705278
2,7.06541,0.705725
2,7.06741,0.706172
2,7.06941,0.70662
2,7.07141,0.707067
2,7.07341,0.707515
2,7.07542,0.707963
2,7.07742,0.708411
2,7.07942,0.70886
2,7.08142,0.709308
2,7.08342,0.709757
2,7.08542,0.710206
2,7.08742,0.710655
2,7.08942,0.711105
2,7.09142,0.711554
2,7.09342,0.712004
2,7.09542,0.712454
2,7.09742,0.712904
2,7.09942,0.713355
2,7.10142,0.713805
2,7.10342,0.714256
2,7.10542,0.714707
2,7.10742,0.715158
2,7.10942,0.715609
2,7.11142,0.716061
2,7.11342,0.716512
2,7.11542,0.716964
2,7.11742,0.717416
2,7.11942,0.717868
2,7.12142,0.718321
2,7.12342,0.718773
2,7.12543,0.719226
2,7.12743,0.719679
2,7.12943,0.720132
2,7.13143,0.720586
2,7.13343,0.721039
2,7.13543,0.721493
2,7.13743,0.721947
2,7.13943,0.722401
2,7.14143,0.722855
2,7.14343,0.723309
2,7.14543,0.723764
2,7.14743,0.724219
2,7.14943,0.724674
2,7.15143,0.725129
2,7.15343,0.725584
2,7.15543,0.72604
2,7.15743,0.726495
2,7.15943,0.726951
2,7.16143,0.727407
2,7.16343,0.727863
2,7.16543,0.72832
2,7.16743,0.728776
2,7.16943,0.729233
2,7.17143,0.72969
2,7.17343,0.730147
2,7.17544,0.730604
2,7.17744,0.731061
2,7.17944,0.731519
2,7.18144,0.731977
2,7.18344,0.732435
2,7.18544,0.732893
2,7.18744,0.733351
2,7.18944,0.733809
2,7.19144,0.734268
2,7.19344,0.734727
2,7.19544,0.735186
2,7.19744,0.735645
2,7.19944,0.736104
2,7.20144,0.736564
2,7.20344,0.737023
2,7.20544,0.737483
2,7.20744,0.737943
2,7.20944,0.738403
2,7.21144,0.738863
2,7.21344,0.739324
2,7.21544,0.739784
2,7.21744,0.740245
2,7.21944,0.740706
2,7.22144,0.741167
2,7.22344,0.741628
2,7.22545,0.74209
2,7.22745,0.742551
2,7.22945,0.743013
2,7.23145,0.743475
2,7.23345,0.743937
2,7.23545,0.744399
2,7.23745,0.744862
2,7.23945,0.745324
2,7.24145,0.745787
2,7.24345,0.74625
2,7.24545,0.746713
2,7.24745,0.747176
2,7.24945,0.747639
2,7.25145,0.748103
2,7.25345,0.748566
2,7.25545,0.74903
2,7.25745,0.749494
2,7.25945,0.749958
2,7.26145,0.750422
2,7.26345,0.750887
2,7.26545,0.751351
2,7.26745,0.751816
2,7.26945,0.752281
2,7.27145,0.752746
2,7.27345,0.753211
2,7.27546,0.753676
2,7.27746,0.754142
2,7.27946,0.754607
2,7.28146,0.755073
2,7.28346,0.755539
2,7.28546,0.756005
2,7.28746,0.756471
2,7.28946,0.756938
2,7.29146,0.757404
2,7.29346,0.757871
2,7.29546,0.758338
2,7.29746,0.758805
2,7.29946,0.759272
2,7.30146,0.759739
2,7.30346,0.760206
2,7.30546,0.760674
2,7.30746,0.761141
2,7.30946,0.761609
2,7.31146,0.762077
2,7.31346,0.762545
2,7.31546,0.763014
2,7.31746,0.763482
2,7.31946,0.763951
2,7.32146,0.764419
2,7.32346,0.764888
2,7.32547,0.765357
2,7.32747,0.765826
2,7.32947,0.766295
2,7.33147,0.766765
2,7.33347,0.767234
2,7.33547,0.767704
2,7.33747,0.768174
2,7.33947,0.768644
2,7.34147,0.769114
2,7.34347,0.769584
2,7.34547,0.770054
2,7.34747,0.770525
2,7.34947,0.770995
2,7.35147,0.771466
2,7.35347,0.771937
2,7.35547,0.772408
2,7.35747,0.772879
2,7.35947,0.77335
2,7.36147,0.773822
2,7.36347,0.774293
2,7.36547,0.774765
2,7.36747,0.775237
2,7.36947,0.775709
2,7.37147,0.776181
2,7.37347,0.776653
2,7.37548,0.777126
2,7.37748,0.777598
2,7.37948,0.778071
2,7.38148,0.778543
2,7.38348,0.779016
2,7.38548,0.779489
2,7.38748,0.779962
2,7.38948,0.780436
2,7.39148,0.780909
2,7.39348,0.781383
2,7.39548,0.781856
2,7.39748,0.78233
2,7.39948,0.782804
2,7.40148,0.783278
2,7.40348,0.783752
2,7.40548,0.784226
2,7.40748,0.784701
2,7.40948,0.785175
2,7.41148,0.78565
2,7.41348,0.786125
2,7.41548,0.7866
2,7.41748,0.787075
2,7.41948,0.78755
2,7.42148,0.788025
2,7.42348,0.788501
2,7.42549,0.788976
2,7.42749,0.789452
2,7.42949,0.789928
2,7.43149,0.790403
2,7.43349,0.790879
2,7.43549,0.791356
2,7.43749,0.791832
2,7.43949,0.792308
2,7.44149,0.792785
2,7.44349,0.793261
2,7.44549,0.793738
2,7.44749,0.794215
2,7.44949,0.794692
2,7.45149,0.795169
2,7.45349,0.795646
2,7.45549,0.796123
2,7.45749,0.796601
2,7.45949,0.797078
2,7.46149,0.797556
2,7.46349,0.798034
2,7.46549,0.798512
2,7.46749,0.79899
2,7.46949,0.799468
2,7.47149,0.799946
2,7.47349,0.800424
2,7.4755,0.800903
2,7.4775,0.801381
2,7.4795,0.80186
2,7.4815,0.802339
2,7.4835,0.802818
2,7.4855,0.803297
2,7.4875,0.803776
2,7.4895,0.804255
2,7.4915,0.804735
2,7.4935,0.805214
2,7.4955,0.805694
2,7.4975,0.806173
2,7.4995,0.806653
2,7.5015,0.807133
2,7.5035,0.807613
2,7.5055,0.808093
2,7.5075,0.808573
2,7.5095,0.809054
2,7.5115,0.809534
2,7.5135,0.810015
2,7.5155,0.810495
2,7.5175,0.810976
2,7.5195,0.811457
2,7.5215,0.811938
2,7.5235,0.812419
2,7.52551,0.8129
2,7.52751,0.813381
2,7.52951,0.813863
2,7.53151,0.814344
2,7.53351,0.814826
2,7.53551,0.815308
2,7.53751,0.81579
2,7.53951,0.816271
2,7.54151,0.816753
2,7.54351,0.817236
2,7.54551,0.817718
2,7.54751,0.8182
2,7.54951,0.818682
2,7.55151,0.819165
2,7.55351,0.819648
2,7.55551,0.82013
2,7.55751,0.820613
2,7.55951,0.821096
2,7.56151,0.821579
2,7.56351,0.822062
2,7.56551,0.822545
2,7.56751,0.823029
2,7.56951,0.823512
2,7.57151,0.823996
2,7.57351,0.824479
2,7.57552,0.824963
2,7.57752,0.825447
2,7.57952,0.825931
2,7.58152,0.826415
2,7.58352,0.826899
2,7.58552,0.827383
2,7.58752,0.827867
2,7.58952,0.828352
2,7.59152,0.828836
2,7.59352,0.829321
2,7.59552,0.829805
2,7.59752,0.83029
2,7.59952,0.830775
2,7.60152,0.83126
2,7.60352,0.831745
2,7.60552,0.83223
2,7.60752,0.832715
2,7.60952,0.8332
2,7.61152,0.833686
2,7.61352,0.834171
2,7.61552,0.834657
2,7.61752,0.835142
2,7.61952,0.835628
2,7.62152,0.836114
2,7.62352,0.8366
2,7.62553,0.837086
2,7.62753,0.837572
2,7.62953,0.838058
2,7.63153,0.838545
2,7.63353,0.839031
2,7.63553,0.839517
2,7.63753,0.840004
2,7.63953,0.840491
2,7.64153,0.840977
2,7.64353,0.841464
2,7.64553,0.841951
2,7.64753,0.842438
2,7.64953,0.842925
2,7.65153,0.843412
2,7.65353,0.843899
2,7.65553,0.844387
2,7.65753,0.844874
2,7.65953,0.845362
2,7.66153,0.845849
2,7.66353,0.846337
2,7.66553,0.846824
2,7.66753,0.847312
2,7.66953,0.8478
2,7.67153,0.848288
2,7.67353,0.848776
2,7.67554,0.849264
2,7.67754,0.849753
2,7.67954,0.850241
2,7.68154,0.850729
2,7.68354,0.851218
2,7.68554,0.851706
2,7.68754,0.852195
2,7.68954,0.852684
2,7.69154,0.853172
2,7.69354,0.853661
2,7.69554,0.85415
2,7.69754,0.854639
2,7.69954,0.855128
2,7.70154,0.855617
2,7.70354,0.856107
2,7.70554,0.856596
2,7.70754,0.857085
2,7.70954,0.857575
2,7.71154,0.858064
2,7.71354,0.858554
2,7.71554,0.859044
2,7.71754,0.859533
2,7.71954,0.860023
2,7.72154,0.860513
2,7.72354,0.861003
2,7.72555,0.861493
2,7.72755,0.861983
2,7.72955,0.862474
2,7.73155,0.862964
2,7.73355,0.863454
2,7.73555,0.863945
2,7.73755,0.864435
2,7.73955,0.864926
2,7.74155,0.865417
2,7.74355,0.865907
2,7.74555,0.866398
2,7.74755,0.866889
2,7.74955,0.86738
2,7.75155,0.867871
2,7.75355,0.868362
2,7.75555,0.868853
2,7.75755,0.869344
2,7.75955,0.869836
2,7.76155,0.870327
2,7.76355,0.870818
2,7.76555,0.87131
2,7.76755,0.871801
2,7.76955,0.872293
2,7.77155,0.872785
2,7.77355,0.873276
2,7.77556,0.873768
2,7.77756,0.87426
2,7.77956,0.874752
2,7.78156,0.875244
2,7.78356,0.875736
2,7.78556,0.876228
2,7.78756,0.876721
2,7.78956,0.877213
2,7.79156,0.877705
2,7.79356,0.878198
2,7.79556,0.87869
2,7.79756,0.879183
2,7.79956,0.879675
2,7.80156,0.880168
2,7.80356,0.880661
2,7.80556,0.881153
2,7.80756,0.881646
2,7.80956,0.882139
2,7.81156,0.882632
2,7.81356,0.883125
2,7.81556,0.883618
2,7.81756,0.884111
2,7.81956,0.884605
2,7.82156,0.885098
2,7.82356,0.885591
2,7.82557,0.886085
2,7.82757,0.886578
2,7.82957,0.887072
2,7.83157,0.887565
2,7.83357,0.888059
2,7.83557,0.888552
2,7.83757,0.889046
2,7.83957,0.88954
2,7.84157,0.890034
2,7.84357,0.890528
2,7.84557,0.891022
2,7.84757,0.891516
2,7.84957,0.89201
2,7.85157,0.892504
2,7.85357,0.892998
2,7.85557,0.893493
2,7.85757,0.893987
2,7.85957,0.894481
2,7.86157,0.894976
2,7.86357,0.89547
2,7.86557,0.895965
2,7.86757,0.896459
2,7.86957,0.896954
2,7.87157,0.897449
2,7.87357,0.897943
2,7.87558,0.898438
2,7.87758,0.898933
2,7.87958,0.899428
2,7.88158,0.899923
2,7.88358,0.900418
2,7.88558,0.900913
2,7.88758,0.901408
2,7.88958,0.901903
2,7.89158,0.902398
2,7.89358,0.902894
2,7.89558,0.903389
2,7.89758,0.903884
2,7.89958,0.90438
2,7.90158,0.904875
2,7.90358,0.905371
2,7.90558,0.905866
2,7.90758,0.906362
2,7.90958,0.906857
2,7.91158,0.907353
2,7.91358,0.907849
2,7.91558,0.908345
2,7.91758,0.90884
2,7.91958,0.909336
2,7.92158,0.909832
2,7.92358,0.910328
2,7.92559,0.910824
2,7.92759,0.91132
2,7.92959,0.911816
2,7.93159,0.912313
2,7.93359,0.912809
2,7.93559,0.913305
2,7.93759,0.913801
2,7.93959,0.914298
2,7.94159,0.914794
2,7.94359,0.915291
2,7.94559,0.915787
2,7.94759,0.916284
2,7.94959,0.91678
2,7.95159,0.917277
2,7.95359,0.917773
2,7.95559,0.91827
2,7.95759,0.918767
2,7.95959,0.919264
2,7.96159,0.91976
2,7.96359,0.920257
2,7.96559,0.920754
2,7.96759,0.921251
2,7.96959,0.921748
2,7.97159,0.922245
2,7.97359,0.922742
2,7.9756,0.923239
2,7.9776,0.923736
2,7.9796,0.924233
2,7.9816,0.924731
2,7.9836,0.925228
2,7.9856,0.925725
2,7.9876,0.926222
2,7.9896,0.92672
2,7.9916,0.927217
2,7.9936,0.927715
2,7.9956,0.928212
2,7.9976,0.92871
2,7.9996,0.929207
2,8.0016,0.929705
2,8.0036,0.930202
2,8.0056,0.9307
2,8.0076,0.931198
2,8.0096,0.931695
2,8.0116,0.932193
2,8.0136,0.932691
2,8.0156,0.933189
2,8.0176,0.933687
2,8.0196,0.934184
2,8.0216,0.934682
2,8.0236,0.93518
2,8.02561,0.935678
2,8.02761,0.936176
2,8.02961,0.936674
2,8.03161,0.937172
2,8.03361,0.937671
2,8.03561,0.938169
2,8.03761,0.938667
2,8.03961,0.939165
2,8.04161,0.939663
2,8.04361,0.940162
2,8.04561,0.94066
2,8.04761,0.941158
2,8.04961,0.941657
2,8.05161,0.942155
2,8.05361,0.942653
2,8.05561,0.943152
2,8.05761,0.94365
2,8.05961,0.944149
2,8.06161,0.944647
2,8.06361,0.945146
2,8.06561,0.945645
2,8.06761,0.946143
2,8.06961,0.946642
2,8.07161,0.947141
2,8.07361,0.947639
2,8.07562,0.948138
2,8.07762,0.948637
2,8.07962,0.949135
2,8.08162,0.949634
2,8.08362,0.950133
2,8.08562,0.950632
2,8.08762,0.951131
2,8.08962,0.95163
2,8.09162,0.952129
2,8.09362,0.952628
2,8.09562,0.953127
2,8.09762,0.953626
2,8.09962,0.954125
2,8.10162,0.954624
2,8.10362,0.955123
2,8.10562,0.955622
2,8.10762,0.956121
2,8.10962,0.95662
2,8.11162,0.957119
2,8.11362,0.957618
2,8.11562,0.958118
2,8.11762,0.958617
2,8.11962,0.959116
2,8.12162,0.959615
2,8.12362,0.960115
2,8.12563,0.960614
2,8.12763,0.961113
2,8.12963,0.961613
2,8.13163,0.962112
2,8.13363,0.962611
2,8.13563,0.963111
2,8.13763,0.96361
2,8.13963,0.96411
2,8.14163,0.964609
2,8.14363,0.965108
2,8.14563,0.965608
2,8.14763,0.966107
2,8.14963,0.966607
2,8.15163,0.967107
2,8.15363,0.967606
2,8.15563,0.968106
2,8.15763,0.968605
2,8.15963,0.969105
2,8.16163,0.969604
2,8.16363,0.970104
2,8.16563,0.970604
2,8.16763,0.971103
2,8.16963,0.971603
2,8.17163,0.972103
2,8.17363,0.972603
2,8.17564,0.973102
2,8.17764,0.973602
2,8.17964,0.974102
2,8.18164,0.974601
2,8.18364,0.975101
2,8.18564,0.975601
2,8.18764,0.976101
2,8.18964,0.976601
2,8.19164,0.9771
2,8.19364,0.9776
2,8.19564,0.9781
2,8.19764,0.9786
2,8.19964,0.9791
2,8.20164,0.9796
2,8.20364,0.9801
2,8.20564,0.9806
2,8.20764,0.981099
2,8.20964,0.981599
2,8.21164,0.982099
2,8.21364,0.982599
2,8.21564,0.983099
2,8.21764,0.983599
2,8.21964,0.984099
2,8.22164,0.984599
2,8.22364,0.985099
2,8.22565,0.985599
2,8.22765,0.986099
2,8.22965,0.986599
2,8.23165,0.987099
2,8.23365,0.987599
2,8.23565,0.988099
2,8.23765,0.988599
2,8.23965,0.989099
2,8.24165,0.989599
2,8.24365,0.990099
2,8.24565,0.990599
2,8.24765,0.991099
2,8.24965,0.991599
2,8.25165,0.992099
2,8.25365,0.992599
2,8.25565,0.993099
2,8.25765,0.9936
2,8.25965,0.9941
2,8.26165,0.9946
2,8.26365,0.9951
2,8.26565,0.9956
2,8.26765,0.9961
2,8.26965,0.9966
2,8.27165,0.9971
2,8.27365,0.9976
2,8.27566,0.9981
2,8.27766,0.9986
2,8.27966,0.9991
2,8.28166,0.999601
2,8.28366,1.0001
2,8.28566,1.0006
2,8.28766,1.0011
2,8.28966,1.0016
2,8.29166,1.0021
2,8.29366,1.0026
2,8.29566,1.0031
2,8.29766,1.0036
2,8.29966,1.0041
2,8.30166,1.0046
2,8.30366,1.0051
2,8.30566,1.0056
2,8.30766,1.0061
2,8.30966,1.0066
2,8.31166,1.0071
2,8.31366,1.0076
2,8.31566,1.0081
2,8.31766,1.0086
2,8.31966,1.0091
2,8.32166,1.0096
2,8.32366,1.0101
2,8.32567,1.0106
2,8.32767,1.0111
2,8.32967,1.0116
2,8.33167,1.0121
2,8.33367,1.0126
2,8.33567,1.0131
2,8.33767,1.0136
2,8.33967,1.0141
2,8.34167,1.0146
2,8.34367,1.0151
2,8.34567,1.0156
2,8.34767,1.0161
2,8.34967,1.0166
2,8.35167,1.0171
2,8.35367,1.0176
2,8.35567,1.0181
2,8.35767,1.0186
2,8.35967,1.0191
2,8.36167,1.0196
2,8.36367,1.0201
2,8.36567,1.0206
2,8.36767,1.0211
2,8.36967,1.0216
2,8.37167,1.0221
2,8.37367,1.0226
2,8.37568,1.0231
2,8.37768,1.0236
2,8.37968,1.0241
2,8.38168,1.0246
2,8.38368,1.0251
2,8.38568,1.0256
2,8.38768,1.0261
2,8.38968,1.0266
2,8.39168,1.0271
2,8.39368,1.0276
2,8.39568,1.0281
2,8.39768,1.0286
2,8.39968,1.0291
2,8.40168,1.0296
2,8.40368,1.0301
2,8.40568,1.0306
2,8.40768,1.0311
2,8.40968,1.0316
2,8.41168,1.0321
2,8.41368,1.0326
2,8.41568,1.03309
2,8.41768,1.03359
2,8.41968,1.03409
2,8.42168,1.03459
2,8.42368,1.03509
2,8.42569,1.03559
2,8.42769,1.03609
2,8.42969,1.03659
2,8.43169,1.03709
2,8.43369,1.03759
2,8.43569,1.03809
2,8.43769,1.03859
2,8.43969,1.03909
2,8.44169,1.03959
2,8.44369,1.04009
2,8.44569,1.04059
2,8.44769,1.04109
2,8.44969,1.04158
2,8.45169,1.04208
2,8.45369,1.04258
2,8.45569,1.04308
2,8.45769,1.04358
2,8.45969,1.04408
2,8.46169,1.04458
2,8.46369,1.04508
2,8.46569,1.04558
2,8.46769,1.04608
2,8.46969,1.04658
2,8.47169,1.04707
2,8.47369,1.04757
2,8.4757,1.04807
2,8.4777,1.04857
2,8.4797,1.04907
2,8.4817,1.04957
2,8.4837,1.05007
2,8.4857,1.05057
2,8.4877,1.05107
2,8.4897,1.05156
2,8.4917,1.05206
2,8.4937,1.05256
2,8.4957,1.05306
2,8.4977,1.05356
2,8.4997,1.05406
2,8.5017,1.05456
2,8.5037,1.05505
2,8.5057,1.05555
2,8.5077,1.05605
2,8.5097,1.05655
2,8.5117,1.05705
2,8.5137,1.05755
2,8.5157,1.05805
2,8.5177,1.05854
2,8.5197,1.05904
2,8.5217,1.05954
2,8.5237,1.06004
2,8.52571,1.06054
2,8.52771,1.06104
2,8.52971,1.06153
2,8.53171,1.06203
2,8.53371,1.06253
2,8.53571,1.06303
2,8.53771,1.06353
2,8.53971,1.06402
2,8.54171,1.06452
2,8.54371,1.06502
2,8.54571,1.06552
2,8.54771,1.06602
2,8.54971,1.06651
2,8.55171,1.06701
2,8.55371,1.06751
2,8.55571,1.06801
2,8.55771,1.06851
2,8.55971,1.069
2,8.56171,1.0695
2,8.56371,1.07
2,8.56571,1.0705
2,8.56771,1.07099
2,8.56971,1.07149
2,8.57171,1.07199
2,8.57371,1.07249
2,8.57572,1.07298
2,8.57772,1.07348
2,8.57972,1.07398
2,8.58172,1.07448
2,8.58372,1.07497
2,8.58572,1.07547
2,8.58772,1.07597
2,8.58972,1.07646
2,8.59172,1.07696
2,8.59372,1.07746
2,8.59572,1.07796
2,8.59772,1.07845
2,8.59972,1.07895
2,8.60172,1.07945
2,8.60372,1.07994
2,8.60572,1.08044
2,8.60772,1.08094
2,8.60972,1.08143
2,8.61172,1.08193
2,8.61372,1.08243
2,8.61572,1.08292
2,8.61772,1.08342
2,8.61972,1.08392
2,8.62172,1.08441
2,8.62372,1.08491
2,8.62573,1.08541
2,8.62773,1.0859
2,8.62973,1.0864
2,8.63173,1.0869
2,8.63373,1.08739
2,8.63573,1.08789
2,8.63773,1.08838
2,8.63973,1.08888
2,8.64173,1.08938
2,8.64373,1.08987
2,8.64573,1.09037
2,8.64773,1.09086
2,8.64973,1.09136
2,8.65173,1.09186
2,8.65373,1.09235
2,8.65573,1.09285
2,8.65773,1.09334
2,8.65973,1.09384
2,8.66173,1.09433
2,8.66373,1.09483
2,8.66573,1.09532
2,8.66773,1.09582
2,8.66973,1.09632
2,8.67173,1.09681
2,8.67373,1.09731
2,8.67574,1.0978
2,8.67774,1.0983
2,8.67974,1.09879
2,8.68174,1.09929
2,8.68374,1.09978
2,8.68574,1.10028
2,8.68774,1.10077
2,8.68974,1.10127
2,8.69174,1.10176
2,8.69374,1.10226
2,8.69574,1.10275
2,8.69774,1.10325
2,8.69974,1.10374
2,8.70174,1.10423
2,8.70374,1.10473
2,8.70574,1.10522
2,8.70774,1.10572
2,8.70974,1.10621
2,8.71174,1.10671
2,8.71374,1.1072
2,8.71574,1.1077
2,8.71774,1.10819
2,8.71974,1.10868
2,8.72174,1.10918
2,8.72374,1.10967
2,8.72575,1.11017
2,8.72775,1.11066
2,8.72975,1.11115
2,8.73175,1.11165
2,8.73375,1.11214
2,8.73575,1.11263
2,8.73775,1.11313
2,8.73975,1.11362
2,8.74175,1.11411
2,8.74375,1.11461
2,8.74575,1.1151
2,8.74775,1.11559
2,8.74975,1.11609
2,8.75175,1.11658
2,8.75375,1.11707
2,8.75575,1.11757
2,8.75775,1.11806
2,8.75975,1.11855
2,8.76175,1.11905
2,8.76375,1.11954
2,8.76575,1.12003
2,8.76775,1.12052
2,8.76975,1.12102
2,8.77175,1.12151
2,8.77375,1.122
2,8.77576,1.12249
2,8.77776,1.12299
2,8.77976,1.12348
2,8.78176,1.12397
2,8.78376,1.12446
2,8.78576,1.12495
2,8.78776,1.12545
2,8.78976,1.12594
2,8.79176,1.12643
2,8.79376,1.12692
2,8.79576,1.12741
2,8.79776,1.12791
2,8.79976,1.1284
2,8.80176,1.12889
2,8.80376,1.12938
2,8.80576,1.12987
2,8.80776,1.13036
2,8.80976,1.13085
2,8.81176,1.13135
2,8.81376,1.13184
2,8.81576,1.13233
2,8.81776,1.13282
2,8.81976,1.13331
2,8.82176,1.1338
2,8.82376,1.13429
2,8.82577,1.13478
2,8.82777,1.13527
2,8.82977,1.13576
2,8.83177,1.13625
2,8.83377,1.13674
2,8.83577,1.13723
2,8.83777,1.13772
2,8.83977,1.13821
2,8.84177,1.1387
2,8.84377,1.13919
2,8.84577,1.13968
2,8.84777,1.14017
2,8.84977,1.14066
2,8.85177,1.14115
2,8.85377,1.14164
2,8.85577,1.14213
2,8.85777,1.14262
2,8.85977,1.14311
2,8.86177,1.1436
2,8.86377,1.14409
2,8.86577,1.14458
2,8.86777,1.14507
2,8.86977,1.14556
2,8.87177,1.14605
2,8.87377,1.14654
2,8.87578,1.14703
2,8.87778,1.14751
2,8.87978,1.148
2,8.88178,1.14849
2,8.88378,1.14898
2,8.88578,1.14947
2,8.88778,1.14996
2,8.88978,1.15045
2,8.89178,1.15093
2,8.89378,1.15142
2,8.89578,1.15191
2,8.89778,1.1524
2,8.89978,1.15289
2,8.90178,1.15337
2,8.90378,1.15386
2,8.90578,1.15435
2,8.90778,1.15484
2,8.90978,1.15532
2,8.91178,1.15581
2,8.91378,1.1563
2,8.91578,1.15679
2,8.91778,1.15727
2,8.91978,1.15776
2,8.92178,1.15825
2,8.92378,1.15873
2,8.92579,1.15922
2,8.92779,1.15971
2,8.92979,1.16019
2,8.93179,1.16068
2,8.93379,1.16117
2,8.93579,1.16165
2,8.93779,1.16214
2,8.93979,1.16262
2,8.94179,1.16311
2,8.94379,1.1636
2,8.94579,1.16408
2,8.94779,1.16457
2,8.94979,1.16505
2,8.95179,1.16554
2,8.95379,1.16603
2,8.95579,1.16651
2,8.95779,1.167
2,8.95979,1.16748
2,8.96179,1.16797
2,8.96379,1.16845
2,8.96579,1.16894
2,8.96779,1.16942
2,8.96979,1.16991
2,8.97179,1.17039
2,8.97379,1.17088
2,8.9758,1.17136
2,8.9778,1.17184
2,8.9798,1.17233
2,8.9818,1.17281
2,8.9838,1.1733
2,8.9858,1.17378
2,8.9878,1.17427
2,8.9898,1.17475
2,8.9918,1.17523
2,8.9938,1.17572
2,8.9958,1.1762
2,8.9978,1.17668
2,8.9998,1.17717
2,9.0018,1.17765
2,9.0038,1.17813
2,9.0058,1.17862
2,9.0078,1.1791
2,9.0098,1.17958
2,9.0118,1.18007
2,9.0138,1.18055
2,9.0158,1.18103
2,9.0178,1.18151
2,9.0198,1.182
2,9.0218,1.18248
2,9.0238,1.18296
2,9.02581,1.18344
2,9.02781,1.18392
2,9.02981,1.18441
2,9.03181,1.18489
2,9.03381,1.18537
2,9.03581,1.18585
2,9.03781,1.18633
2,9.03981,1.18681
2,9.04181,1.1873
2,9.04381,1.18778
2,9.04581,1.18826
2,9.04781,1.18874
2,9.04981,1.18922
2,9.05181,1.1897
2,9.05381,1.19018
2,9.05581,1.19066
2,9.05781,1.19114
2,9.05981,1.19162
2,9.06181,1.1921
2,9.06381,1.19258
2,9.06581,1.19306
2,9.06781,1.19354
2,9.06981,1.19402
2,9.07181,1.1945
2,9.07381,1.19498
2,9.07582,1.19546
2,9.07782,1.19594
2,9.07982,1.19642
2,9.08182,1.1969
2,9.08382,1.19738
2,9.08582,1.19786
2,9.08782,1.19833
2,9.08982,1.19881
2,9.09182,1.19929
2,9.09382,1.19977
2,9.09582,1.20025
2,9.09782,1.20073
2,9.09982,1.2012
2,9.10182,1.20168
2,9.10382,1.20216
2,9.10582,1.20264
2,9.10782,1.20312
2,9.10982,1.20359
2,9.11182,1.20407
2,9.11382,1.20455
2,9.11582,1.20503
2,9.11782,1.2055
2,9.11982,1.20598
2,9.12182,1.20646
2,9.12382,1.20693
2,9.12583,1.20741
2,9.12783,1.20789
2,9.12983,1.20836
2,9.13183,1.20884
2,9.13383,1.20931
2,9.13583,1.20979
2,9.13783,1.21027
2,9.13983,1.21074
2,9.14183,1.21122
2,9.14383,1.21169
2,9.14583,1.21217
2,9.14783,1.21264
2,9.14983,1.21312
2,9.15183,1.21359
2,9.15383,1.21407
2,9.15583,1.21454
2,9.15783,1.21502
2,9.15983,1.21549
2,9.16183,1.21597
2,9.16383,1.21644
2,9.16583,1.21692
2,9.16783,1.21739
2,9.16983,1.21786
2,9.17183,1.21834
2,9.17383,1.21881
2,9.17584,1.21928
2,9.17784,1.21976
2,9.17984,1.22023
2,9.18184,1.2207
2,9.18384,1.22118
2,9.18584,1.22165
2,9.18784,1.22212
2,9.18984,1.22259
2,9.19184,1.22307
2,9.19384,1.22354
2,9.19584,1.22401
2,9.19784,1.22448
2,9.19984,1.22496
2,9.20184,1.22543
2,9.20384,1.2259
2,9.20584,1.22637
2,9.20784,1.22684
2,9.20984,1.22731
2,9.21184,1.22778
2,9.21384,1.22826
2,9.21584,1.22873
2,9.21784,1.2292
2,9.21984,1.22967
2,9.22184,1.23014
2,9.22384,1.23061
2,9.22585,1.23108
2,9.22785,1.23155
2,9.22985,1.23202
2,9.23185,1.23249
2,9.23385,1.23296
2,9.23585,1.23343
2,9.23785,1.2339
2,9.23985,1.23437
2,9.24185,1.23483
2,9.24385,1.2353
2,9.24585,1.23577
2,9.24785,1.23624
2,9.24985,1.23671
2,9.25185,1.23718
2,9.25385,1.23765
2,9.25585,1.23811
2,9.25785,1.23858
2,9.25985,1.23905
2,9.26185,1.23952
2,9.26385,1.23998
2,9.26585,1.24045
2,9.26785,1.24092
2,9.26985,1.24139
2,9.27185,1.24185
2,9.27385,1.24232
2,9.27586,1.24279
2,9.27786,1.24325
2,9.27986,1.24372
2,9.28186,1.24419
2,9.28386,1.24465
2,9.28586,1.24512
2,9.28786,1.24558
2,9.28986,1.24605
2,9.29186,1.24651
2,9.29386,1.24698
2,9.29586,1.24744
2,9.29786,1.24791
2,9.29986,1.24837
2,9.30186,1.24884
2,9.30386,1.2493
2,9.30586,1.24977
2,9.30786,1.25023
2,9.30986,1.2507
2,9.31186,1.25116
2,9.31386,1.25162
2,9.31586,1.25209
2,9.31786,1.25255
2,9.31986,1.25301
2,9.32186,1.25348
2,9.32386,1.25394
2,9.32587,1.2544
2,9.32787,1.25487
2,9.32987,1.25533
2,9.33187,1.25579
2,9.33387,1.25625
2,9.33587,1.25671
2,9.33787,1.25718
2,9.33987,1.25764
2,9.34187,1.2581
2,9.34387,1.25856
2,9.34587,1.25902
2,9.34787,1.25948
2,9.34987,1.25994
2,9.35187,1.2604
2,9.35387,1.26087
2,9.35587,1.26133
2,9.35787,1.26179
2,9.35987,1.26225
2,9.36187,1.26271
2,9.36387,1.26317
2,9.36587,1.26363
2,9.36787,1.26408
2,9.36987,1.26454
2,9.37187,1.265
2,9.37387,1.26546
2,9.37588,1.26592
2,9.37788,1.26638
2,9.37988,1.26684
2,9.38188,1.2673
2,9.38388,1.26775
2,9.38588,1.26821
2,9.38788,1.26867
2,9.38988,1.26913
2,9.39188,1.26958
2,9.39388,1.27004
2,9.39588,1.2705
2,9.39788,1.27095
2,9.39988,1.27141
2,9.40188,1.27187
2,9.40388,1.27232
2,9.40588,1.27278
2,9.40788,1.27324
2,9.40988,1.27369
2,9.41188,1.27415
2,9.41388,1.2746
2,9.41588,1.27506
2,9.41788,1.27551
2,9.41988,1.27597
2,9.42188,1.27642
2,9.42388,1.27688
2,9.42589,1.27733
2,9.42789,1.27779
2,9.42989,1.27824
2,9.43189,1.27869
2,9.43389,1.27915
2,9.43589,1.2796
2,9.43789,1.28005
2,9.43989,1.28051
2,9.44189,1.28096
2,9.44389,1.28141
2,9.44589,1.28187
2,9.44789,1.28232
2,9.44989,1.28277
2,9.45189,1.28322
2,9.45389,1.28367
2,9.45589,1.28413
2,9.45789,1.28458
2,9.45989,1.28503
2,9.46189,1.28548
2,9.46389,1.28593
2,9.46589,1.28638
2,9.46789,1.28683
2,9.46989,1.28728
2,9.47189,1.28773
2,9.47389,1.28818
2,9.4759,1.28863
2,9.4779,1.28908
2,9.4799,1.28953
2,9.4819,1.28998
2,9.4839,1.29043
2,9.4859,1.29088
2,9.4879,1.29133
2,9.4899,1.29177
2,9.4919,1.29222
2,9.4939,1.29267
2,9.4959,1.29312
2,9.4979,1.29356
2,9.4999,1.29401
2,9.5019,1.29446
2,9.5039,1.29491
2,9.5059,1.29535
2,9.5079,1.2958
2,9.5099,1.29625
2,9.5119,1.29669
2,9.5139,1.29714
2,9.5159,1.29758
2,9.5179,1.29803
2,9.5199,1.29847
2,9.5219,1.29892
2,9.5239,1.29936
2,9.52591,1.29981
2,9.52791,1.30025
2,9.52991,1.3007
2,9.53191,1.30114
2,9.53391,1.30159
2,9.53591,1.30203
2,9.53791,1.30247
2,9.53991,1.30292
2,9.54191,1.30336
2,9.54391,1.3038
2,9.54591,1.30425
2,9.54791,1.30469
2,9.54991,1.30513
2,9.55191,1.30557
2,9.55391,1.30601
2,9.55591,1.30646
2,9.55791,1.3069
2,9.55991,1.30734
2,9.56191,1.30778
2,9.56391,1.30822
2,9.56591,1.30866
2,9.56791,1.3091
2,9.56991,1.30954
2,9.57191,1.30998
2,9.57391,1.31042
2,9.57592,1.31086
2,9.57792,1.3113
2,9.57992,1.31174
2,9.58192,1.31218
2,9.58392,1.31262
2,9.58592,1.31305
2,9.58792,1.31349
2,9.58992,1.31393
2,9.59192,1.31437
2,9.59392,1.3148
2,9.59592,1.31524
2,9.59792,1.31568
2,9.59992,1.31612
2,9.60192,1.31655
2,9.60392,1.31699
2,9.60592,1.31742
2,9.60792,1.31786
2,9.60992,1.3183
2,9.61192,1.31873
2,9.61392,1.31917
2,9.61592,1.3196
2,9.61792,1.32004
2,9.61992,1.32047
2,9.62192,1.3209
2,9.62392,1.32134
2,9.62593,1.32177
2,9.62793,1.32221
2,9.62993,1.32264
2,9.63193,1.32307
2,9.63393,1.32351
2,9.63593,1.32394
2,9.63793,1.32437
2,9.63993,1.3248
2,9.64193,1.32523
2,9.64393,1.32567
2,9.64593,1.3261
2,9.64793,1.32653
2,9.64993,1.32696
2,9.65193,1.32739
2,9.65393,1.32782
2,9.65593,1.32825
2,9.65793,1.32868
2,9.65993,1.32911
2,9.66193,1.32954
2,9.66393,1.32997
2,9.66593,1.3304
2,9.66793,1.33083
2,9.66993,1.33126
2,9.67193,1.33168
2,9.67393,1.33211
2,9.67594,1.33254
2,9.67794,1.33297
2,9.67994,1.33339
2,9.68194,1.33382
2,9.68394,1.33425
2,9.68594,1.33467
2,9.68794,1.3351
2,9.68994,1.33553
2,9.69194,1.33595
2,9.69394,1.33638
2,9.69594,1.3368
2,9.69794,1.33723
2,9.69994,1.33765
2,9.70194,1.33808
2,9.70394,1.3385
2,9.70594,1.33892
2,9.70794,1.33935
2,9.70994,1.33977
2,9.71194,1.34019
2,9.71394,1.34062
2,9.71594,1.34104
2,9.71794,1.34146
2,9.71994,1.34188
2,9.72194,1.34231
2,9.72394,1.34273
2,9.72595,1.34315
2,9.72795,1.34357
2,9.72995,1.34399
2,9.73195,1.34441
2,9.73395,1.34483
2,9.73595,1.34525
2,9.73795,1.34567
2,9.73995,1.34609
2,9.74195,1.34651
2,9.74395,1.34693
2,9.74595,1.34735
2,9.74795,1.34777
2,9.74995,1.34818
2,9.75195,1.3486
2,9.75395,1.34902
2,9.75595,1.34944
2,9.75795,1.34985
2,9.75995,1.35027
2,9.76195,1.35069
2,9.76395,1.3511
2,9.76595,1.35152
2,9.76795,1.35193
2,9.76995,1.35235
2,9.77195,1.35276
2,9.77395,1.35318
2,9.77596,1.35359
2,9.77796,1.35401
2,9.77996,1.35442
2,9.78196,1.35484
2,9.78396,1.35525
2,9.78596,1.35566
2,9.78796,1.35607
2,9.78996,1.35649
2,9.79196,1.3569
2,9.79396,1.35731
2,9.79596,1.35772
2,9.79796,1.35813
2,9.79996,1.35854
2,9.80196,1.35895
2,9.80396,1.35937
2,9.80596,1.35978
2,9.80796,1.36019
2,9.80996,1.36059
2,9.81196,1.361
2,9.81396,1.36141
2,9.81596,1.36182
2,9.81796,1.36223
2,9.81996,1.36264
2,9.82196,1.36305
2,9.82396,1.36345
2,9.82597,1.36386
2,9.82797,1.36427
2,9.82997,1.36467
2,9.83197,1.36508
2,9.83397,1.36548
2,9.83597,1.36589
2,9.83797,1.3663
2,9.83997,1.3667
2,9.84197,1.36711
2,9.84397,1.36751
2,9.84597,1.36791
2,9.84797,1.36832
2,9.84997,1.36872
2,9.85197,1.36912
2,9.85397,1.36953
2,9.85597,1.36993
2,9.85797,1.37033
2,9.85997,1.37073
2,9.86197,1.37113
2,9.86397,1.37154
2,9.86597,1.37194
2,9.86797,1.37234
2,9.86997,1.37274
2,9.87197,1.37314
2,9.87397,1.37354
2,9.87598,1.37394
2,9.87798,1.37433
2,9.87998,1.37473
2,9.88198,1.37513
2,9.88398,1.37553
2,9.88598,1.37593
2,9.88798,1.37632
2,9.88998,1.37672
2,9.89198,1.37712
2,9.89398,1.37751
2,9.89598,1.37791
2,9.89798,1.37831
2,9.89998,1.3787
2,9.90198,1.3791
2,9.90398,1.37949
2,9.90598,1.37988
2,9.90798,1.38028
2,9.90998,1.38067
2,9.91198,1.38107
2,9.91398,1.38146
2,9.91598,1.38185
2,9.91798,1.38224
2,9.91998,1.38264
2,9.92198,1.38303
2,9.92398,1.38342
2,9.92599,1.38381
2,9.92799,1.3842
2,9.92999,1.38459
2,9.93199,1.38498
2,9.93399,1.38537
2,9.93599,1.38576
2,9.93799,1.38615
2,9.93999,1.38653
2,9.94199,1.38692
2,9.94399,1.38731
2,9.94599,1.3877
2,9.94799,1.38808
2,9.94999,1.38847
2,9.95199,1.38886
2,9.95399,1.38924
2,9.95599,1.38963
2,9.95799,1.39001
2,9.95999,1.3904
2,9.96199,1.39078
2,9.96399,1.39117
2,9.96599,1.39155
2,9.96799,1.39193
2,9.96999,1.39232
2,9.97199,1.3927
2,9.97399,1.39308
2,9.976,1.39346
2,9.978,1.39385
2,9.98,1.39423
2,9.982,1.39461
2,9.984,1.39499
2,9.986,1.39537
2,9.988,1.39575
2,9.99,1.39613
2,9.992,1.39651
2,9.994,1.39688
2,9.996,1.39726
2,9.998,1.39764
2,10,1.39802
4,0,0.952476
4,0.0020004,0.952809
4,0.0040008,0.953141
4,0.0060012,0.953474
4,0.0080016,0.953807
4,0.010002,0.95414
4,0.0120024,0.954473
4,0.0140028,0.954806
4,0.0160032,0.955139
4,0.0180036,0.955472
4,0.020004,0.955805
4,0.0220044,0.956138
4,0.0240048,0.956471
4,0.0260052,0.956804
4,0.0280056,0.957137
4,0.030006,0.95747
4,0.0320064,0.957803
4,0.0340068,0.958136
4,0.0360072,0.958469
4,0.0380076,0.958802
4,0.040008,0.959135
4,0.0420084,0.959468
4,0.0440088,0.959801
4,0.0460092,0.960134
4,0.0480096,0.960467
4,0.05001,0.9608
4,0.0520104,0.961133
4,0.0540108,0.961466
4,0.0560112,0.961799
4,0.0580116,0.962132
4,0.060012,0.962465
4,0.0620124,0.962798
4,0.0640128,0.963132
4,0.0660132,0.963465
4,0.0680136,0.963798
4,0.070014,0.964131
4,0.0720144,0.964464
4,0.0740148,0.964797
4,0.0760152,0.96513
4,0.0780156,0.965463
4,0.080016,0.965796
4,0.0820164,0.96613
4,0.0840168,0.966463
4,0.0860172,0.966796
4,0.0880176,0.967129
4,0.090018,0.967462
4,0.0920184,0.967795
4,0.0940188,0.968128
4,0.0960192,0.968462
4,0.0980196,0.968795
4,0.10002,0.969128
4,0.10202,0.969461
4,0.104021,0.969794
4,0.106021,0.970128
4,0.108022,0.970461
4,0.110022,0.970794
4,0.112022,0.971127
4,0.114023,0.97146
4,0.116023,0.971794
4,0.118024,0.972127
4,0.120024,0.97246
4,0.122024,0.972793
4,0.124025,0.973126
4,0.126025,0.97346
4,0.128026,0.973793
4,0.130026,0.974126
4,0.132026,0.974459
4,0.134027,0.974793
4,0.136027,0.975126
4,0.138028,0.975459
4,0.140028,0.975792
4,0.142028,0.976126
4,0.144029,0.976459
4,0.146029,0.976792
4,0.14803,0.977126
4,0.15003,0.977459
4,0.15203,0.977792
4,0.154031,0.978125
4,0.156031,0.978459
4,0.158032,0.978792
4,0.160032,0.979125
4,0.162032,0.979459
4,0.164033,0.979792
4,0.166033,0.980125
4,0.168034,0.980458
4,0.170034,0.980792
4,0.172034,0.981125
4,0.174035,0.981458
4,0.176035,0.981792
4,0.178036,0.982125
4,0.180036,0.982458
4,0.182036,0.982792
4,0.184037,0.983125
4,0.186037,0.983458
4,0.188038,0.983792
4,0.190038,0.984125
4,0.192038,0.984458
4,0.194039,0.984792
4,0.196039,0.985125
4,0.19804,0.985458
4,0.20004,0.985792
4,0.20204,0.986125
4,0.204041,0.986458
4,0.206041,0.986792
4,0.208042,0.987125
4,0.210042,0.987459
4,0.212042,0.987792
4,0.214043,0.988125
4,0.216043,0.988459
4,0.218044,0.988792
4,0.220044,0.989125
4,0.222044,0.989459
4,0.224045,0.989792
4,0.226045,0.990125
4,0.228046,0.990459
4,0.230046,0.990792
4,0.232046,0.991126
4,0.234047,0.991459
4,0.236047,0.991792
4,0.238048,0.992126
4,0.240048,0.992459
4,0.242048,0.992792
4,0.244049,0.993126
4,0.246049,0.993459
4,0.24805,0.993793
4,0.25005,0.994126
4,0.25205,0.994459
4,0.254051,0.994793
4,0.256051,0.995126
4,0.258052,0.99546
4,0.260052,0.995793
4,0.262052,0.996126
4,0.264053,0.99646
4,0.266053,0.996793
4,0.268054,0.997126
4,0.270054,0.99746
4,0.272054,0.997793
4,0.274055,0.998127
4,0.276055,0.99846
4,0.278056,0.998793
4,0.280056,0.999127
4,0.282056,0.99946
4,0.284057,0.999794
4,0.286057,1.00013
4,0.288058,1.00046
4,0.290058,1.00079
4,0.292058,1.00113
4,0.294059,1.00146
4,0.296059,1.00179
4,0.29806,1.00213
4,0.30006,1.00246
4,0.30206,1.00279
4,0.304061,1.00313
4,0.306061,1.00346
4,0.308062,1.00379
4,0.310062,1.00413
4,0.312062,1.00446
4,0.314063,1.00479
4,0.316063,1.00513
4,0.318064,1.00546
4,0.320064,1.00579
4,0.322064,1.00613
4,0.324065,1.00646
4,0.326065,1.00679
4,0.328066,1.00713
4,0.330066,1.00746
4,0.332066,1.00779
4,0.334067,1.00813
4,0.336067,1.00846
4,0.338068,1.0088
4,0.340068,1.00913
4,0.342068,1.00946
4,0.344069,1.0098
4,0.346069,1.01013
4,0.34807,1.01046
4,0.35007,1.0108
4,0.35207,1.01113
4,0.354071,1.01146
4,0.356071,1.0118
4,0.358072,1.01213
4,0.360072,1.01246
4,0.362072,1.0128
4,0.364073,1.01313
4,0.366073,1.01346
4,0.368074,1.0138
4,0.370074,1.01413
4,0.372074,1.01446
4,0.374075,1.0148
4,0.376075,1.01513
4,0.378076,1.01546
4,0.380076,1.0158
4,0.382076,1.01613
4,0.384077,1.01646
4,0.386077,1.0168
4,0.388078,1.01713
4,0.390078,1.01746
4,0.392078,1.0178
4,0.394079,1.01813
4,0.396079,1.01846
4,0.39808,1.0188
4,0.40008,1.01913
4,0.40208,1.01946
4,0.404081,1.0198
4,0.406081,1.02013
4,0.408082,1.02046
4,0.410082,1.0208
4,0.412082,1.02113
4,0.414083,1.02146
4,0.416083,1.0218
4,0.418084,1.02213
4,0.420084,1.02246
4,0.422084,1.0228
4,0.424085,1.02313
4,0.426085,1.02346
4,0.428086,1.0238
4,0.430086,1.02413
4,0.432086,1.02446
4,0.434087,1.02479
4,0.436087,1.02513
4,0.438088,1.02546
4,0.440088,1.02579
4,0.442088,1.02613
4,0.444089,1.02646
4,0.446089,1.02679
4,0.44809,1.02713
4,0.45009,1.02746
4,0.45209,1.02779
4,0.454091,1.02813
4,0.456091,1.02846
4,0.458092,1.02879
4,0.460092,1.02913
4,0.462092,1.02946
4,0.464093,1.02979
4,0.466093,1.03013
4,0.468094,1.03046
4,0.470094,1.03079
4,0.472094,1.03113
4,0.474095,1.03146
4,0.476095,1.03179
4,0.478096,1.03213
4,0.480096,1.03246
4,0.482096,1.03279
4,0.484097,1.03312
4,0.486097,1.03346
4,0.488098,1.03379
4,0.490098,1.03412
4,0.492098,1.03446
4,0.494099,1.03479
4,0.496099,1.03512
4,0.4981,1.03546
4,0.5001,1.03579
4,0.5021,1.03612
4,0.504101,1.03646
4,0.506101,1.03679
4,0.508102,1.03712
4,0.510102,1.03746
4,0.512102,1.03779
4,0.514103,1.03812
4,0.516103,1.03845
4,0.518104,1.03879
4,0.520104,1.03912
4,0.522104,1.03945
4,0.524105,1.03979
4,0.526105,1.04012
4,0.528106,1.04045
4,0.530106,1.04079
4,0.532106,1.04112
4,0.534107,1.04145
4,0.536107,1.04179
4,0.538108,1.04212
4,0.540108,1.04245
4,0.542108,1.04278
4,0.544109,1.04312
4,0.546109,1.04345
4,0.54811,1.04378
4,0.55011,1.04412
4,0.55211,1.04445
4,0.554111,1.04478
4,0.556111,1.04511
4,0.558112,1.04545
4,0.560112,1.04578
4,0.562112,1.04611
4,0.564113,1.04645
4,0.566113,1.04678
4,0.568114,1.04711
4,0.570114,1.04745
4,0.572114,1.04778
4,0.574115,1.04811
4,0.576115,1.04844
4,0.578116,1.04878
4,0.580116,1.04911
4,0.582116,1.04944
4,0.584117,1.04978
4,0.586117,1.05011
4,0.588118,1.05044
4,0.590118,1.05077
4,0.592118,1.05111
4,0.594119,1.05144
4,0.596119,1.05177
4,0.59812,1.0521
4,0.60012,1.05244
4,0.60212,1.05277
4,0.604121,1.0531
4,0.606121,1.05344
4,0.608122,1.05377
4,0.610122,1.0541
4,0.612122,1.05443
4,0.614123,1.05477
4,0.616123,1.0551
4,0.618124,1.05543
4,0.620124,1.05577
4,0.622124,1.0561
4,0.624125,1.05643
4,0.626125,1.05676
4,0.628126,1.0571
4,0.630126,1.05743
4,0.632126,1.05776
4,0.634127,1.05809
4,0.636127,1.05843
4,0.638128,1.05876
4,0.640128,1.05909
4,0.642128,1.05942
4,0.644129,1.05976
4,0.646129,1.06009
4,0.64813,1.06042
4,0.65013,1.06075
4,0.65213,1.06109
4,0.654131,1.06142
4,0.656131,1.06175
4,0.658132,1.06208
4,0.660132,1.06242
4,0.662132,1.06275
4,0.664133,1.06308
4,0.666133,1.06341
4,0.668134,1.06375
4,0.670134,1.06408
4,0.672134,1.06441
4,0.674135,1.06474
4,0.676135,1.06508
4,0.678136,1.06541
4,0.680136,1.06574
4,0.682136,1.06607
4,0.684137,1.06641
4,0.686137,1.06674
4,0.688138,1.06707
4,0.690138,1.0674
4,0.692138,1.06774
4,0.694139,1.06807
4,0.696139,1.0684
4,0.69814,1.06873
4,0.70014,1.06907
4,0.70214,1.0694
4,0.704141,1.06973
4,0.706141,1.07006
4,0.708142,1.0704
4,0.710142,1.07073
4,0.712142,1.07106
4,0.714143,1.07139
4,0.716143,1.07172
4,0.718144,1.07206
4,0.720144,1.07239
4,0.722144,1.07272
4,0.724145,1.07305
4,0.726145,1.07339
4,0.728146,1.07372
4,0.730146,1.07405
4,0.732146,1.07438
4,0.734147,1.07471
4,0.736147,1.07505
4,0.738148,1.07538
4,0.740148,1.07571
4,0.742148,1.07604
4,0.744149,1.07637
4,0.746149,1.07671
4,0.74815,1.07704
4,0.75015,1.07737
4,0.75215,1.0777
4,0.754151,1.07803
4,0.756151,1.07837
4,0.758152,1.0787
4,0.760152,1.07903
4,0.762152,1.07936
4,0.764153,1.07969
4,0.766153,1.08003
4,0.768154,1.08036
4,0.770154,1.08069
4,0.772154,1.08102
4,0.774155,1.08135
4,0.776155,1.08169
4,0.778156,1.08202
4,0.780156,1.08235
4,0.782156,1.08268
4,0.784157,1.08301
4,0.786157,1.08335
4,0.788158,1.08368
4,0.790158,1.08401
4,0.792158,1.08434
4,0.794159,1.08467
4,0.796159,1.085
4,0.79816,1.08534
4,0.80016,1.08567
4,0.80216,1.086
4,0.804161,1.08633
4,0.806161,1.08666
4,0.808162,1.08699
4,0.810162,1.08733
4,0.812162,1.08766
4,0.814163,1.08799
4,0.816163,1.08832
4,0.818164,1.08865
4,0.820164,1.08898
4,0.822164,1.08932
4,0.824165,1.08965
4,0.826165,1.08998
4,0.828166,1.09031
4,0.830166,1.09064
4,0.832166,1.09097
4,0.834167,1.09131
4,0.836167,1.09164
4,0.838168,1.09197
4,0.840168,1.0923
4,0.842168,1.09263
4,0.844169,1.09296
4,0.846169,1.09329
4,0.84817,1.09363
4,0.85017,1.09396
4,0.85217,1.09429
4,0.854171,1.09462
4,0.856171,1.09495
4,0.858172,1.09528
4,0.860172,1.09561
4,0.862172,1.09595
4,0.864173,1.09628
4,0.866173,1.09661
4,0.868174,1.09694
4,0.870174,1.09727
4,0.872174,1.0976
4,0.874175,1.09793
4,0.876175,1.09826
4,0.878176,1.0986
4,0.880176,1.09893
4,0.882176,1.09926
4,0.884177,1.09959
4,0.886177,1.09992
4,0.888178,1.10025
4,0.890178,1.10058
4,0.892178,1.10091
4,0.894179,1.10124
4,0.896179,1.10158
4,0.89818,1.10191
4,0.90018,1.10224
4,0.90218,1.10257
4,0.904181,1.1029
4,0.906181,1.10323
4,0.908182,1.10356
4,0.910182,1.10389
4,0.912182,1.10422
4,0.914183,1.10455
4,0.916183,1.10488
4,0.918184,1.10522
4,0.920184,1.10555
4,0.922184,1.10588
4,0.924185,1.10621
4,0.926185,1.10654
4,0.928186,1.10687
4,0.930186,1.1072
4,0.932186,1.10753
4,0.934187,1.10786
4,0.936187,1.10819
4,0.938188,1.10852
4,0.940188,1.10885
4,0.942188,1.10918
4,0.944189,1.10952
4,0.946189,1.10985
4,0.94819,1.11018
4,0.95019,1.11051
4,0.95219,1.11084
4,0.954191,1.11117
4,0.956191,1.1115
4,0.958192,1.11183
4,0.960192,1.11216
4,0.962192,1.11249
4,0.964193,1.11282
4,0.966193,1.11315
4,0.968194,1.11348
4,0.970194,1.11381
4,0.972194,1.11414
4,0.974195,1.11447
4,0.976195,1.1148
4,0.978196,1.11513
4,0.980196,1.11546
4,0.982196,1.11579
4,0.984197,1.11613
4,0.986197,1.11646
4,0.988198,1.11679
4,0.990198,1.11712
4,0.992198,1.11745
4,0.994199,1.11778
4,0.996199,1.11811
4,0.9982,1.11844
4,1.0002,1.11877
4,1.0022,1.1191
4,1.0042,1.11943
4,1.0062,1.11976
4,1.0082,1.12009
4,1.0102,1.12042
4,1.0122,1.12075
4,1.0142,1.12108
4,1.0162,1.12141
4,1.0182,1.12174
4,1.0202,1.12207
4,1.0222,1.1224
4,1.0242,1.12273
4,1.02621,1.12306
4,1.02821,1.12339
4,1.03021,1.12372
4,1.03221,1.12405
4,1.03421,1.12438
4,1.03621,1.12471
4,1.03821,1.12504
4,1.04021,1.12537
4,1.04221,1.1257
4,1.04421,1.12603
4,1.04621,1.12636
4,1.04821,1.12669
4,1.05021,1.12701
4,1.05221,1.12734
4,1.05421,1.12767
4,1.05621,1.128
4,1.05821,1.12833
4,1.06021,1.12866
4,1.06221,1.12899
4,1.06421,1.12932
4,1.06621,1.12965
4,1.06821,1.12998
4,1.07021,1.13031
4,1.07221,1.13064
4,1.07421,1.13097
4,1.07622,1.1313
4,1.07822,1.13163
4,1.08022,1.13196
4,1.08222,1.13229
4,1.08422,1.13262
4,1.08622,1.13295
4,1.08822,1.13327
4,1.09022,1.1336
4,1.09222,1.13393
4,1.09422,1.13426
4,1.09622,1.13459
4,1.09822,1.13492
4,1.10022,1.13525
4,1.10222,1.13558
4,1.10422,1.13591
4,1.10622,1.13624
4,1.10822,1.13657
4,1.11022,1.1369
4,1.11222,1.13722
4,1.11422,1.13755
4,1.11622,1.13788
4,1.11822,1.13821
4,1.12022,1.13854
4,1.12222,1.13887
4,1.12422,1.1392
4,1.12623,1.13953
4,1.12823,1.13986
4,1.13023,1.14018
4,1.13223,1.14051
4,1.13423,1.14084
4,1.13623,1.14117
4,1.13823,1.1415
4,1.14023,1.14183
4,1.14223,1.14216
4,1.14423,1.14249
4,1.14623,1.14281
4,1.14823,1.14314
4,1.15023,1.14347
4,1.15223,1.1438
4,1.15423,1.14413
4,1.15623,1.14446
4,1.15823,1.14479
4,1.16023,1.14511
4,1.16223,1.14544
4,1.16423,1.14577
4,1.16623,1.1461
4,1.16823,1.14643
4,1.17023,1.14676
4,1.17223,1.14708
4,1.17423,1.14741
4,1.17624,1.14774
4,1.17824,1.14807
4,1.18024,1.1484
4,1.18224,1.14873
4,1.18424,1.14905
4,1.18624,1.14938
4,1.18824,1.14971
4,1.19024,1.15004
4,1.19224,1.15037
4,1.19424,1.1507
4,1.19624,1.15102
4,1.19824,1.15135
4,1.20024,1.15168
4,1.20224,1.15201
4,1.20424,1.15234
4,1.20624,1.15266
4,1.20824,1.15299
4,1.21024,1.15332
4,1.21224,1.15365
4,1.21424,1.15397
4,1.21624,1.1543
4,1.21824,1.15463
4,1.22024,1.15496
4,1.22224,1.15529
4,1.22424,1.15561
4,1.22625,1.15594
4,1.22825,1.15627
4,1.23025,1.1566
4,1.23225,1.15692
4,1.23425,1.15725
4,1.23625,1.15758
4,1.23825,1.15791
4,1.24025,1.15823
4,1.24225,1.15856
4,1.24425,1.15889
4,1.24625,1.15922
4,1.24825,1.15954
4,1.25025,1.15987
4,1.25225,1.1602
4,1.25425,1.16053
4,1.25625,1.16085
4,1.25825,1.16118
4,1.26025,1.16151
4,1.26225,1.16183
4,1.26425,1.16216
4,1.26625,1.16249
4,1.26825,1.16282
4,1.27025,1.16314
4,1.27225,1.16347
4,1.27425,1.1638
4,1.27626,1.16412
4,1.27826,1.16445
4,1.28026,1.16478
4,1.28226,1.16511
4,1.28426,1.16543
4,1.28626,1.16576
4,1.28826,1.16609
4,1.29026,1.16641
4,1.29226,1.16674
4,1.29426,1.16707
4,1.29626,1.16739
4,1.29826,1.16772
4,1.30026,1.16805
4,1.30226,1.16837
4,1.30426,1.1687
4,1.30626,1.16903
4,1.30826,1.16935
4,1.31026,1.16968
4,1.31226,1.17001
4,1.31426,1.17033
4,1.31626,1.17066
4,1.31826,1.17099
4,1.32026,1.17131
4,1.32226,1.17164
4,1.32426,1.17196
4,1.32627,1.17229
4,1.32827,1.17262
4,1.33027,1.17294
4,1.33227,1.17327
4,1.33427,1.1736
4,1.33627,1.17392
4,1.33827,1.17425
4,1.34027,1.17457
4,1.34227,1.1749
4,1.34427,1.17523
4,1.34627,1.17555
4,1.34827,1.17588
4,1.35027,1.1762
4,1.35227,1.17653
4,1.35427,1.17686
4,1.35627,1.17718
4,1.35827,1.17751
4,1.36027,1.17783
4,1.36227,1.17816
4,1.36427,1.17849
4,1.36627,1.17881
4,1.36827,1.17914
4,1.37027,1.17946
4,1.37227,1.17979
4,1.37427,1.18011
4,1.37628,1.18044
4,1.37828,1.18076
4,1.38028,1.18109
4,1.38228,1.18142
4,1.38428,1.18174
4,1.38628,1.18207
4,1.38828,1.18239
4,1.39028,1.18272
4,1.39228,1.18304
4,1.39428,1.18337
4,1.39628,1.18369
4,1.39828,1.18402
4,1.40028,1.18434
4,1.40228,1.18467
4,1.40428,1.18499
4,1.40628,1.18532
4,1.40828,1.18564
4,1.41028,1.18597
4,1.41228,1.18629
4,1.41428,1.18662
4,1.41628,1.18694
4,1.41828,1.18727
4,1.42028,1.18759
4,1.42228,1.18792
4,1.42428,1.18824
4,1.42629,1.18857
4,1.42829,1.18889
4,1.43029,1.18922
4,1.43229,1.18954
4,1.43429,1.18987
4,1.43629,1.19019
4,1.43829,1.19052
4,1.44029,1.19084
4,1.44229,1.19117
4,1.44429,1.19149
4,1.44629,1.19181
4,1.44829,1.19214
4,1.45029,1.19246
4,1.45229,1.19279
4,1.45429,1.19311
4,1.45629,1.19344
4,1.45829,1.19376
4,1.46029,1.19408
4,1.46229,1.19441
4,1.46429,1.19473
4,1.46629,1.19506
4,1.46829,1.19538
4,1.47029,1.19571
4,1.47229,1.19603
4,1.47429,1.19635
4,1.4763,1.19668
4,1.4783,1.197
4,1.4803,1.19732
4,1.4823,1.19765
4,1.4843,1.19797
4,1.4863,1.1983
4,1.4883,1.19862
4,1.4903,1.19894
4,1.4923,1.19927
4,1.4943,1.19959
4,1.4963,1.19991
4,1.4983,1.20024
4,1.5003,1.20056
4,1.5023,1.20089
4,1.5043,1.20121
4,1.5063,1.20153
4,1.5083,1.20186
4,1.5103,1.20218
4,1.5123,1.2025
4,1.5143,1.20283
4,1.5163,1.20315
4,1.5183,1.20347
4,1.5203,1.2038
4,1.5223,1.20412
4,1.5243,1.20444
4,1.52631,1.20476
4,1.52831,1.20509
4,1.53031,1.20541
4,1.53231,1.20573
4,1.53431,1.20606
4,1.53631,1.20638
4,1.53831,1.2067
4,1.54031,1.20702
4,1.54231,1.20735
4,1.54431,1.20767
4,1.54631,1.20799
4,1.54831,1.20832
4,1.55031,1.20864
4,1.55231,1.20896
4,1.55431,1.20928
4,1.55631,1.20961
4,1.55831,1.20993
4,1.56031,1.21025
4,1.56231,1.21057
4,1.56431,1.2109
4,1.56631,1.21122
4,1.56831,1.21154
4,1.57031,1.21186
4,1.57231,1.21218
4,1.57431,1.21251
4,1.57632,1.21283
4,1.57832,1.21315
4,1.58032,1.21347
4,1.58232,1.2138
4,1.58432,1.21412
4,1.58632,1.21444
4,1.58832,1.21476
4,1.59032,1.21508
4,1.59232,1.2154
4,1.59432,1.21573
4,1.59632,1.21605
4,1.59832,1.21637
4,1.60032,1.21669
4,1.60232,1.21701
4,1.60432,1.21733
4,1.60632,1.21766
4,1.60832,1.21798
4,1.61032,1.2183
4,1.61232,1.21862
4,1.61432,1.21894
4,1.61632,1.21926
4,1.61832,1.21958
4,1.62032,1.21991
4,1.62232,1.22023
4,1.62432,1.22055
4,1.62633,1.22087
4,1.62833,1.22119
4,1.63033,1.22151
4,1.63233,1.22183
4,1.63433,1.22215
4,1.63633,1.22247
4,1.63833,1.2228
4,1.64033,1.22312
4,1.64233,1.22344
4,1.64433,1.22376
4,1.64633,1.22408
4,1.64833,1.2244
4,1.65033,1.22472
4,1.65233,1.22504
4,1.65433,1.22536
4,1.65633,1.22568
4,1.65833,1.226
4,1.66033,1.22632
4,1.66233,1.22664
4,1.66433,1.22696
4,1.66633,1.22728
4,1.66833,1.2276
4,1.67033,1.22792
4,1.67233,1.22824
4,1.67433,1.22856
4,1.67634,1.22888
4,1.67834,1.22921
4,1.68034,1.22953
4,1.68234,1.22985
4,1.68434,1.23016
4,1.68634,1.23048
4,1.68834,1.2308
4,1.69034,1.23112
4,1.69234,1.23144
4,1.69434,1.23176
4,1.69634,1.23208
4,1.69834,1.2324
4,1.70034,1.23272
4,1.70234,1.23304
4,1.70434,1.23336
4,1.70634,1.23368
4,1.70834,1.234
4,1.71034,1.23432
4,1.71234,1.23464
4,1.71434,1.23496
4,1.71634,1.23528
4,1.71834,1.2356
4,1.72034,1.23592
4,1.72234,1.23624
4,1.72434,1.23655
4,1.72635,1.23687
4,1.72835,1.23719
4,1.73035,1.23751
4,1.73235,1.23783
4,1.73435,1.23815
4,1.73635,1.23847
4,1.73835,1.23879
4,1.74035,1.23911
4,1.74235,1.23942
4,1.74435,1.23974
4,1.74635,1.24006
4,1.74835,1.24038
4,1.75035,1.2407
4,1.75235,1.24102
4,1.75435,1.24133
4,1.75635,1.24165
4,1.75835,1.24197
4,1.76035,1.24229
4,1.76235,1.24261
4,1.76435,1.24293
4,1.76635,1.24324
4,1.76835,1.24356
4,1.77035,1.24388
4,1.77235,1.2442
4,1.77435,1.24452
4,1.77636,1.24483
4,1.77836,1.24515
4,1.78036,1.24547
4,1.78236,1.24579
4,1.78436,1.2461
4,1.78636,1.24642
4,1.78836,1.24674
4,1.79036,1.24706
4,1.79236,1.24738
4,1.79436,1.24769
4,1.79636,1.24801
4,1.79836,1.24833
4,1.80036,1.24864
4,1.80236,1.24896
4,1.80436,1.24928
4,1.80636,1.2496
4,1.80836,1.24991
4,1.81036,1.25023
4,1.81236,1.25055
4,1.81436,1.25086
4,1.81636,1.25118
4,1.81836,1.2515
4,1.82036,1.25181
4,1.82236,1.25213
4,1.82436,1.25245
4,1.82637,1.25276
4,1.82837,1.25308
4,1.83037,1.2534
4,1.83237,1.25371
4,1.83437,1.25403
4,1.83637,1.25435
4,1.83837,1.25466
4,1.84037,1.25498
4,1.84237,1.2553
4,1.84437,1.25561
4,1.84637,1.25593
4,1.84837,1.25624
4,1.85037,1.25656
4,1.85237,1.25688
4,1.85437,1.25719
4,1.85637,1.25751
4,1.85837,1.25782
4,1.86037,1.25814
4,1.86237,1.25846
4,1.86437,1.25877
4,1.86637,1.25909
4,1.86837,1.2594
4,1.87037,1.25972
4,1.87237,1.26003
4,1.87437,1.26035
4,1.87638,1.26066
4,1.87838,1.26098
4,1.88038,1.26129
4,1.88238,1.26161
4,1.88438,1.26193
4,1.88638,1.26224
4,1.88838,1.26256
4,1.89038,1.26287
4,1.89238,1.26319
4,1.89438,1.2635
4,1.89638,1.26382
4,1.89838,1.26413
4,1.90038,1.26444
4,1.90238,1.26476
4,1.90438,1.26507
4,1.90638,1.26539
4,1.90838,1.2657
4,1.91038,1.26602
4,1.91238,1.26633
4,1.91438,1.26665
4,1.91638,1.26696
4,1.91838,1.26727
4,1.92038,1.26759
4,1.92238,1.2679
4,1.92438,1.26822
4,1.92639,1.26853
4,1.92839,1.26885
4,1.93039,1.26916
4,1.93239,1.26947
4,1.93439,1.26979
4,1.93639,1.2701
4,1.93839,1.27041
4,1.94039,1.27073
4,1.94239,1.27104
4,1.94439,1.27135
4,1.94639,1.27167
4,1.94839,1.27198
4,1.95039,1.2723
4,1.95239,1.27261
4,1.95439,1.27292
4,1.95639,1.27323
4,1.95839,1.27355
4,1.96039,1.27386
4,1.96239,1.27417
4,1.96439,1.27449
4,1.96639,1.2748
4,1.96839,1.27511
4,1.97039,1.27543
4,1.97239,1.27574
4,1.97439,1.27605
4,1.9764,1.27636
4,1.9784,1.27668
4,1.9804,1.27699
4,1.9824,1.2773
4,1.9844,1.27761
4,1.9864,1.27793
4,1.9884,1.27824
4,1.9904,1.27855
4,1.9924,1.27886
4,1.9944,1.27917
4,1.9964,1.27949
4,1.9984,1.2798
4,2.0004,1.28011
4,2.0024,1.28042
4,2.0044,1.28073
4,2.0064,1.28105
4,2.0084,1.28136
4,2.0104,1.28167
4,2.0124,1.28198
4,2.0144,1.28229
4,2.0164,1.2826
4,2.0184,1.28291
4,2.0204,1.28323
4,2.0224,1.28354
4,2.0244,1.28385
4,2.02641,1.28416
4,2.02841,1.28447
4,2.03041,1.28478
4,2.03241,1.28509
4,2.03441,1.2854
4,2.03641,1.28571
4,2.03841,1.28602
4,2.04041,1.28633
4,2.04241,1.28665
4,2.04441,1.28696
4,2.04641,1.28727
4,2.04841,1.28758
4,2.05041,1.28789
4,2.05241,1.2882
4,2.05441,1.28851
4,2.05641,1.28882
4,2.05841,1.28913
4,2.06041,1.28944
4,2.06241,1.28975
4,2.06441,1.29006
4,2.06641,1.29037
4,2.06841,1.29068
4,2.07041,1.29099
4,2.07241,1.2913
4,2.07441,1.29161
4,2.07642,1.29192
4,2.07842,1.29223
4,2.08042,1.29254
4,2.08242,1.29284
4,2.08442,1.29315
4,2.08642,1.29346
4,2.08842,1.29377
4,2.09042,1.29408
4,2.09242,1.29439
4,2.09442,1.2947
4,2.09642,1.29501
4,2.09842,1.29532
4,2.10042,1.29563
4,2.10242,1.29593
4,2.10442,1.29624
4,2.10642,1.29655
4,2.10842,1.29686
4,2.11042,1.29717
4,2.11242,1.29748
4,2.11442,1.29778
4,2.11642,1.29809
4,2.11842,1.2984
4,2.12042,1.29871
4,2.12242,1.29902
4,2.12442,1.29933
4,2.12643,1.29963
4,2.12843,1.29994
4,2.13043,1.30025
4,2.13243,1.30056
4,2.13443,1.30086
4,2.13643,1.30117
4,2.13843,1.30148
4,2.14043,1.30179
4,2.14243,1.30209
4,2.14443,1.3024
4,2.14643,1.30271
4,2.14843,1.30302
4,2.15043,1.30332
4,2.15243,1.30363
4,2.15443,1.30394
4,2.15643,1.30424
4,2.15843,1.30455
4,2.16043,1.30486
4,2.16243,1.30516
4,2.16443,1.30547
4,2.16643,1.30578
4,2.16843,1.30608
4,2.17043,1.30639
4,2.17243,1.3067
4,2.17443,1.307
4,2.17644,1.30731
4,2.17844,1.30761
4,2.18044,1.30792
4,2.18244,1.30823
4,2.18444,1.30853
4,2.18644,1.30884
4,2.18844,1.30914
4,2.19044,1.30945
4,2.19244,1.30975
4,2.19444,1.31006
4,2.19644,1.31036
4,2.19844,1.31067
4,2.20044,1.31098
4,2.20244,1.31128
4,2.20444,1.31159
4,2.20644,1.31189
4,2.20844,1.3122
4,2.21044,1.3125
4,2.21244,1.31281
4,2.21444,1.31311
4,2.21644,1.31341
4,2.21844,1.31372
4,2.22044,1.31402
4,2.22244,1.31433
4,2.22444,1.31463
4,2.22645,1.31494
4,2.22845,1.31524
4,2.23045,1.31555
4,2.23245,1.31585
4,2.23445,1.31615
4,2.23645,1.31646
4,2.23845,1.31676
4,2.24045,1.31706
4,2.24245,1.31737
4,2.24445,1.31767
4,2.24645,1.31798
4,2.24845,1.31828
4,2.25045,1.31858
4,2.25245,1.31889
4,2.25445,1.31919
4,2.25645,1.31949
4,2.25845,1.31979
4,2.26045,1.3201
4,2.26245,1.3204
4,2.26445,1.3207
4,2.26645,1.32101
4,2.26845,1.32131
4,2.27045,1.32161
4,2.27245,1.32191
4,2.27445,1.32222
4,2.27646,1.32252
4,2.27846,1.32282
4,2.28046,1.32312
4,2.28246,1.32343
4,2.28446,1.32373
4,2.28646,1.32403
4,2.28846,1.32433
4,2.29046,1.32463
4,2.29246,1.32493
4,2.29446,1.32524
4,2.29646,1.32554
4,2.29846,1.32584
4,2.30046,1.32614
4,2.30246,1.32644
4,2.30446,1.32674
4,2.30646,1.32704
4,2.30846,1.32735
4,2.31046,1.32765
4,2.31246,1.32795
4,2.31446,1.32825
4,2.31646,1.32855
4,2.31846,1.32885
4,2.32046,1.32915
4,2.32246,1.32945
4,2.32446,1.32975
4,2.32647,1.33005
4,2.32847,1.33035
4,2.33047,1.33065
4,2.33247,1.33095
4,2.33447,1.33125
4,2.33647,1.33155
4,2.33847,1.33185
4,2.34047,1.33215
4,2.34247,1.33245
4,2.34447,1.33275
4,2.34647,1.33305
4,2.34847,1.33335
4,2.35047,1.33365
4,2.35247,1.33395
4,2.35447,1.33425
4,2.35647,1.33455
4,2.35847,1.33484
4,2.36047,1.33514
4,2.36247,1.33544
4,2.36447,1.33574
4,2.36647,1.33604
4,2.36847,1.33634
4,2.37047,1.33664
4,2.37247,1.33693
4,2.37447,1.33723
4,2.37648,1.33753
4,2.37848,1.33783
4,2.38048,1.33813
4,2.38248,1.33842
4,2.38448,1.33872
4,2.38648,1.33902
4,2.38848,1.33932
4,2.39048,1.33962
4,2.39248,1.33991
4,2.39448,1.34021
4,2.39648,1.34051
4,2.39848,1.3408
4,2.40048,1.3411
4,2.40248,1.3414
4,2.40448,1.3417
4,2.40648,1.34199
4,2.40848,1.34229
4,2.41048,1.34259
4,2.41248,1.34288
4,2.41448,1.34318
4,2.41648,1.34347
4,2.41848,1.34377
4,2.42048,1.34407
4,2.42248,1.34436
4,2.42448,1.34466
4,2.42649,1.34495
4,2.42849,1.34525
4,2.43049,1.34555
4,2.43249,1.34584
4,2.43449,1.34614
4,2.43649,1.34643
4,2.43849,1.34673
4,2.44049,1.34702
4,2.44249,1.34732
4,2.44449,1.34761
4,2.44649,1.34791
4,2.44849,1.3482
4,2.45049,1.3485
4,2.45249,1.34879
4,2.45449,1.34909
4,2.45649,1.34938
4,2.45849,1.34968
4,2.46049,1.34997
4,2.46249,1.35026
4,2.46449,1.35056
4,2.46649,1.35085
4,2.46849,1.35115
4,2.47049,1.35144
4,2.47249,1.35173
4,2.47449,1.35203
4,2.4765,1.35232
4,2.4785,1.35261
4,2.4805,1.35291
4,2.4825,1.3532
4,2.4845,1.35349
4,2.4865,1.35379
4,2.4885,1.35408
4,2.4905,1.35437
4,2.4925,1.35466
4,2.4945,1.35496
4,2.4965,1.35525
4,2.4985,1.35554
4,2.5005,1.35583
4,2.5025,1.35612
4,2.5045,1.35642
4,2.5065,1.35671
4,2.5085,1.357
4,2.5105,1.35729
4,2.5125,1.35758
4,2.5145,1.35788
4,2.5165,1.35817
4,2.5185,1.35846
4,2.5205,1.35875
4,2.5225,1.35904
4,2.5245,1.35933
4,2.52651,1.35962
4,2.52851,1.35991
4,2.53051,1.3602
4,2.53251,1.36049
4,2.53451,1.36078
4,2.53651,1.36107
4,2.53851,1.36137
4,2.54051,1.36166
4,2.54251,1.36195
4,2.54451,1.36224
4,2.54651,1.36253
4,2.54851,1.36281
4,2.55051,1.3631
4,2.55251,1.36339
4,2.55451,1.36368
4,2.55651,1.36397
4,2.55851,1.36426
4,2.56051,1.36455
4,2.56251,1.36484
4,2.56451,1.36513
4,2.56651,1.36542
4,2.56851,1.36571
4,2.57051,1.36599
4,2.57251,1.36628
4,2.57451,1.36657
4,2.57652,1.36686
4,2.57852,1.36715
4,2.58052,1.36744
4,2.58252,1.36772
4,2.58452,1.36801
4,2.58652,1.3683
4,2.58852,1.36859
4,2.59052,1.36887
4,2.59252,1.36916
4,2.59452,1.36945
4,2.59652,1.36973
4,2.59852,1.37002
4,2.60052,1.37031
4,2.60252,1.37059
4,2.60452,1.37088
4,2.60652,1.37117
4,2.60852,1.37145
4,2.61052,1.37174
4,2.61252,1.37203
4,2.61452,1.37231
4,2.61652,1.3726
4,2.61852,1.37288
4,2.62052,1.37317
4,2.62252,1.37346
4,2.62452,1.37374
4,2.62653,1.37403
4,2.62853,1.37431
4,2.63053,1.3746
4,2.63253,1.37488
4,2.63453,1.37517
4,2.63653,1.37545
4,2.63853,1.37574
4,2.64053,1.37602
4,2.64253,1.3763
4,2.64453,1.37659
4,2.64653,1.37687
4,2.64853,1.37716
4,2.65053,1.37744
4,2.65253,1.37772
4,2.65453,1.37801
4,2.65653,1.37829
4,2.65853,1.37857
4,2.66053,1.37886
4,2.66253,1.37914
4,2.66453,1.37942
4,2.66653,1.37971
4,2.66853,1.37999
4,2.67053,1.38027
4,2.67253,1.38055
4,2.67453,1.38084
4,2.67654,1.38112
4,2.67854,1.3814
4,2.68054,1.38168
4,2.68254,1.38196
4,2.68454,1.38225
4,2.68654,1.38253
4,2.68854,1.38281
4,2.69054,1.38309
4,2.69254,1.38337
4,2.69454,1.38365
4,2.69654,1.38393
4,2.69854,1.38421
4,2.70054,1.3845
4,2.70254,1.38478
4,2.70454,1.38506
4,2.70654,1.38534
4,2.70854,1.38562
4,2.71054,1.3859
4,2.71254,1.38618
4,2.71454,1.38646
4,2.71654,1.38674
4,2.71854,1.38702
4,2.72054,1.3873
4,2.72254,1.38757
4,2.72454,1.38785
4,2.72655,1.38813
4,2.72855,1.38841
4,2.73055,1.38869
4,2.73255,1.38897
4,2.73455,1.38925
4,2.73655,1.38953
4,2.73855,1.3898
4,2.74055,1.39008
4,2.74255,1.39036
4,2.74455,1.39064
4,2.74655,1.39091
4,2.74855,1.39119
4,2.75055,1.39147
4,2.75255,1.39175
4,2.75455,1.39202
4,2.75655,1.3923
4,2.75855,1.39258
4,2.76055,1.39285
4,2.76255,1.39313
4,2.76455,1.39341
4,2.76655,1.39368
4,2.76855,1.39396
4,2.77055,1.39424
4,2.77255,1.39451
4,2.77455,1.39479
4,2.77656,1.39506
4,2.77856,1.39534
4,2.78056,1.39561
4,2.78256,1.39589
4,2.78456,1.39616
4,2.78656,1.39644
4,2.78856,1.39671
4,2.79056,1.39699
4,2.79256,1.39726
4,2.79456,1.39754
4,2.79656,1.39781
4,2.79856,1.39808
4,2.80056,1.39836
4,2.80256,1.39863
4,2.80456,1.3989
4,2.80656,1.39918
4,2.80856,1.39945
4,2.81056,1.39972
4,2.81256,1.4
4,2.81456,1.40027
4,2.81656,1.40054
4,2.81856,1.40081
4,2.82056,1.40109
4,2.82256,1.40136
4,2.82456,1.40163
4,2.82657,1.4019
4,2.82857,1.40217
4,2.83057,1.40245
4,2.83257,1.40272
4,2.83457,1.40299
4,2.83657,1.40326
4,2.83857,1.40353
4,2.84057,1.4038
4,2.84257,1.40407
4,2.84457,1.40434
4,2.84657,1.40461
4,2.84857,1.40488
4,2.85057,1.40515
4,2.85257,1.40542
4,2.85457,1.40569
4,2.85657,1.40596
4,2.85857,1.40623
4,2.86057,1.4065
4,2.86257,1.40677
4,2.86457,1.40704
4,2.86657,1.40731
4,2.86857,1.40757
4,2.87057,1.40784
4,2.87257,1.40811
4,2.87457,1.40838
4,2.87658,1.40865
4,2.87858,1.40891
4,2.88058,1.40918
4,2.88258,1.40945
4,2.88458,1.40972
4,2.88658,1.40998
4,2.88858,1.41025
4,2.89058,1.41052
4,2.89258,1.41078
4,2.89458,1.41105
4,2.89658,1.41132
4,2.89858,1.41158
4,2.90058,1.41185
4,2.90258,1.41211
4,2.90458,1.41238
4,2.90658,1.41264
4,2.90858,1.41291
4,2.91058,1.41318
4,2.91258,1.41344
4,2.91458,1.4137
4,2.91658,1.41397
4,2.91858,1.41423
4,2.92058,1.4145
4,2.92258,1.41476
4,2.92458,1.41502
4,2.92659,1.41529
4,2.92859,1.41555
4,2.93059,1.41582
4,2.93259,1.41608
4,2.93459,1.41634
4,2.93659,1.4166
4,2.93859,1.41687
4,2.94059,1.41713
4,2.94259,1.41739
4,2.94459,1.41765
4,2.94659,1.41791
4,2.94859,1.41818
4,2.95059,1.41844
4,2.95259,1.4187
4,2.95459,1.41896
4,2.95659,1.41922
4,2.95859,1.41948
4,2.96059,1.41974
4,2.96259,1.42
4,2.96459,1.42026
4,2.96659,1.42052
4,2.96859,1.42079
4,2.97059,1.42104
4,2.97259,1.4213
4,2.97459,1.42156
4,2.9766,1.42182
4,2.9786,1.42208
4,2.9806,1.42234
4,2.9826,1.42259
4,2.9846,1.42285
4,2.9866,1.42312
4,2.9886,1.42337
4,2.9906,1.42363
4,2.9926,1.42388
4,2.9946,1.42414
4,2.9966,1.42441
4,2.9986,1.42466
4,3.0006,1.42491
4,3.0026,1.42517
4,3.0046,1.42543
4,3.0066,1.42569
4,3.0086,1.42594
4,3.0106,1.42619
4,3.0126,1.42645
4,3.0146,1.42671
4,3.0166,1.42697
4,3.0186,1.42721
4,3.0206,1.42746
4,3.0226,1.42772
4,3.0246,1.42799
4,3.02661,1.42824
4,3.02861,1.42848
4,3.03061,1.42873
4,3.03261,1.42899
4,3.03461,1.42926
4,3.03661,1.42951
4,3.03861,1.42974
4,3.04061,1.42999
4,3.04261,1.43026
4,3.04461,1.43053
4,3.04661,1.43077
4,3.04861,1.431
4,3.05061,1.43125
4,3.05261,1.43153
4,3.05461,1.43179
4,3.05661,1.43202
4,3.05861,1.43225
4,3.06061,1.43251
4,3.06261,1.43279
4,3.06461,1.43304
4,3.06661,1.43326
4,3.06861,1.43349
4,3.07061,1.43377
4,3.07261,1.43405
4,3.07461,1.43429
4,3.07662,1.4345
4,3.07862,1.43474
4,3.08062,1.43502
4,3.08262,1.4353
4,3.08462,1.43553
4,3.08662,1.43573
4,3.08862,1.43597
4,3.09062,1.43628
4,3.09262,1.43655
4,3.09462,1.43675
4,3.09662,1.43695
4,3.09862,1.43721
4,3.10062,1.43753
4,3.10262,1.43779
4,3.10462,1.43796
4,3.10662,1.43816
4,3.10862,1.43845
4,3.11062,1.43878
4,3.11262,1.43901
4,3.11462,1.43916
4,3.11662,1.43937
4,3.11862,1.4397
4,3.12062,1.44002
4,3.12262,1.44022
4,3.12462,1.44035
4,3.12663,1.44059
4,3.12863,1.44095
4,3.13063,1.44126
4,3.13263,1.44141
4,3.13463,1.44153
4,3.13663,1.44181
4,3.13863,1.4422
4,3.14063,1.44248
4,3.14263,1.44258
4,3.14463,1.4427
4,3.14663,1.44304
4,3.14863,1.44346
4,3.15063,1.44369
4,3.15263,1.44372
4,3.15463,1.44387
4,3.15663,1.44428
4,3.15863,1.44472
4,3.16063,1.44486
4,3.16263,1.44484
4,3.16463,1.44505
4,3.16663,1.44555
4,3.16863,1.44597
4,3.17063,1.446
4,3.17263,1.44594
4,3.17463,1.44625
4,3.17664,1.44684
4,3.17864,1.44719
4,3.18064,1.4471
4,3.18264,1.44704
4,3.18464,1.44748
4,3.18664,1.44814
4,3.18864,1.44838
4,3.19064,1.44815
4,3.19264,1.44814
4,3.19464,1.44875
4,3.19664,1.44946
4,3.19864,1.44951
4,3.20064,1.44915
4,3.20264,1.44926
4,3.20464,1.45009
4,3.20664,1.45076
4,3.20864,1.45057
4,3.21064,1.45011
4,3.21264,1.45043
4,3.21464,1.45148
4,3.21664,1.45202
4,3.21864,1.45153
4,3.22064,1.45105
4,3.22264,1.45169
4,3.22464,1.45292
4,3.22665,1.45322
4,3.22865,1.45239
4,3.23065,1.452
4,3.23265,1.45305
4,3.23465,1.45439
4,3.23665,1.45429
4,3.23865,1.45314
4,3.24065,1.45301
4,3.24265,1.45456
4,3.24465,1.45586
4,3.24665,1.45521
4,3.24865,1.45381
4,3.25065,1.45414
4,3.25265,1.4562
4,3.25465,1.45726
4,3.25665,1.45592
4,3.25865,1.45442
4,3.26065,1.45546
4,3.26265,1.45799
4,3.26465,1.45852
4,3.26665,1.45638
4,3.26865,1.45506
4,3.27065,1.45704
4,3.27265,1.45987
4,3.27465,1.45952
4,3.27666,1.45661
4,3.27866,1.45582
4,3.28066,1.45894
4,3.28266,1.46177
4,3.28466,1.46017
4,3.28666,1.45661
4,3.28866,1.45685
4,3.29066,1.46119
4,3.29266,1.46355
4,3.29466,1.46036
4,3.29666,1.45649
4,3.29866,1.45829
4,3.30066,1.46379
4,3.30266,1.46502
4,3.30466,1.45999
4,3.30666,1.4564
4,3.30866,1.46033
4,3.31066,1.46665
4,3.31266,1.46595
4,3.31466,1.45904
4,3.31666,1.45656
4,3.31866,1.46311
4,3.32066,1.46959
4,3.32266,1.46609
4,3.32466,1.45757
4,3.32667,1.45727
4,3.32867,1.46672
4,3.33067,1.47231
4,3.33267,1.46516
4,3.33467,1.45576
4,3.33667,1.45891
4,3.33867,1.47116
4,3.34067,1.47439
4,3.34267,1.46297
4,3.34467,1.45392
4,3.34667,1.46185
4,3.34867,1.47626
4,3.35067,1.4753
4,3.35267,1.45941
4,3.35467,1.45255
4,3.35667,1.46644
4,3.35867,1.48163
4,3.36067,1.47443
4,3.36267,1.45457
4,3.36467,1.45228
4,3.36667,1.47292
4,3.36867,1.48663
4,3.37067,1.47116
4,3.37267,1.44879
4,3.37467,1.45389
4,3.37668,1.48132
4,3.37868,1.49032
4,3.38068,1.46497
4,3.38268,1.44268
4,3.38468,1.45817
4,3.38668,1.49131
4,3.38868,1.49151
4,3.39068,1.45561
4,3.39268,1.43718
4,3.39468,1.46584
4,3.39668,1.50212
4,3.39868,1.48886
4,3.40068,1.44314
4,3.40268,1.43339
4,3.40468,1.47736
4,3.40668,1.51246
4,3.40868,1.4811
4,3.41068,1.42805
4,3.41268,1.4325
4,3.41468,1.49273
4,3.41668,1.52055
4,3.41868,1.46721
4,3.42068,1.41116
4,3.42268,1.43544
4,3.42468,1.51133
4,3.42669,1.52441
4,3.42869,1.44675
4,3.43069,1.39328
4,3.43269,1.44245
4,3.43469,1.53186
4,3.43669,1.52238
4,3.43869,1.41991
4,3.44069,1.37461
4,3.44269,1.45248
4,3.44469,1.55255
4,3.44669,1.51398
4,3.44869,1.38739
4,3.45069,1.35365
4,3.45269,1.46215
4,3.45469,1.57187
4,3.45669,1.50129
4,3.45869,1.35018
4,3.46069,1.3257
4,3.46269,1.46385
4,3.46469,1.58905
4,3.46669,1.49098
4,3.46869,1.31035
4,3.47069,1.28147
4,3.47269,1.44109
4,3.47469,1.60168
4,3.4767,1.49854
4,3.4787,1.2766
4,3.4807,1.20979
4,3.4827,1.3585
4,3.4847,1.58505
4,3.4867,1.552
4,3.4887,1.28587
4,3.4907,1.12239
4,3.4927,1.16759
4,3.4947,1.40498
4,3.4967,1.61472
4,3.4987,1.46124
4,3.5007,1.15299
4,3.5027,0.97489
4,3.5047,0.907925
4,3.5067,0.886482
4,3.5087,0.880175
4,3.5107,0.878592
4,3.5127,0.878456
4,3.5147,0.87876
4,3.5167,0.879199
4,3.5187,0.879679
4,3.5207,0.880172
4,3.5227,0.880668
4,3.5247,0.881165
4,3.52671,0.881663
4,3.52871,0.882161
4,3.53071,0.882659
4,3.53271,0.883157
4,3.53471,0.883655
4,3.53671,0.884153
4,3.53871,0.88465
4,3.54071,0.885148
4,3.54271,0.885646
4,3.54471,0.886144
4,3.54671,0.886642
4,3.54871,0.88714
4,3.55071,0.887638
4,3.55271,0.888135
4,3.55471,0.888633
4,3.55671,0.889131
4,3.55871,0.889629
4,3.56071,0.890127
4,3.56271,0.890624
4,3.56471,0.891122
4,3.56671,0.89162
4,3.56871,0.892118
4,3.57071,0.892616
4,3.57271,0.893113
4,3.57471,0.893611
4,3.57672,0.894109
4,3.57872,0.894606
4,3.58072,0.895104
4,3.58272,0.895602
4,3.58472,0.8961
4,3.58672,0.896597
4,3.58872,0.897095
4,3.59072,0.897593
4,3.59272,0.89809
4,3.59472,0.898588
4,3.59672,0.899085
4,3.59872,0.899583
4,3.60072,0.900081
4,3.60272,0.900578
4,3.60472,0.901076
4,3.60672,0.901573
4,3.60872,0.902071
4,3.61072,0.902568
4,3.61272,0.903066
4,3.61472,0.903563
4,3.61672,0.904061
4,3.61872,0.904558
4,3.62072,0.905056
4,3.62272,0.905553
4,3.62472,0.906051
4,3.62673,0.906548
4,3.62873,0.907046
4,3.63073,0.907543
4,3.63273,0.90804
4,3.63473,0.908538
4,3.63673,0.909035
4,3.63873,0.909532
4,3.64073,0.91003
4,3.64273,0.910527
4,3.64473,0.911024
4,3.64673,0.911522
4,3.64873,0.912019
4,3.65073,0.912516
4,3.65273,0.913013
4,3.65473,0.91351
4,3.65673,0.914008
4,3.65873,0.914505
4,3.66073,0.915002
4,3.66273,0.915499
4,3.66473,0.915996
4,3.66673,0.916493
4,3.66873,0.91699
4,3.67073,0.917487
4,3.67273,0.917984
4,3.67473,0.918481
4,3.67674,0.918978
4,3.67874,0.919475
4,3.68074,0.919972
4,3.68274,0.920469
4,3.68474,0.920966
4,3.68674,0.921463
4,3.68874,0.921959
4,3.69074,0.922456
4,3.69274,0.922953
4,3.69474,0.92345
4,3.69674,0.923946
4,3.69874,0.924443
4,3.70074,0.92494
4,3.70274,0.925436
4,3.70474,0.925933
4,3.70674,0.926429
4,3.70874,0.926926
4,3.71074,0.927423
4,3.71274,0.927919
4,3.71474,0.928415
4,3.71674,0.928912
4,3.71874,0.929408
4,3.72074,0.929905
4,3.72274,0.930401
4,3.72474,0.930897
4,3.72675,0.931394
4,3.72875,0.93189
4,3.73075,0.932386
4,3.73275,0.932882
4,3.73475,0.933378
4,3.73675,0.933874
4,3.73875,0.93437
4,3.74075,0.934866
4,3.74275,0.935362
4,3.74475,0.935858
4,3.74675,0.936354
4,3.74875,0.93685
4,3.75075,0.937346
4,3.75275,0.937841
4,3.75475,0.938337
4,3.75675,0.938833
4,3.75875,0.939328
4,3.76075,0.939824
4,3.76275,0.940319
4,3.76475,0.940815
4,3.76675,0.94131
4,3.76875,0.941805
4,3.77075,0.942301
4,3.77275,0.942796
4,3.77475,0.943291
4,3.77676,0.943786
4,3.77876,0.944281
4,3.78076,0.944776
4,3.78276,0.945271
4,3.78476,0.945766
4,3.78676,0.946261
4,3.78876,0.946756
4,3.79076,0.94725
4,3.79276,0.947745
4,3.79476,0.948239
4,3.79676,0.948734
4,3.79876,0.949228
4,3.80076,0.949723
4,3.80276,0.950217
4,3.80476,0.950711
4,3.80676,0.951205
4,3.80876,0.951699
4,3.81076,0.952193
4,3.81276,0.952687
4,3.81476,0.95318
4,3.81676,0.953674
4,3.81876,0.954167
4,3.82076,0.954661
4,3.82276,0.955154
4,3.82476,0.955647
4,3.82677,0.956141
4,3.82877,0.956634
4,3.83077,0.957126
4,3.83277,0.957619
4,3.83477,0.958112
4,3.83677,0.958604
4,3.83877,0.959097
4,3.84077,0.959589
4,3.84277,0.960081
4,3.84477,0.960573
4,3.84677,0.961065
4,3.84877,0.961557
4,3.85077,0.962048
4,3.85277,0.96254
4,3.85477,0.963031
4,3.85677,0.963522
4,3.85877,0.964013
4,3.86077,0.964504
4,3.86277,0.964994
4,3.86477,0.965485
4,3.86677,0.965975
4,3.86877,0.966465
4,3.87077,0.966955
4,3.87277,0.967444
4,3.87477,0.967934
4,3.87678,0.968423
4,3.87878,0.968912
4,3.88078,0.969401
4,3.88278,0.969889
4,3.88478,0.970377
4,3.88678,0.970865
4,3.88878,0.971353
4,3.89078,0.97184
4,3.89278,0.972327
4,3.89478,0.972814
4,3.89678,0.9733
4,3.89878,0.973786
4,3.90078,0.974272
4,3.90278,0.974757
4,3.90478,0.975242
4,3.90678,0.975727
4,3.90878,0.976211
4,3.91078,0.976695
4,3.91278,0.977179
4,3.91478,0.977662
4,3.91678,0.978144
4,3.91878,0.978626
4,3.92078,0.979108
4,3.92278,0.979589
4,3.92478,0.980069
4,3.92679,0.980549
4,3.92879,0.981028
4,3.93079,0.981507
4,3.93279,0.981985
4,3.93479,0.982463
4,3.93679,0.98294
4,3.93879,0.983416
4,3.94079,0.983891
4,3.94279,0.984366
4,3.94479,0.984839
4,3.94679,0.985312
4,3.94879,0.985784
4,3.95079,0.986256
4,3.95279,0.986726
4,3.95479,0.987195
4,3.95679,0.987664
4,3.95879,0.988131
4,3.96079,0.988597
4,3.96279,0.989062
4,3.96479,0.989526
4,3.96679,0.989989
4,3.96879,0.99045
4,3.97079,0.99091
4,3.97279,0.991369
4,3.97479,0.991827
4,3.9768,0.992282
4,3.9788,0.992737
4,3.9808,0.99319
4,3.9828,0.993641
4,3.9848,0.994091
4,3.9868,0.994539
4,3.9888,0.994985
4,3.9908,0.99543
4,3.9928,0.995873
4,3.9948,0.996313
4,3.9968,0.996752
4,3.9988,0.997189
4,4.0008,0.997624
4,4.0028,0.998057
4,4.0048,0.998488
4,4.0068,0.998916
4,4.0088,0.999343
4,4.0108,0.999767
4,4.0128,1.00019
4,4.0148,1.00061
4,4.0168,1.00103
4,4.0188,1.00144
4,4.0208,1.00185
4,4.0228,1.00226
4,4.0248,1.00267
4,4.02681,1.00308
4,4.02881,1.00348
4,4.03081,1.00388
4,4.03281,1.00428
4,4.03481,1.00468
4,4.03681,1.00507
4,4.03881,1.00546
4,4.04081,1.00585
4,4.04281,1.00624
4,4.04481,1.00662
4,4.04681,1.00701
4,4.04881,1.00739
4,4.05081,1.00777
4,4.05281,1.00814
4,4.05481,1.00852
4,4.05681,1.00889
4,4.05881,1.00926
4,4.06081,1.00963
4,4.06281,1.00999
4,4.06481,1.01036
4,4.06681,1.01072
4,4.06881,1.01108
4,4.07081,1.01144
4,4.07281,1.0118
4,4.07481,1.01216
4,4.07682,1.01251
4,4.07882,1.01286
4,4.08082,1.01322
4,4.08282,1.01357
4,4.08482,1.01392
4,4.08682,1.01427
4,4.08882,1.01462
4,4.09082,1.01496
4,4.09282,1.01531
4,4.09482,1.01565
4,4.09682,1.016
4,4.09882,1.01634
4,4.10082,1.01668
4,4.10282,1.01703
4,4.10482,1.01737
4,4.10682,1.01771
4,4.10882,1.01805
4,4.11082,1.01839
4,4.11282,1.01873
4,4.11482,1.01906
4,4.11682,1.0194
4,4.11882,1.01974
4,4.12082,1.02008
4,4.12282,1.02041
4,4.12482,1.02075
4,4.12683,1.02109
4,4.12883,1.02142
4,4.13083,1.02176
4,4.13283,1.0221
4,4.13483,1.02243
4,4.13683,1.02277
4,4.13883,1.0231
4,4.14083,1.02344
4,4.14283,1.02377
4,4.14483,1.02411
4,4.14683,1.02444
4,4.14883,1.02477
4,4.15083,1.02511
4,4.15283,1.02544
4,4.15483,1.02578
4,4.15683,1.02611
4,4.15883,1.02644
4,4.16083,1.02678
4,4.16283,1.02711
4,4.16483,1.02745
4,4.16683,1.02778
4,4.16883,1.02811
4,4.17083,1.02845
4,4.17283,1.02878
4,4.17483,1.02911
4,4.17684,1.02945
4,4.17884,1.02978
4,4.18084,1.03011
4,4.18284,1.03045
4,4.18484,1.03078
4,4.18684,1.03111
4,4.18884,1.03145
4,4.19084,1.03178
4,4.19284,1.03211
4,4.19484,1.03245
4,4.19684,1.03278
4,4.19884,1.03311
4,4.20084,1.03345
4,4.20284,1.03378
4,4.20484,1.03411
4,4.20684,1.03445
4,4.20884,1.03478
4,4.21084,1.03511
4,4.21284,1.03544
4,4.21484,1.03578
4,4.21684,1.03611
4,4.21884,1.03644
4,4.22084,1.03678
4,4.22284,1.03711
4,4.22484,1.03744
4,4.22685,1.03778
4,4.22885,1.03811
4,4.23085,1.03844
4,4.23285,1.03878
4,4.23485,1.03911
4,4.23685,1.03944
4,4.23885,1.03978
4,4.24085,1.04011
4,4.24285,1.04044
4,4.24485,1.04077
4,4.24685,1.04111
4,4.24885,1.04144
4,4.25085,1.04177
4,4.25285,1.04211
4,4.25485,1.04244
4,4.25685,1.04277
4,4.25885,1.04311
4,4.26085,1.04344
4,4.26285,1.04377
4,4.26485,1.0441
4,4.26685,1.04444
4,4.26885,1.04477
4,4.27085,1.0451
4,4.27285,1.04544
4,4.27485,1.04577
4,4.27686,1.0461
4,4.27886,1.04643
4,4.28086,1.04677
4,4.28286,1.0471
4,4.28486,1.04743
4,4.28686,1.04777
4,4.28886,1.0481
4,4.29086,1.04843
4,4.29286,1.04876
4,4.29486,1.0491
4,4.29686,1.04943
4,4.29886,1.04976
4,4.30086,1.0501
4,4.30286,1.05043
4,4.30486,1.05076
4,4.30686,1.05109
4,4.30886,1.05143
4,4.31086,1.05176
4,4.31286,1.05209
4,4.31486,1.05243
4,4.31686,1.05276
4,4.31886,1.05309
4,4.32086,1.05342
4,4.32286,1.05376
4,4.32486,1.05409
4,4.32687,1.05442
4,4.32887,1.05476
4,4.33087,1.05509
4,4.33287,1.05542
4,4.33487,1.05575
4,4.33687,1.05609
4,4.33887,1.05642
4,4.34087,1.05675
4,4.34287,1.05708
4,4.34487,1.05742
4,4.34687,1.05775
4,4.34887,1.05808
4,4.35087,1.05841
4,4.35287,1.05875
4,4.35487,1.05908
4,4.35687,1.05941
4,4.35887,1.05975
4,4.36087,1.06008
4,4.36287,1.06041
4,4.36487,1.06074
4,4.36687,1.06108
4,4.36887,1.06141
4,4.37087,1.06174
4,4.37287,1.06207
4,4.37487,1.06241
4,4.37688,1.06274
4,4.37888,1.06307
4,4.38088,1.0634
4,4.38288,1.06374
4,4.38488,1.06407
4,4.38688,1.0644
4,4.38888,1.06473
4,4.39088,1.06507
4,4.39288,1.0654
4,4.39488,1.06573
4,4.39688,1.06606
4,4.39888,1.0664
4,4.40088,1.06673
4,4.40288,1.06706
4,4.40488,1.06739
4,4.40688,1.06772
4,4.40888,1.06806
4,4.41088,1.06839
4,4.41288,1.06872
4,4.41488,1.06905
4,4.41688,1.06939
4,4.41888,1.06972
4,4.42088,1.07005
4,4.42288,1.07038
4,4.42488,1.07072
4,4.42689,1.07105
4,4.42889,1.07138
4,4.43089,1.07171
4,4.43289,1.07204
4,4.43489,1.07238
4,4.43689,1.07271
4,4.43889,1.07304
4,4.44089,1.07337
4,4.44289,1.07371
4,4.44489,1.07404
4,4.44689,1.07437
4,4.44889,1.0747
4,4.45089,1.07503
4,4.45289,1.07537
4,4.45489,1.0757
4,4.45689,1.07603
4,4.45889,1.07636
4,4.46089,1.07669
4,4.46289,1.07703
4,4.46489,1.07736
4,4.46689,1.07769
4,4.46889,1.07802
4,4.47089,1.07835
4,4.47289,1.07869
4,4.47489,1.07902
4,4.4769,1.07935
4,4.4789,1.07968
4,4.4809,1.08001
4,4.4829,1.08035
4,4.4849,1.08068
4,4.4869,1.08101
4,4.4889,1.08134
4,4.4909,1.08167
4,4.4929,1.08201
4,4.4949,1.08234
4,4.4969,1.08267
4,4.4989,1.083
4,4.5009,1.08333
4,4.5029,1.08367
4,4.5049,1.084
4,4.5069,1.08433
4,4.5089,1.08466
4,4.5109,1.08499
4,4.5129,1.08532
4,4.5149,1.08566
4,4.5169,1.08599
4,4.5189,1.08632
4,4.5209,1.08665
4,4.5229,1.08698
4,4.5249,1.08731
4,4.52691,1.08765
4,4.52891,1.08798
4,4.53091,1.08831
4,4.53291,1.08864
4,4.53491,1.08897
4,4.53691,1.0893
4,4.53891,1.08964
4,4.54091,1.08997
4,4.54291,1.0903
4,4.54491,1.09063
4,4.54691,1.09096
4,4.54891,1.09129
4,4.55091,1.09163
4,4.55291,1.09196
4,4.55491,1.09229
4,4.55691,1.09262
4,4.55891,1.09295
4,4.56091,1.09328
4,4.56291,1.09361
4,4.56491,1.09395
4,4.56691,1.09428
4,4.56891,1.09461
4,4.57091,1.09494
4,4.57291,1.09527
4,4.57491,1.0956
4,4.57692,1.09593
4,4.57892,1.09626
4,4.58092,1.0966
4,4.58292,1.09693
4,4.58492,1.09726
4,4.58692,1.09759
4,4.58892,1.09792
4,4.59092,1.09825
4,4.59292,1.09858
4,4.59492,1.09891
4,4.59692,1.09925
4,4.59892,1.09958
4,4.60092,1.09991
4,4.60292,1.10024
4,4.60492,1.10057
4,4.60692,1.1009
4,4.60892,1.10123
4,4.61092,1.10156
4,4.61292,1.10189
4,4.61492,1.10223
4,4.61692,1.10256
4,4.61892,1.10289
4,4.62092,1.10322
4,4.62292,1.10355
4,4.62492,1.10388
4,4.62693,1.10421
4,4.62893,1.10454
4,4.63093,1.10487
4,4.63293,1.1052
4,4.63493,1.10553
4,4.63693,1.10587
4,4.63893,1.1062
4,4.64093,1.10653
4,4.64293,1.10686
4,4.64493,1.10719
4,4.64693,1.10752
4,4.64893,1.10785
4,4.65093,1.10818
4,4.65293,1.10851
4,4.65493,1.10884
4,4.65693,1.10917
4,4.65893,1.1095
4,4.66093,1.10983
4,4.66293,1.11017
4,4.66493,1.1105
4,4.66693,1.11083
4,4.66893,1.11116
4,4.67093,1.11149
4,4.67293,1.11182
4,4.67493,1.11215
4,4.67694,1.11248
4,4.67894,1.11281
4,4.68094,1.11314
4,4.68294,1.11347
4,4.68494,1.1138
4,4.68694,1.11413
4,4.68894,1.11446
4,4.69094,1.11479
4,4.69294,1.11512
4,4.69494,1.11545
4,4.69694,1.11578
4,4.69894,1.11611
4,4.70094,1.11644
4,4.70294,1.11677
4,4.70494,1.1171
4,4.70694,1.11743
4,4.70894,1.11776
4,4.71094,1.11809
4,4.71294,1.11843
4,4.71494,1.11876
4,4.71694,1.11909
4,4.71894,1.11942
4,4.72094,1.11975
4,4.72294,1.12008
4,4.72494,1.12041
4,4.72695,1.12074
4,4.72895,1.12107
4,4.73095,1.1214
4,4.73295,1.12173
4,4.73495,1.12206
4,4.73695,1.12239
4,4.73895,1.12272
4,4.74095,1.12305
4,4.74295,1.12338
4,4.74495,1.12371
4,4.74695,1.12404
4,4.74895,1.12437
4,4.75095,1.12469
4,4.75295,1.12502
4,4.75495,1.12535
4,4.75695,1.12568
4,4.75895,1.12601
4,4.76095,1.12634
4,4.76295,1.12667
4,4.76495,1.127
4,4.76695,1.12733
4,4.76895,1.12766
4,4.77095,1.12799
4,4.77295,1.12832
4,4.77495,1.12865
4,4.77696,1.12898
4,4.77896,1.12931
4,4.78096,1.12964
4,4.78296,1.12997
4,4.78496,1.1303
4,4.78696,1.13063
4,4.78896,1.13096
4,4.79096,1.13129
4,4.79296,1.13162
4,4.79496,1.13195
4,4.79696,1.13228
4,4.79896,1.1326
4,4.80096,1.13293
4,4.80296,1.13326
4,4.80496,1.13359
4,4.80696,1.13392
4,4.80896,1.13425
4,4.81096,1.13458
4,4.81296,1.13491
4,4.81496,1.13524
4,4.81696,1.13557
4,4.81896,1.1359
4,4.82096,1.13623
4,4.82296,1.13655
4,4.82496,1.13688
4,4.82697,1.13721
4,4.82897,1.13754
4,4.83097,1.13787
4,4.83297,1.1382
4,4.83497,1.13853
4,4.83697,1.13886
4,4.83897,1.13919
4,4.84097,1.13952
4,4.84297,1.13984
4,4.84497,1.14017
4,4.84697,1.1405
4,4.84897,1.14083
4,4.85097,1.14116
4,4.85297,1.14149
4,4.85497,1.14182
4,4.85697,1.14215
4,4.85897,1.14247
4,4.86097,1.1428
4,4.86297,1.14313
4,4.86497,1.14346
4,4.86697,1.14379
4,4.86897,1.14412
4,4.87097,1.14445
4,4.87297,1.14477
4,4.87497,1.1451
4,4.87698,1.14543
4,4.87898,1.14576
4,4.88098,1.14609
4,4.88298,1.14642
4,4.88498,1.14674
4,4.88698,1.14707
4,4.88898,1.1474
4,4.89098,1.14773
4,4.89298,1.14806
4,4.89498,1.14839
4,4.89698,1.14871
4,4.89898,1.14904
4,4.90098,1.14937
4,4.90298,1.1497
4,4.90498,1.15003
4,4.90698,1.15036
4,4.90898,1.15068
4,4.91098,1.15101
4,4.91298,1.15134
4,4.91498,1.15167
4,4.91698,1.152
4,4.91898,1.15232
4,4.92098,1.15265
4,4.92298,1.15298
4,4.92498,1.15331
4,4.92699,1.15364
4,4.92899,1.15396
4,4.93099,1.15429
4,4.93299,1.15462
4,4.93499,1.15495
4,4.93699,1.15527
4,4.93899,1.1556
4,4.94099,1.15593
4,4.94299,1.15626
4,4.94499,1.15658
4,4.94699,1.15691
4,4.94899,1.15724
4,4.95099,1.15757
4,4.95299,1.15789
4,4.95499,1.15822
4,4.95699,1.15855
4,4.95899,1.15888
4,4.96099,1.1592
4,4.96299,1.15953
4,4.96499,1.15986
4,4.96699,1.16019
4,4.96899,1.16051
4,4.97099,1.16084
4,4.97299,1.16117
4,4.97499,1.1615
4,4.977,1.16182
4,4.979,1.16215
4,4.981,1.16248
4,4.983,1.1628
4,4.985,1.16313
4,4.987,1.16346
4,4.989,1.16379
4,4.991,1.16411
4,4.993,1.16444
4,4.995,1.16477
4,4.997,1.16509
4,4.999,1.16542
4,5.001,1.16575
4,5.003,1.16607
4,5.005,1.1664
4,5.007,1.16673
4,5.009,1.16705
4,5.011,1.16738
4,5.013,1.16771
4,5.015,1.16803
4,5.017,1.16836
4,5.019,1.16869
4,5.021,1.16901
4,5.023,1.16934
4,5.02501,1.16967
4,5.02701,1.16999
4,5.02901,1.17032
4,5.03101,1.17065
4,5.03301,1.17097
4,5.03501,1.1713
4,5.03701,1.17163
4,5.03901,1.17195
4,5.04101,1.17228
4,5.04301,1.17261
4,5.04501,1.17293
4,5.04701,1.17326
4,5.04901,1.17358
4,5.05101,1.17391
4,5.05301,1.17424
4,5.05501,1.17456
4,5.05701,1.17489
4,5.05901,1.17521
4,5.06101,1.17554
4,5.06301,1.17587
4,5.06501,1.17619
4,5.06701,1.17652
4,5.06901,1.17684
4,5.07101,1.17717
4,5.07301,1.1775
4,5.07502,1.17782
4,5.07702,1.17815
4,5.07902,1.17847
4,5.08102,1.1788
4,5.08302,1.17913
4,5.08502,1.17945
4,5.08702,1.17978
4,5.08902,1.1801
4,5.09102,1.18043
4,5.09302,1.18075
4,5.09502,1.18108
4,5.09702,1.1814
4,5.09902,1.18173
4,5.10102,1.18205
4,5.10302,1.18238
4,5.10502,1.18271
4,5.10702,1.18303
4,5.10902,1.18336
4,5.11102,1.18368
4,5.11302,1.18401
4,5.11502,1.18433
4,5.11702,1.18466
4,5.11902,1.18498
4,5.12102,1.18531
4,5.12302,1.18563
4,5.12503,1.18596
4,5.12703,1.18628
4,5.12903,1.18661
4,5.13103,1.18693
4,5.13303,1.18726
4,5.13503,1.18758
4,5.13703,1.18791
4,5.13903,1.18823
4,5.14103,1.18856
4,5.14303,1.18888
4,5.14503,1.18921
4,5.14703,1.18953
4,5.14903,1.18986
4,5.15103,1.19018
4,5.15303,1.1905
4,5.15503,1.19083
4,5.15703,1.19115
4,5.15903,1.19148
4,5.16103,1.1918
4,5.16303,1.19213
4,5.16503,1.19245
4,5.16703,1.19278
4,5.16903,1.1931
4,5.17103,1.19342
4,5.17303,1.19375
4,5.17504,1.19407
4,5.17704,1.1944
4,5.17904,1.19472
4,5.18104,1.19505
4,5.18304,1.19537
4,5.18504,1.19569
4,5.18704,1.19602
4,5.18904,1.19634
4,5.19104,1.19667
4,5.19304,1.19699
4,5.19504,1.19731
4,5.19704,1.19764
4,5.19904,1.19796
4,5.20104,1.19828
4,5.20304,1.19861
4,5.20504,1.19893
4,5.20704,1.19926
4,5.20904,1.19958
4,5.21104,1.1999
4,5.21304,1.20023
4,5.21504,1.20055
4,5.21704,1.20087
4,5.21904,1.2012
4,5.22104,1.20152
4,5.22304,1.20184
4,5.22505,1.20217
4,5.22705,1.20249
4,5.22905,1.20281
4,5.23105,1.20314
4,5.23305,1.20346
4,5.23505,1.20378
4,5.23705,1.20411
4,5.23905,1.20443
4,5.24105,1.20475
4,5.24305,1.20508
4,5.24505,1.2054
4,5.24705,1.20572
4,5.24905,1.20604
4,5.25105,1.20637
4,5.25305,1.20669
4,5.25505,1.20701
4,5.25705,1.20734
4,5.25905,1.20766
4,5.26105,1.20798
4,5.26305,1.2083
4,5.26505,1.20863
4,5.26705,1.20895
4,5.26905,1.20927
4,5.27105,1.20959
4,5.27305,1.20992
4,5.27506,1.21024
4,5.27706,1.21056
4,5.27906,1.21088
4,5.28106,1.21121
4,5.28306,1.21153
4,5.28506,1.21185
4,5.28706,1.21217
4,5.28906,1.2125
4,5.29106,1.21282
4,5.29306,1.21314
4,5.29506,1.21346
4,5.29706,1.21378
4,5.29906,1.21411
4,5.30106,1.21443
4,5.30306,1.21475
4,5.30506,1.21507
4,5.30706,1.21539
4,5.30906,1.21572
4,5.31106,1.21604
4,5.31306,1.21636
4,5.31506,1.21668
4,5.31706,1.217
4,5.31906,1.21732
4,5.32106,1.21764
4,5.32306,1.21797
4,5.32507,1.21829
4,5.32707,1.21861
4,5.32907,1.21893
4,5.33107,1.21925
4,5.33307,1.21957
4,5.33507,1.21989
4,5.33707,1.22022
4,5.33907,1.22054
4,5.34107,1.22086
4,5.34307,1.22118
4,5.34507,1.2215
4,5.34707,1.22182
4,5.34907,1.22214
4,5.35107,1.22246
4,5.35307,1.22278
4,5.35507,1.22311
4,5.35707,1.22343
4,5.35907,1.22375
4,5.36107,1.22407
4,5.36307,1.22439
4,5.36507,1.22471
4,5.36707,1.22503
4,5.36907,1.22535
4,5.37107,1.22567
4,5.37307,1.22599
4,5.37508,1.22631
4,5.37708,1.22663
4,5.37908,1.22695
4,5.38108,1.22727
4,5.38308,1.22759
4,5.38508,1.22791
4,5.38708,1.22823
4,5.38908,1.22855
4,5.39108,1.22887
4,5.39308,1.22919
4,5.39508,1.22951
4,5.39708,1.22983
4,5.39908,1.23015
4,5.40108,1.23047
4,5.40308,1.23079
4,5.40508,1.23111
4,5.40708,1.23143
4,5.40908,1.23175
4,5.41108,1.23207
4,5.41308,1.23239
4,5.41508,1.23271
4,5.41708,1.23303
4,5.41908,1.23335
4,5.42108,1.23367
4,5.42308,1.23399
4,5.42509,1.23431
4,5.42709,1.23463
4,5.42909,1.23495
4,5.43109,1.23527
4,5.43309,1.23559
4,5.43509,1.2359
4,5.43709,1.23622
4,5.43909,1.23654
4,5.44109,1.23686
4,5.44309,1.23718
4,5.44509,1.2375
4,5.44709,1.23782
4,5.44909,1.23814
4,5.45109,1.23846
4,5.45309,1.23878
4,5.45509,1.23909
4,5.45709,1.23941
4,5.45909,1.23973
4,5.46109,1.24005
4,5.46309,1.24037
4,5.46509,1.24069
4,5.46709,1.24101
4,5.46909,1.24132
4,5.47109,1.24164
4,5.47309,1.24196
4,5.4751,1.24228
4,5.4771,1.2426
4,5.4791,1.24291
4,5.4811,1.24323
4,5.4831,1.24355
4,5.4851,1.24387
4,5.4871,1.24419
4,5.4891,1.2445
4,5.4911,1.24482
4,5.4931,1.24514
4,5.4951,1.24546
4,5.4971,1.24578
4,5.4991,1.24609
4,5.5011,1.24641
4,5.5031,1.24673
4,5.5051,1.24705
4,5.5071,1.24736
4,5.5091,1.24768
4,5.5111,1.248
4,5.5131,1.24832
4,5.5151,1.24863
4,5.5171,1.24895
4,5.5191,1.24927
4,5.5211,1.24958
4,5.5231,1.2499
4,5.52511,1.25022
4,5.52711,1.25054
4,5.52911,1.25085
4,5.53111,1.25117
4,5.53311,1.25149
4,5.53511,1.2518
4,5.53711,1.25212
4,5.53911,1.25244
4,5.54111,1.25275
4,5.54311,1.25307
4,5.54511,1.25339
4,5.54711,1.2537
4,5.54911,1.25402
4,5.55111,1.25434
4,5.55311,1.25465
4,5.55511,1.25497
4,5.55711,1.25528
4,5.55911,1.2556
4,5.56111,1.25592
4,5.56311,1.25623
4,5.56511,1.25655
4,5.56711,1.25687
4,5.56911,1.25718
4,5.57111,1.2575
4,5.57311,1.25781
4,5.57512,1.25813
4,5.57712,1.25844
4,5.57912,1.25876
4,5.58112,1.25908
4,5.58312,1.25939
4,5.58512,1.25971
4,5.58712,1.26002
4,5.58912,1.26034
4,5.59112,1.26065
4,5.59312,1.26097
4,5.59512,1.26128
4,5.59712,1.2616
4,5.59912,1.26191
4,5.60112,1.26223
4,5.60312,1.26254
4,5.60512,1.26286
4,5.60712,1.26317
4,5.60912,1.26349
4,5.61112,1.2638
4,5.61312,1.26412
4,5.61512,1.26443
4,5.61712,1.26475
4,5.61912,1.26506
4,5.62112,1.26538
4,5.62312,1.26569
4,5.62513,1.26601
4,5.62713,1.26632
4,5.62913,1.26664
4,5.63113,1.26695
4,5.63313,1.26726
4,5.63513,1.26758
4,5.63713,1.26789
4,5.63913,1.26821
4,5.64113,1.26852
4,5.64313,1.26883
4,5.64513,1.26915
4,5.64713,1.26946
4,5.64913,1.26978
4,5.65113,1.27009
4,5.65313,1.2704
4,5.65513,1.27072
4,5.65713,1.27103
4,5.65913,1.27134
4,5.66113,1.27166
4,5.66313,1.27197
4,5.66513,1.27228
4,5.66713,1.2726
4,5.66913,1.27291
4,5.67113,1.27322
4,5.67313,1.27354
4,5.67514,1.27385
4,5.67714,1.27416
4,5.67914,1.27448
4,5.68114,1.27479
4,5.68314,1.2751
4,5.68514,1.27541
4,5.68714,1.27573
4,5.68914,1.27604
4,5.69114,1.27635
4,5.69314,1.27666
4,5.69514,1.27698
4,5.69714,1.27729
4,5.69914,1.2776
4,5.70114,1.27791
4,5.70314,1.27823
4,5.70514,1.27854
4,5.70714,1.27885
4,5.70914,1.27916
4,5.71114,1.27947
4,5.71314,1.27979
4,5.71514,1.2801
4,5.71714,1.28041
4,5.71914,1.28072
4,5.72114,1.28103
4,5.72314,1.28135
4,5.72515,1.28166
4,5.72715,1.28197
4,5.72915,1.28228
4,5.73115,1.28259
4,5.73315,1.2829
4,5.73515,1.28321
4,5.73715,1.28353
4,5.73915,1.28384
4,5.74115,1.28415
4,5.74315,1.28446
4,5.74515,1.28477
4,5.74715,1.28508
4,5.74915,1.28539
4,5.75115,1.2857
4,5.75315,1.28601
4,5.75515,1.28632
4,5.75715,1.28663
4,5.75915,1.28695
4,5.76115,1.28726
4,5.76315,1.28757
4,5.76515,1.28788
4,5.76715,1.28819
4,5.76915,1.2885
4,5.77115,1.28881
4,5.77315,1.28912
4,5.77516,1.28943
4,5.77716,1.28974
4,5.77916,1.29005
4,5.78116,1.29036
4,5.78316,1.29067
4,5.78516,1.29098
4,5.78716,1.29129
4,5.78916,1.2916
4,5.79116,1.29191
4,5.79316,1.29221
4,5.79516,1.29252
4,5.79716,1.29283
4,5.79916,1.29314
4,5.80116,1.29345
4,5.80316,1.29376
4,5.80516,1.29407
4,5.80716,1.29438
4,5.80916,1.29469
4,5.81116,1.295
4,5.81316,1.29531
4,5.81516,1.29561
4,5.81716,1.29592
4,5.81916,1.29623
4,5.82116,1.29654
4,5.82316,1.29685
4,5.82517,1.29716
4,5.82717,1.29747
4,5.82917,1.29777
4,5.83117,1.29808
4,5.83317,1.29839
4,5.83517,1.2987
4,5.83717,1.29901
4,5.83917,1.29931
4,5.84117,1.29962
4,5.84317,1.29993
4,5.84517,1.30024
4,5.84717,1.30055
4,5.84917,1.30085
4,5.85117,1.30116
4,5.85317,1.30147
4,5.85517,1.30178
4,5.85717,1.30208
4,5.85917,1.30239
4,5.86117,1.3027
4,5.86317,1.303
4,5.86517,1.30331
4,5.86717,1.30362
4,5.86917,1.30393
4,5.87117,1.30423
4,5.87317,1.30454
4,5.87518,1.30485
4,5.87718,1.30515
4,5.87918,1.30546
4,5.88118,1.30577
4,5.88318,1.30607
4,5.88518,1.30638
4,5.88718,1.30668
4,5.88918,1.30699
4,5.89118,1.3073
4,5.89318,1.3076
4,5.89518,1.30791
4,5.89718,1.30821
4,5.89918,1.30852
4,5.90118,1.30883
4,5.90318,1.30913
4,5.90518,1.30944
4,5.90718,1.30974
4,5.90918,1.31005
4,5.91118,1.31035
4,5.91318,1.31066
4,5.91518,1.31096
4,5.91718,1.31127
4,5.91918,1.31157
4,5.92118,1.31188
4,5.92318,1.31218
4,5.92519,1.31249
4,5.92719,1.31279
4,5.92919,1.3131
4,5.93119,1.3134
4,5.93319,1.31371
4,5.93519,1.31401
4,5.93719,1.31432
4,5.93919,1.31462
4,5.94119,1.31493
4,5.94319,1.31523
4,5.94519,1.31553
4,5.94719,1.31584
4,5.94919,1.31614
4,5.95119,1.31645
4,5.95319,1.31675
4,5.95519,1.31705
4,5.95719,1.31736
4,5.95919,1.31766
4,5.96119,1.31796
4,5.96319,1.31827
4,5.96519,1.31857
4,5.96719,1.31887
4,5.96919,1.31918
4,5.97119,1.31948
4,5.97319,1.31978
4,5.9752,1.32009
4,5.9772,1.32039
4,5.9792,1.32069
4,5.9812,1.321
4,5.9832,1.3213
4,5.9852,1.3216
4,5.9872,1.3219
4,5.9892,1.32221
4,5.9912,1.32251
4,5.9932,1.32281
4,5.9952,1.32311
4,5.9972,1.32341
4,5.9992,1.32372
4,6.0012,1.32402
4,6.0032,1.32432
4,6.0052,1.32462
4,6.0072,1.32492
4,6.0092,1.32523
4,6.0112,1.32553
4,6.0132,1.32583
4,6.0152,1.32613
4,6.0172,1.32643
4,6.0192,1.32673
4,6.0212,1.32703
4,6.0232,1.32733
4,6.02521,1.32764
4,6.02721,1.32794
4,6.02921,1.32824
4,6.03121,1.32854
4,6.03321,1.32884
4,6.03521,1.32914
4,6.03721,1.32944
4,6.03921,1.32974
4,6.04121,1.33004
4,6.04321,1.33034
4,6.04521,1.33064
4,6.04721,1.33094
4,6.04921,1.33124
4,6.05121,1.33154
4,6.05321,1.33184
4,6.05521,1.33214
4,6.05721,1.33244
4,6.05921,1.33274
4,6.06121,1.33304
4,6.06321,1.33334
4,6.06521,1.33364
4,6.06721,1.33394
4,6.06921,1.33424
4,6.07121,1.33453
4,6.07321,1.33483
4,6.07522,1.33513
4,6.07722,1.33543
4,6.07922,1.33573
4,6.08122,1.33603
4,6.08322,1.33633
4,6.08522,1.33663
4,6.08722,1.33692
4,6.08922,1.33722
4,6.09122,1.33752
4,6.09322,1.33782
4,6.09522,1.33812
4,6.09722,1.33841
4,6.09922,1.33871
4,6.10122,1.33901
4,6.10322,1.33931
4,6.10522,1.3396
4,6.10722,1.3399
4,6.10922,1.3402
4,6.11122,1.3405
4,6.11322,1.34079
4,6.11522,1.34109
4,6.11722,1.34139
4,6.11922,1.34168
4,6.12122,1.34198
4,6.12322,1.34228
4,6.12523,1.34257
4,6.12723,1.34287
4,6.12923,1.34317
4,6.13123,1.34346
4,6.13323,1.34376
4,6.13523,1.34406
4,6.13723,1.34435
4,6.13923,1.34465
4,6.14123,1.34494
4,6.14323,1.34524
4,6.14523,1.34554
4,6.14723,1.34583
4,6.14923,1.34613
4,6.15123,1.34642
4,6.15323,1.34672
4,6.15523,1.34701
4,6.15723,1.34731
4,6.15923,1.3476
4,6.16123,1.3479
4,6.16323,1.34819
4,6.16523,1.34849
4,6.16723,1.34878
4,6.16923,1.34908
4,6.17123,1.34937
4,6.17323,1.34966
4,6.17524,1.34996
4,6.17724,1.35025
4,6.17924,1.35055
4,6.18124,1.35084
4,6.18324,1.35113
4,6.18524,1.35143
4,6.18724,1.35172
4,6.18924,1.35202
4,6.19124,1.35231
4,6.19324,1.3526
4,6.19524,1.3529
4,6.19724,1.35319
4,6.19924,1.35348
4,6.20124,1.35377
4,6.20324,1.35407
4,6.20524,1.35436
4,6.20724,1.35465
4,6.20924,1.35495
4,6.21124,1.35524
4,6.21324,1.35553
4,6.21524,1.35582
4,6.21724,1.35611
4,6.21924,1.35641
4,6.22124,1.3567
4,6.22324,1.35699
4,6.22525,1.35728
4,6.22725,1.35757
4,6.22925,1.35787
4,6.23125,1.35816
4,6.23325,1.35845
4,6.23525,1.35874
4,6.23725,1.35903
4,6.23925,1.35932
4,6.24125,1.35961
4,6.24325,1.3599
4,6.24525,1.36019
4,6.24725,1.36048
4,6.24925,1.36077
4,6.25125,1.36106
4,6.25325,1.36135
4,6.25525,1.36165
4,6.25725,1.36194
4,6.25925,1.36222
4,6.26125,1.36251
4,6.26325,1.3628
4,6.26525,1.36309
4,6.26725,1.36338
4,6.26925,1.36367
4,6.27125,1.36396
4,6.27325,1.36425
4,6.27526,1.36454
4,6.27726,1.36483
4,6.27926,1.36512
4,6.28126,1.36541
4,6.28326,1.3657
4,6.28526,1.36598
4,6.28726,1.36627
4,6.28926,1.36656
4,6.29126,1.36685
4,6.29326,1.36714
4,6.29526,1.36742
4,6.29726,1.36771
4,6.29926,1.368
4,6.30126,1.36829
4,6.30326,1.36858
4,6.30526,1.36886
4,6.30726,1.36915
4,6.30926,1.36944
4,6.31126,1.36972
4,6.31326,1.37001
4,6.31526,1.3703
4,6.31726,1.37058
4,6.31926,1.37087
4,6.32126,1.37116
4,6.32326,1.37144
4,6.32527,1.37173
4,6.32727,1.37202
4,6.32927,1.3723
4,6.33127,1.37259
4,6.33327,1.37287
4,6.33527,1.37316
4,6.33727,1.37345
4,6.33927,1.37373
4,6.34127,1.37402
4,6.34327,1.3743
4,6.34527,1.37459
4,6.34727,1.37487
4,6.34927,1.37516
4,6.35127,1.37544
4,6.35327,1.37573
4,6.35527,1.37601
4,6.35727,1.37629
4,6.35927,1.37658
4,6.36127,1.37686
4,6.36327,1.37715
4,6.36527,1.37743
4,6.36727,1.37771
4,6.36927,1.378
4,6.37127,1.37828
4,6.37327,1.37856
4,6.37528,1.37885
4,6.37728,1.37913
4,6.37928,1.37941
4,6.38128,1.3797
4,6.38328,1.37998
4,6.38528,1.38026
4,6.38728,1.38054
4,6.38928,1.38083
4,6.39128,1.38111
4,6.39328,1.38139
4,6.39528,1.38167
4,6.39728,1.38195
4,6.39928,1.38224
4,6.40128,1.38252
4,6.40328,1.3828
4,6.40528,1.38308
4,6.40728,1.38336
4,6.40928,1.38364
4,6.41128,1.38392
4,6.41328,1.3842
4,6.41528,1.38448
4,6.41728,1.38477
4,6.41928,1.38505
4,6.42128,1.38533
4,6.42328,1.38561
4,6.42529,1.38589
4,6.42729,1.38617
4,6.42929,1.38645
4,6.43129,1.38673
4,6.43329,1.38701
4,6.43529,1.38729
4,6.43729,1.38756
4,6.43929,1.38784
4,6.44129,1.38812
4,6.44329,1.3884
4,6.44529,1.38868
4,6.44729,1.38896
4,6.44929,1.38924
4,6.45129,1.38951
4,6.45329,1.38979
4,6.45529,1.39007
4,6.45729,1.39035
4,6.45929,1.39063
4,6.46129,1.39091
4,6.46329,1.39118
4,6.46529,1.39146
4,6.46729,1.39174
4,6.46929,1.39202
4,6.47129,1.39229
4,6.47329,1.39256
4,6.4753,1.39284
4,6.4773,1.39312
4,6.4793,1.3934
4,6.4813,1.39367
4,6.4833,1.39395
4,6.4853,1.39423
4,6.4873,1.3945
4,6.4893,1.39477
4,6.4913,1.39506
4,6.4933,1.39533
4,6.4953,1.3956
4,6.4973,1.39588
4,6.4993,1.39616
4,6.5013,1.39642
4,6.5033,1.3967
4,6.5053,1.39698
4,6.5073,1.39726
4,6.5093,1.39752
4,6.5113,1.3978
4,6.5133,1.39809
4,6.5153,1.39835
4,6.5173,1.39861
4,6.5193,1.3989
4,6.5213,1.39918
4,6.5233,1.39943
4,6.52531,1.3997
4,6.52731,1.4
4,6.52931,1.40026
4,6.53131,1.40051
4,6.53331,1.40081
4,6.53531,1.4011
4,6.53731,1.40134
4,6.53931,1.4016
4,6.54131,1.40191
4,6.54331,1.40218
4,6.54531,1.40241
4,6.54731,1.4027
4,6.54931,1.40302
4,6.55131,1.40325
4,6.55331,1.40348
4,6.55531,1.40381
4,6.55731,1.4041
4,6.55931,1.4043
4,6.56131,1.40457
4,6.56331,1.40493
4,6.56531,1.40516
4,6.56731,1.40534
4,6.56931,1.40568
4,6.57131,1.40603
4,6.57331,1.40619
4,6.57532,1.40641
4,6.57732,1.40682
4,6.57932,1.4071
4,6.58132,1.4072
4,6.58332,1.40752
4,6.58532,1.40796
4,6.58732,1.40811
4,6.58932,1.40822
4,6.59132,1.40868
4,6.59332,1.40905
4,6.59532,1.40906
4,6.59732,1.40931
4,6.59932,1.40988
4,6.60132,1.41006
4,6.60332,1.41001
4,6.60532,1.4105
4,6.60732,1.41104
4,6.60932,1.41096
4,6.61132,1.41104
4,6.61332,1.41177
4,6.61532,1.41208
4,6.61732,1.41179
4,6.61932,1.41221
4,6.62132,1.41305
4,6.62332,1.41292
4,6.62533,1.41268
4,6.62733,1.41358
4,6.62933,1.41419
4,6.63133,1.4136
4,6.63333,1.41379
4,6.63533,1.41506
4,6.63733,1.41503
4,6.63933,1.41426
4,6.64133,1.41525
4,6.64333,1.41642
4,6.64533,1.41551
4,6.64733,1.41517
4,6.64933,1.417
4,6.65133,1.41736
4,6.65333,1.4158
4,6.65533,1.41664
4,6.65733,1.41877
4,6.65933,1.41767
4,6.66133,1.4163
4,6.66333,1.41874
4,6.66533,1.42004
4,6.66733,1.41741
4,6.66933,1.41758
4,6.67133,1.42118
4,6.67333,1.42028
4,6.67534,1.41716
4,6.67734,1.42004
4,6.67934,1.42316
4,6.68134,1.41933
4,6.68334,1.41788
4,6.68534,1.42347
4,6.68734,1.42365
4,6.68934,1.41783
4,6.69134,1.4205
4,6.69334,1.42679
4,6.69534,1.42196
4,6.69734,1.41728
4,6.69934,1.42523
4,6.70134,1.42819
4,6.70334,1.41858
4,6.70534,1.41953
4,6.70734,1.43081
4,6.70934,1.42599
4,6.71134,1.4156
4,6.71334,1.42572
4,6.71534,1.43437
4,6.71734,1.42002
4,6.71934,1.41633
4,6.72134,1.43476
4,6.72334,1.43246
4,6.72535,1.41287
4,6.72735,1.42365
4,6.72935,1.44255
4,6.73135,1.42333
4,6.73335,1.40985
4,6.73535,1.43752
4,6.73735,1.44282
4,6.73935,1.40954
4,6.74135,1.41691
4,6.74335,1.45272
4,6.74535,1.43057
4,6.74735,1.39893
4,6.74935,1.43664
4,6.75135,1.45892
4,6.75335,1.40698
4,6.75535,1.40227
4,6.75735,1.46367
4,6.75935,1.44509
4,6.76135,1.38259
4,6.76335,1.42736
4,6.76535,1.48248
4,6.76735,1.40829
4,6.76935,1.37497
4,6.77135,1.47115
4,6.77335,1.47212
4,6.77536,1.36086
4,6.77736,1.40054
4,6.77936,1.51328
4,6.78136,1.42025
4,6.78336,1.32862
4,6.78536,1.4629
4,6.78736,1.51886
4,6.78936,1.33793
4,6.79136,1.33892
4,6.79336,1.54117
4,6.79536,1.45857
4,6.79736,1.25827
4,6.79936,1.4049
4,6.80136,1.58875
4,6.80336,1.33567
4,6.80536,1.21482
4,6.80736,1.51183
4,6.80936,1.55876
4,6.81136,1.18609
4,6.81336,1.21468
4,6.81536,1.61655
4,6.81736,1.44922
4,6.81936,1.03923
4,6.82136,1.21381
4,6.82336,1.67795
4,6.82537,1.32485
4,6.82737,0.882518
4,6.82937,1.075
4,6.83137,1.65924
4,6.83337,1.35116
4,6.83537,0.73316
4,6.83737,0.545545
4,6.83937,0.510433
4,6.84137,0.50454
4,6.84337,0.503634
4,6.84537,0.503562
4,6.84737,0.503631
4,6.84937,0.503723
4,6.85137,0.503821
4,6.85337,0.50392
4,6.85537,0.504021
4,6.85737,0.504122
4,6.85937,0.504225
4,6.86137,0.504328
4,6.86337,0.504433
4,6.86537,0.504538
4,6.86737,0.504645
4,6.86937,0.504752
4,6.87137,0.50486
4,6.87337,0.50497
4,6.87538,0.50508
4,6.87738,0.505191
4,6.87938,0.505303
4,6.88138,0.505416
4,6.88338,0.50553
4,6.88538,0.505645
4,6.88738,0.505761
4,6.88938,0.505877
4,6.89138,0.505995
4,6.89338,0.506113
4,6.89538,0.506233
4,6.89738,0.506353
4,6.89938,0.506474
4,6.90138,0.506596
4,6.90338,0.506718
4,6.90538,0.506842
4,6.90738,0.506966
4,6.90938,0.507092
4,6.91138,0.507218
4,6.91338,0.507345
4,6.91538,0.507472
4,6.91738,0.507601
4,6.91938,0.50773
4,6.92138,0.50786
4,6.92338,0.507991
4,6.92539,0.508123
4,6.92739,0.508255
4,6.92939,0.508389
4,6.93139,0.508523
4,6.93339,0.508658
4,6.93539,0.508793
4,6.93739,0.508929
4,6.93939,0.509067
4,6.94139,0.509204
4,6.94339,0.509343
4,6.94539,0.509482
4,6.94739,0.509622
4,6.94939,0.509763
4,6.95139,0.509905
4,6.95339,0.510047
4,6.95539,0.51019
4,6.95739,0.510334
4,6.95939,0.510478
4,6.96139,0.510623
4,6.96339,0.510769
4,6.96539,0.510915
4,6.96739,0.511062
4,6.96939,0.51121
4,6.97139,0.511359
4,6.97339,0.511508
4,6.9754,0.511658
4,6.9774,0.511808
4,6.9794,0.51196
4,6.9814,0.512111
4,6.9834,0.512264
4,6.9854,0.512417
4,6.9874,0.512571
4,6.9894,0.512725
4,6.9914,0.512881
4,6.9934,0.513036
4,6.9954,0.513193
4,6.9974,0.51335
4,6.9994,0.513507
4,7.0014,0.513666
4,7.0034,0.513825
4,7.0054,0.513984
4,7.0074,0.514144
4,7.0094,0.514305
4,7.0114,0.514466
4,7.0134,0.514628
4,7.0154,0.514791
4,7.0174,0.514954
4,7.0194,0.515118
4,7.0214,0.515282
4,7.0234,0.515447
4,7.02541,0.515612
4,7.02741,0.515778
4,7.02941,0.515945
4,7.03141,0.516112
4,7.03341,0.51628
4,7.03541,0.516448
4,7.03741,0.516617
4,7.03941,0.516787
4,7.04141,0.516957
4,7.04341,0.517127
4,7.04541,0.517298
4,7.04741,0.51747
4,7.04941,0.517642
4,7.05141,0.517815
4,7.05341,0.517988
4,7.05541,0.518162
4,7.05741,0.518337
4,7.05941,0.518511
4,7.06141,0.518687
4,7.06341,0.518863
4,7.06541,0.519039
4,7.06741,0.519216
4,7.06941,0.519394
4,7.07141,0.519572
4,7.07341,0.51975
4,7.07542,0.519929
4,7.07742,0.520109
4,7.07942,0.520289
4,7.08142,0.52047
4,7.08342,0.520651
4,7.08542,0.520832
4,7.08742,0.521014
4,7.08942,0.521197
4,7.09142,0.52138
4,7.09342,0.521564
4,7.09542,0.521748
4,7.09742,0.521932
4,7.09942,0.522117
4,7.10142,0.522302
4,7.10342,0.522488
4,7.10542,0.522675
4,7.10742,0.522862
4,7.10942,0.523049
4,7.11142,0.523237
4,7.11342,0.523425
4,7.11542,0.523614
4,7.11742,0.523803
4,7.11942,0.523993
4,7.12142,0.524183
4,7.12342,0.524373
4,7.12543,0.524564
4,7.12743,0.524756
4,7.12943,0.524948
4,7.13143,0.52514
4,7.13343,0.525333
4,7.13543,0.525526
4,7.13743,0.52572
4,7.13943,0.525914
4,7.14143,0.526108
4,7.14343,0.526303
4,7.14543,0.526499
4,7.14743,0.526694
4,7.14943,0.526891
4,7.15143,0.527087
4,7.15343,0.527284
4,7.15543,0.527482
4,7.15743,0.52768
4,7.15943,0.527878
4,7.16143,0.528077
4,7.16343,0.528276
4,7.16543,0.528476
4,7.16743,0.528676
4,7.16943,0.528876
4,7.17143,0.529077
4,7.17343,0.529278
4,7.17544,0.52948
4,7.17744,0.529682
4,7.17944,0.529884
4,7.18144,0.530087
4,7.18344,0.53029
4,7.18544,0.530494
4,7.18744,0.530698
4,7.18944,0.530902
4,7.19144,0.531107
4,7.19344,0.531312
4,7.19544,0.531517
4,7.19744,0.531723
4,7.19944,0.53193
4,7.20144,0.532136
4,7.20344,0.532343
4,7.20544,0.532551
4,7.20744,0.532759
4,7.20944,0.532967
4,7.21144,0.533175
4,7.21344,0.533384
4,7.21544,0.533593
4,7.21744,0.533803
4,7.21944,0.534013
4,7.22144,0.534223
4,7.22344,0.534434
4,7.22545,0.534645
4,7.22745,0.534857
4,7.22945,0.535069
4,7.23145,0.535281
4,7.23345,0.535493
4,7.23545,0.535706
4,7.23745,0.535919
4,7.23945,0.536133
4,7.24145,0.536347
4,7.24345,0.536561
4,7.24545,0.536776
4,7.24745,0.536991
4,7.24945,0.537206
4,7.25145,0.537422
4,7.25345,0.537638
4,7.25545,0.537854
4,7.25745,0.538071
4,7.25945,0.538287
4,7.26145,0.538505
4,7.26345,0.538722
4,7.26545,0.53894
4,7.26745,0.539159
4,7.26945,0.539377
4,7.27145,0.539596
4,7.27345,0.539816
4,7.27546,0.540035
4,7.27746,0.540255
4,7.27946,0.540476
4,7.28146,0.540696
4,7.28346,0.540917
4,7.28546,0.541138
4,7.28746,0.54136
4,7.28946,0.541582
4,7.29146,0.541804
4,7.29346,0.542026
4,7.29546,0.542249
4,7.29746,0.542472
4,7.29946,0.542696
4,7.30146,0.54292
4,7.30346,0.543144
4,7.30546,0.543368
4,7.30746,0.543593
4,7.30946,0.543818
4,7.31146,0.544043
4,7.31346,0.544268
4,7.31546,0.544494
4,7.31746,0.544721
4,7.31946,0.544947
4,7.32146,0.545174
4,7.32346,0.545401
4,7.32547,0.545628
4,7.32747,0.545856
4,7.32947,0.546084
4,7.33147,0.546312
4,7.33347,0.546541
4,7.33547,0.546769
4,7.33747,0.546999
4,7.33947,0.547228
4,7.34147,0.547458
4,7.34347,0.547688
4,7.34547,0.547918
4,7.34747,0.548148
4,7.34947,0.548379
4,7.35147,0.54861
4,7.35347,0.548842
4,7.35547,0.549073
4,7.35747,0.549305
4,7.35947,0.549538
4,7.36147,0.54977
4,7.36347,0.550003
4,7.36547,0.550236
4,7.36747,0.550469
4,7.36947,0.550703
4,7.37147,0.550937
4,7.37347,0.551171
4,7.37548,0.551405
4,7.37748,0.55164
4,7.37948,0.551875
4,7.38148,0.55211
4,7.38348,0.552346
4,7.38548,0.552581
4,7.38748,0.552817
4,7.38948,0.553054
4,7.39148,0.55329
4,7.39348,0.553527
4,7.39548,0.553764
4,7.39748,0.554001
4,7.39948,0.554239
4,7.40148,0.554477
4,7.40348,0.554715
4,7.40548,0.554953
4,7.40748,0.555192
4,7.40948,0.555431
4,7.41148,0.55567
4,7.41348,0.555909
4,7.41548,0.556149
4,7.41748,0.556389
4,7.41948,0.556629
4,7.42148,0.556869
4,7.42348,0.55711
4,7.42549,0.55735
4,7.42749,0.557592
4,7.42949,0.557833
4,7.43149,0.558075
4,7.43349,0.558316
4,7.43549,0.558558
4,7.43749,0.558801
4,7.43949,0.559043
4,7.44149,0.559286
4,7.44349,0.559529
4,7.44549,0.559772
4,7.44749,0.560016
4,7.44949,0.56026
4,7.45149,0.560504
4,7.45349,0.560748
4,7.45549,0.560992
4,7.45749,0.561237
4,7.45949,0.561482
4,7.46149,0.561727
4,7.46349,0.561973
4,7.46549,0.562218
4,7.46749,0.562464
4,7.46949,0.56271
4,7.47149,0.562956
4,7.47349,0.563203
4,7.4755,0.56345
4,7.4775,0.563697
4,7.4795,0.563944
4,7.4815,0.564191
4,7.4835,0.564439
4,7.4855,0.564687
4,7.4875,0.564935
4,7.4895,0.565183
4,7.4915,0.565432
4,7.4935,0.565681
4,7.4955,0.56593
4,7.4975,0.566179
4,7.4995,0.566429
4,7.5015,0.566678
4,7.5035,0.566928
4,7.5055,0.567178
4,7.5075,0.567428
4,7.5095,0.567679
4,7.5115,0.56793
4,7.5135,0.568181
4,7.5155,0.568432
4,7.5175,0.568683
4,7.5195,0.568935
4,7.5215,0.569187
4,7.5235,0.569439
4,7.52551,0.569691
4,7.52751,0.569943
4,7.52951,0.570196
4,7.53151,0.570449
4,7.53351,0.570702
4,7.53551,0.570955
4,7.53751,0.571209
4,7.53951,0.571462
4,7.54151,0.571716
4,7.54351,0.57197
4,7.54551,0.572225
4,7.54751,0.572479
4,7.54951,0.572734
4,7.55151,0.572989
4,7.55351,0.573244
4,7.55551,0.573499
4,7.55751,0.573755
4,7.55951,0.57401
4,7.56151,0.574266
4,7.56351,0.574522
4,7.56551,0.574779
4,7.56751,0.575035
4,7.56951,0.575292
4,7.57151,0.575549
4,7.57351,0.575806
4,7.57552,0.576063
4,7.57752,0.57632
4,7.57952,0.576578
4,7.58152,0.576836
4,7.58352,0.577094
4,7.58552,0.577352
4,7.58752,0.577611
4,7.58952,0.577869
4,7.59152,0.578128
4,7.59352,0.578387
4,7.59552,0.578646
4,7.59752,0.578906
4,7.59952,0.579165
4,7.60152,0.579425
4,7.60352,0.579685
4,7.60552,0.579945
4,7.60752,0.580205
4,7.60952,0.580466
4,7.61152,0.580727
4,7.61352,0.580987
4,7.61552,0.581248
4,7.61752,0.58151
4,7.61952,0.581771
4,7.62152,0.582033
4,7.62352,0.582294
4,7.62553,0.582556
4,7.62753,0.582819
4,7.62953,0.583081
4,7.63153,0.583343
4,7.63353,0.583606
4,7.63553,0.583869
4,7.63753,0.584132
4,7.63953,0.584395
4,7.64153,0.584658
4,7.64353,0.584922
4,7.64553,0.585186
4,7.64753,0.58545
4,7.64953,0.585714
4,7.65153,0.585978
4,7.65353,0.586242
4,7.65553,0.586507
4,7.65753,0.586772
4,7.65953,0.587037
4,7.66153,0.587302
4,7.66353,0.587567
4,7.66553,0.587833
4,7.66753,0.588098
4,7.66953,0.588364
4,7.67153,0.58863
4,7.67353,0.588896
4,7.67554,0.589162
4,7.67754,0.589429
4,7.67954,0.589696
4,7.68154,0.589962
4,7.68354,0.590229
4,7.68554,0.590497
4,7.68754,0.590764
4,7.68954,0.591031
4,7.69154,0.591299
4,7.69354,0.591567
4,7.69554,0.591835
4,7.69754,0.592103
4,7.69954,0.592371
4,7.70154,0.59264
4,7.70354,0.592908
4,7.70554,0.593177
4,7.70754,0.593446
4,7.70954,0.593715
4,7.71154,0.593984
4,7.71354,0.594254
4,7.71554,0.594523
4,7.71754,0.594793
4,7.71954,0.595063
4,7.72154,0.595333
4,7.72354,0.595603
4,7.72555,0.595873
4,7.72755,0.596144
4,7.72955,0.596415
4,7.73155,0.596686
4,7.73355,0.596956
4,7.73555,0.597228
4,7.73755,0.597499
4,7.73955,0.59777
4,7.74155,0.598042
4,7.74355,0.598314
4,7.74555,0.598586
4,7.74755,0.598858
4,7.74955,0.59913
4,7.75155,0.599402
4,7.75355,0.599675
4,7.75555,0.599947
4,7.75755,0.60022
4,7.75955,0.600493
4,7.76155,0.600766
4,7.76355,0.60104
4,7.76555,0.601313
4,7.76755,0.601587
4,7.76955,0.60186
4,7.77155,0.602134
4,7.77355,0.602408
4,7.77556,0.602682
4,7.77756,0.602957
4,7.77956,0.603231
4,7.78156,0.603506
4,7.78356,0.60378
4,7.78556,0.604055
4,7.78756,0.60433
4,7.78956,0.604606
4,7.79156,0.604881
4,7.79356,0.605156
4,7.79556,0.605432
4,7.79756,0.605708
4,7.79956,0.605984
4,7.80156,0.60626
4,7.80356,0.606536
4,7.80556,0.606812
4,7.80756,0.607089
4,7.80956,0.607365
4,7.81156,0.607642
4,7.81356,0.607919
4,7.81556,0.608196
4,7.81756,0.608473
4,7.81956,0.60875
4,7.82156,0.609028
4,7.82356,0.609305
4,7.82557,0.609583
4,7.82757,0.609861
4,7.82957,0.610139
4,7.83157,0.610417
4,7.83357,0.610695
4,7.83557,0.610973
4,7.83757,0.611252
4,7.83957,0.611531
4,7.84157,0.611809
4,7.84357,0.612088
4,7.84557,0.612367
4,7.84757,0.612647
4,7.84957,0.612926
4,7.85157,0.613205
4,7.85357,0.613485
4,7.85557,0.613765
4,7.85757,0.614045
4,7.85957,0.614325
4,7.86157,0.614605
4,7.86357,0.614885
4,7.86557,0.615165
4,7.86757,0.615446
4,7.86957,0.615726
4,7.87157,0.616007
4,7.87357,0.616288
4,7.87558,0.616569
4,7.87758,0.61685
4,7.87958,0.617132
4,7.88158,0.617413
4,7.88358,0.617695
4,7.88558,0.617976
4,7.88758,0.618258
4,7.88958,0.61854
4,7.89158,0.618822
4,7.89358,0.619104
4,7.89558,0.619387
4,7.89758,0.619669
4,7.89958,0.619952
4,7.90158,0.620234
4,7.90358,0.620517
4,7.90558,0.6208
4,7.90758,0.621083
4,7.90958,0.621366
4,7.91158,0.62165
4,7.91358,0.621933
4,7.91558,0.622216
4,7.91758,0.6225
4,7.91958,0.622784
4,7.92158,0.623068
4,7.92358,0.623352
4,7.92559,0.623636
4,7.92759,0.62392
4,7.92959,0.624205
4,7.93159,0.624489
4,7.93359,0.624774
4,7.93559,0.625059
4,7.93759,0.625344
4,7.93959,0.625629
4,7.94159,0.625914
4,7.94359,0.626199
4,7.94559,0.626484
4,7.94759,0.62677
4,7.94959,0.627055
4,7.95159,0.627341
4,7.95359,0.627627
4,7.95559,0.627913
4,7.95759,0.628199
4,7.95959,0.628485
4,7.96159,0.628771
4,7.96359,0.629058
4,7.96559,0.629344
4,7.96759,0.629631
4,7.96959,0.629918
4,7.97159,0.630205
4,7.97359,0.630492
4,7.9756,0.630779
4,7.9776,0.631066
4,7.9796,0.631353
4,7.9816,0.631641
4,7.9836,0.631928
4,7.9856,0.632216
4,7.9876,0.632504
4,7.9896,0.632792
4,7.9916,0.63308
4,7.9936,0.633368
4,7.9956,0.633656
4,7.9976,0.633944
4,7.9996,0.634233
4,8.0016,0.634521
4,8.0036,0.63481
4,8.0056,0.635099
4,8.0076,0.635388
4,8.0096,0.635677
4,8.0116,0.635966
4,8.0136,0.636255
4,8.0156,0.636544
4,8.0176,0.636834
4,8.0196,0.637123
4,8.0216,0.637413
4,8.0236,0.637703
4,8.02561,0.637993
4,8.02761,0.638283
4,8.02961,0.638573
4,8.03161,0.638863
4,8.03361,0.639153
4,8.03561,0.639444
4,8.03761,0.639734
4,8.03961,0.640025
4,8.04161,0.640315
4,8.04361,0.640606
4,8.04561,0.640897
4,8.04761,0.641188
4,8.04961,0.641479
4,8.05161,0.641771
4,8.05361,0.642062
4,8.05561,0.642353
4,8.05761,0.642645
4,8.05961,0.642937
4,8.06161,0.643228
4,8.06361,0.64352
4,8.06561,0.643812
4,8.06761,0.644104
4,8.06961,0.644397
4,8.07161,0.644689
4,8.07361,0.644981
4,8.07562,0.645274
4,8.07762,0.645566
4,8.07962,0.645859
4,8.08162,0.646152
4,8.08362,0.646445
4,8.08562,0.646738
4,8.08762,0.647031
4,8.08962,0.647324
4,8.09162,0.647617
4,8.09362,0.647911
4,8.09562,0.648204
4,8.09762,0.648498
4,8.09962,0.648791
4,8.10162,0.649085
4,8.10362,0.649379
4,8.10562,0.649673
4,8.10762,0.649967
4,8.10962,0.650261
4,8.11162,0.650556
4,8.11362,0.65085
4,8.11562,0.651145
4,8.11762,0.651439
4,8.11962,0.651734
4,8.12162,0.652029
4,8.12362,0.652323
4,8.12563,0.652618
4,8.12763,0.652913
4,8.12963,0.653209
4,8.13163,0.653504
4,8.13363,0.653799
4,8.13563,0.654095
4,8.13763,0.65439
4,8.13963,0.654686
4,8.14163,0.654981
4,8.14363,0.655277
4,8.14563,0.655573
4,8.14763,0.655869
4,8.14963,0.656165
4,8.15163,0.656461
4,8.15363,0.656758
4,8.15563,0.657054
4,8.15763,0.657351
4,8.15963,0.657647
4,8.16163,0.657944
4,8.16363,0.65824
4,8.16563,0.658537
4,8.16763,0.658834
4,8.16963,0.659131
4,8.17163,0.659428
4,8.17363,0.659726
4,8.17564,0.660023
4,8.17764,0.66032
4,8.17964,0.660618
4,8.18164,0.660915
4,8.18364,0.661213
4,8.18564,0.661511
4,8.18764,0.661808
4,8.18964,0.662106
4,8.19164,0.662404
4,8.19364,0.662703
4,8.19564,0.663001
4,8.19764,0.663299
4,8.19964,0.663597
4,8.20164,0.663896
4,8.20364,0.664194
4,8.20564,0.664493
4,8.20764,0.664792
4,8.20964,0.66509
4,8.21164,0.665389
4,8.21364,0.665688
4,8.21564,0.665987
4,8.21764,0.666287
4,8.21964,0.666586
4,8.22164,0.666885
4,8.22364,0.667185
4,8.22565,0.667484
4,8.22765,0.667784
4,8.22965,0.668083
4,8.23165,0.668383
4,8.23365,0.668683
4,8.23565,0.668983
4,8.23765,0.669283
4,8.23965,0.669583
4,8.24165,0.669883
4,8.24365,0.670183
4,8.24565,0.670484
4,8.24765,0.670784
4,8.24965,0.671085
4,8.25165,0.671385
4,8.25365,0.671686
4,8.25565,0.671987
4,8.25765,0.672288
4,8.25965,0.672588
4,8.26165,0.672889
4,8.26365,0.673191
4,8.26565,0.673492
4,8.26765,0.673793
4,8.26965,0.674094
4,8.27165,0.674396
4,8.27365,0.674697
4,8.27566,0.674999
4,8.27766,0.675301
4,8.27966,0.675602
4,8.28166,0.675904
4,8.28366,0.676206
4,8.28566,0.676508
4,8.28766,0.67681
4,8.28966,0.677112
4,8.29166,0.677415
4,8.29366,0.677717
4,8.29566,0.678019
4,8.29766,0.678322
4,8.29966,0.678624
4,8.30166,0.678927
4,8.30366,0.67923
4,8.30566,0.679532
4,8.30766,0.679835
4,8.30966,0.680138
4,8.31166,0.680441
4,8.31366,0.680744
4,8.31566,0.681047
4,8.31766,0.681351
4,8.31966,0.681654
4,8.32166,0.681957
4,8.32366,0.682261
4,8.32567,0.682565
4,8.32767,0.682868
4,8.32967,0.683172
4,8.33167,0.683476
4,8.33367,0.68378
4,8.33567,0.684084
4,8.33767,0.684388
4,8.33967,0.684692
4,8.34167,0.684996
4,8.34367,0.6853
4,8.34567,0.685604
4,8.34767,0.685909
4,8.34967,0.686213
4,8.35167,0.686518
4,8.35367,0.686823
4,8.35567,0.687127
4,8.35767,0.687432
4,8.35967,0.687737
4,8.36167,0.688042
4,8.36367,0.688347
4,8.36567,0.688652
4,8.36767,0.688957
4,8.36967,0.689262
4,8.37167,0.689568
4,8.37367,0.689873
4,8.37568,0.690178
4,8.37768,0.690484
4,8.37968,0.690789
4,8.38168,0.691095
4,8.38368,0.691401
4,8.38568,0.691707
4,8.38768,0.692013
4,8.38968,0.692319
4,8.39168,0.692625
4,8.39368,0.692931
4,8.39568,0.693237
4,8.39768,0.693543
4,8.39968,0.693849
4,8.40168,0.694156
4,8.40368,0.694462
4,8.40568,0.694769
4,8.40768,0.695075
4,8.40968,0.695382
4,8.41168,0.695689
4,8.41368,0.695996
4,8.41568,0.696302
4,8.41768,0.696609
4,8.41968,0.696916
4,8.42168,0.697223
4,8.42368,0.697531
4,8.42569,0.697838
4,8.42769,0.698145
4,8.42969,0.698453
4,8.43169,0.69876
4,8.43369,0.699067
4,8.43569,0.699375
4,8.43769,0.699683
4,8.43969,0.69999
4,8.44169,0.700298
4,8.44369,0.700606
4,8.44569,0.700914
4,8.44769,0.701222
4,8.44969,0.70153
4,8.45169,0.701838
4,8.45369,0.702146
4,8.45569,0.702455
4,8.45769,0.702763
4,8.45969,0.703071
4,8.46169,0.70338
4,8.46369,0.703688
4,8.46569,0.703997
4,8.46769,0.704305
4,8.46969,0.704614
4,8.47169,0.704923
4,8.47369,0.705232
4,8.4757,0.705541
4,8.4777,0.70585
4,8.4797,0.706159
4,8.4817,0.706468
4,8.4837,0.706777
4,8.4857,0.707086
4,8.4877,0.707396
4,8.4897,0.707705
4,8.4917,0.708014
4,8.4937,0.708324
4,8.4957,0.708633
4,8.4977,0.708943
4,8.4997,0.709253
4,8.5017,0.709563
4,8.5037,0.709872
4,8.5057,0.710182
4,8.5077,0.710492
4,8.5097,0.710802
4,8.5117,0.711112
4,8.5137,0.711422
4,8.5157,0.711733
4,8.5177,0.712043
4,8.5197,0.712353
4,8.5217,0.712664
4,8.5237,0.712974
4,8.52571,0.713285
4,8.52771,0.713595
4,8.52971,0.713906
4,8.53171,0.714217
4,8.53371,0.714527
4,8.53571,0.714838
4,8.53771,0.715149
4,8.53971,0.71546
4,8.54171,0.715771
4,8.54371,0.716082
4,8.54571,0.716393
4,8.54771,0.716704
4,8.54971,0.717016
4,8.55171,0.717327
4,8.55371,0.717638
4,8.55571,0.71795
4,8.55771,0.718261
4,8.55971,0.718573
4,8.56171,0.718885
4,8.56371,0.719196
4,8.56571,0.719508
4,8.56771,0.71982
4,8.56971,0.720132
4,8.57171,0.720444
4,8.57371,0.720756
4,8.57572,0.721068
4,8.57772,0.72138
4,8.57972,0.721692
4,8.58172,0.722004
4,8.58372,0.722316
4,8.58572,0.722629
4,8.58772,0.722941
4,8.58972,0.723254
4,8.59172,0.723566
4,8.59372,0.723879
4,8.59572,0.724191
4,8.59772,0.724504
4,8.59972,0.724817
4,8.60172,0.72513
4,8.60372,0.725442
4,8.60572,0.725755
4,8.60772,0.726068
4,8.60972,0.726381
4,8.61172,0.726694
4,8.61372,0.727008
4,8.61572,0.727321
4,8.61772,0.727634
4,8.61972,0.727947
4,8.62172,0.728261
4,8.62372,0.728574
4,8.62573,0.728888
4,8.62773,0.729201
4,8.62973,0.729515
4,8.63173,0.729829
4,8.63373,0.730142
4,8.63573,0.730456
4,8.63773,0.73077
4,8.63973,0.731084
4,8.64173,0.731398
4,8.64373,0.731712
4,8.64573,0.732026
4,8.64773,0.73234
4,8.64973,0.732654
4,8.65173,0.732968
4,8.65373,0.733282
4,8.65573,0.733597
4,8.65773,0.733911
4,8.65973,0.734226
4,8.66173,0.73454
4,8.66373,0.734855
4,8.66573,0.735169
4,8.66773,0.735484
4,8.66973,0.735799
4,8.67173,0.736113
4,8.67373,0.736428
4,8.67574,0.736743
4,8.67774,0.737058
4,8.67974,0.737373
4,8.68174,0.737688
4,8.68374,0.738003
4,8.68574,0.738318
4,8.68774,0.738633
4,8.68974,0.738949
4,8.69174,0.739264
4,8.69374,0.739579
4,8.69574,0.739895
4,8.69774,0.74021
4,8.69974,0.740526
4,8.70174,0.740841
4,8.70374,0.741157
4,8.70574,0.741472
4,8.70774,0.741788
4,8.70974,0.742104
4,8.71174,0.74242
4,8.71374,0.742736
4,8.71574,0.743051
4,8.71774,0.743367
4,8.71974,0.743683
4,8.72174,0.743999
4,8.72374,0.744316
4,8.72575,0.744632
4,8.72775,0.744948
4,8.72975,0.745264
4,8.73175,0.745581
4,8.73375,0.745897
4,8.73575,0.746213
4,8.73775,0.74653
4,8.73975,0.746846
4,8.74175,0.747163
4,8.74375,0.74748
4,8.74575,0.747796
4,8.74775,0.748113
4,8.74975,0.74843
4,8.75175,0.748747
4,8.75375,0.749063
4,8.75575,0.74938
4,8.75775,0.749697
4,8.75975,0.750014
4,8.76175,0.750331
4,8.76375,0.750649
4,8.76575,0.750966
4,8.76775,0.751283
4,8.76975,0.7516
4,8.77175,0.751918
4,8.77375,0.752235
4,8.77576,0.752552
4,8.77776,0.75287
4,8.77976,0.753187
4,8.78176,0.753505
4,8.78376,0.753822
4,8.78576,0.75414
4,8.78776,0.754458
4,8.78976,0.754776
4,8.79176,0.755093
4,8.79376,0.755411
4,8.79576,0.755729
4,8.79776,0.756047
4,8.79976,0.756365
4,8.80176,0.756683
4,8.80376,0.757001
4,8.80576,0.757319
4,8.80776,0.757637
4,8.80976,0.757956
4,8.81176,0.758274
4,8.81376,0.758592
4,8.81576,0.75891
4,8.81776,0.759229
4,8.81976,0.759547
4,8.82176,0.759866
4,8.82376,0.760184
4,8.82577,0.760503
4,8.82777,0.760822
4,8.82977,0.76114
4,8.83177,0.761459
4,8.83377,0.761778
4,8.83577,0.762097
4,8.83777,0.762415
4,8.83977,0.762734
4,8.84177,0.763053
4,8.84377,0.763372
4,8.84577,0.763691
4,8.84777,0.76401
4,8.84977,0.76433
4,8.85177,0.764649
4,8.85377,0.764968
4,8.85577,0.765287
4,8.85777,0.765606
4,8.85977,0.765926
4,8.86177,0.766245
4,8.86377,0.766565
4,8.86577,0.766884
4,8.86777,0.767204
4,8.86977,0.767523
4,8.87177,0.767843
4,8.87377,0.768163
4,8.87578,0.768482
4,8.87778,0.768802
4,8.87978,0.769122
4,8.88178,0.769442
4,8.88378,0.769761
4,8.88578,0.770081
4,8.88778,0.770401
4,8.88978,0.770721
4,8.89178,0.771041
4,8.89378,0.771362
4,8.89578,0.771682
4,8.89778,0.772002
4,8.89978,0.772322
4,8.90178,0.772642
4,8.90378,0.772963
4,8.90578,0.773283
4,8.90778,0.773603
4,8.90978,0.773924
4,8.91178,0.774244
4,8.91378,0.774565
4,8.91578,0.774885
4,8.91778,0.775206
4,8.91978,0.775527
4,8.92178,0.775847
4,8.92378,0.776168
4,8.92579,0.776489
4,8.92779,0.77681
4,8.92979,0.77713
4,8.93179,0.777451
4,8.93379,0.777772
4,8.93579,0.778093
4,8.93779,0.778414
4,8.93979,0.778735
4,8.94179,0.779056
4,8.94379,0.779377
4,8.94579,0.779699
4,8.94779,0.78002
4,8.94979,0.780341
4,8.95179,0.780662
4,8.95379,0.780984
4,8.95579,0.781305
4,8.95779,0.781626
4,8.95979,0.781948
4,8.96179,0.782269
4,8.96379,0.782591
4,8.96579,0.782913
4,8.96779,0.783234
4,8.96979,0.783556
4,8.97179,0.783877
4,8.97379,0.784199
4,8.9758,0.784521
4,8.9778,0.784843
4,8.9798,0.785165
4,8.9818,0.785486
4,8.9838,0.785808
4,8.9858,0.78613
4,8.9878,0.786452
4,8.9898,0.786774
4,8.9918,0.787096
4,8.9938,0.787419
4,8.9958,0.787741
4,8.9978,0.788063
4,8.9998,0.788385
4,9.0018,0.788707
4,9.0038,0.78903
4,9.0058,0.789352
4,9.0078,0.789674
4,9.0098,0.789997
4,9.0118,0.790319
4,9.0138,0.790642
4,9.0158,0.790964
4,9.0178,0.791287
4,9.0198,0.79161
4,9.0218,0.791932
4,9.0238,0.792255
4,9.02581,0.792578
4,9.02781,0.7929
4,9.02981,0.793223
4,9.03181,0.793546
4,9.03381,0.793869
4,9.03581,0.794192
4,9.03781,0.794515
4,9.03981,0.794838
4,9.04181,0.795161
4,9.04381,0.795484
4,9.04581,0.795807
4,9.04781,0.79613
4,9.04981,0.796453
4,9.05181,0.796776
4,9.05381,0.7971
4,9.05581,0.797423
4,9.05781,0.797746
4,9.05981,0.798069
4,9.06181,0.798393
4,9.06381,0.798716
4,9.06581,0.79904
4,9.06781,0.799363
4,9.06981,0.799687
4,9.07181,0.80001
4,9.07381,0.800334
4,9.07582,0.800657
4,9.07782,0.800981
4,9.07982,0.801305
4,9.08182,0.801628
4,9.08382,0.801952
4,9.08582,0.802276
4,9.08782,0.8026
4,9.08982,0.802924
4,9.09182,0.803248
4,9.09382,0.803572
4,9.09582,0.803896
4,9.09782,0.80422
4,9.09982,0.804544
4,9.10182,0.804868
4,9.10382,0.805192
4,9.10582,0.805516
4,9.10782,0.80584
4,9.10982,0.806164
4,9.11182,0.806489
4,9.11382,0.806813
4,9.11582,0.807137
4,9.11782,0.807461
4,9.11982,0.807786
4,9.12182,0.80811
4,9.12382,0.808435
4,9.12583,0.808759
4,9.12783,0.809084
4,9.12983,0.809408
4,9.13183,0.809733
4,9.13383,0.810057
4,9.13583,0.810382
4,9.13783,0.810707
4,9.13983,0.811031
4,9.14183,0.811356
4,9.14383,0.811681
4,9.14583,0.812006
4,9.14783,0.812331
4,9.14983,0.812655
4,9.15183,0.81298
4,9.15383,0.813305
4,9.15583,0.81363
4,9.15783,0.813955
4,9.15983,0.81428
4,9.16183,0.814605
4,9.16383,0.81493
4,9.16583,0.815255
4,9.16783,0.815581
4,9.16983,0.815906
4,9.17183,0.816231
4,9.17383,0.816556
4,9.17584,0.816882
4,9.17784,0.817207
4,9.17984,0.817532
4,9.18184,0.817858
4,9.18384,0.818183
4,9.18584,0.818508
4,9.18784,0.818834
4,9.18984,0.819159
4,9.19184,0.819485
4,9.19384,0.81981
4,9.19584,0.820136
4,9.19784,0.820462
4,9.19984,0.820787
4,9.20184,0.821113
4,9.20384,0.821439
4,9.20584,0.821764
4,9.20784,0.82209
4,9.20984,0.822416
4,9.21184,0.822742
4,9.21384,0.823068
4,9.21584,0.823394
4,9.21784,0.82372
4,9.21984,0.824046
4,9.22184,0.824371
4,9.22384,0.824698
4,9.22585,0.825024
4,9.22785,0.82535
4,9.22985,0.825676
4,9.23185,0.826002
4,9.23385,0.826328
4,9.23585,0.826654
4,9.23785,0.82698
4,9.23985,0.827307
4,9.24185,0.827633
4,9.24385,0.827959
4,9.24585,0.828286
4,9.24785,0.828612
4,9.24985,0.828938
4,9.25185,0.829265
4,9.25385,0.829591
4,9.25585,0.829918
4,9.25785,0.830244
4,9.25985,0.830571
4,9.26185,0.830897
4,9.26385,0.831224
4,9.26585,0.83155
4,9.26785,0.831877
4,9.26985,0.832204
4,9.27185,0.83253
4,9.27385,0.832857
4,9.27586,0.833184
4,9.27786,0.833511
4,9.27986,0.833838
4,9.28186,0.834164
4,9.28386,0.834491
4,9.28586,0.834818
4,9.28786,0.835145
4,9.28986,0.835472
4,9.29186,0.835799
4,9.29386,0.836126
4,9.29586,0.836453
4,9.29786,0.83678
4,9.29986,0.837107
4,9.30186,0.837434
4,9.30386,0.837761
4,9.30586,0.838089
4,9.30786,0.838416
4,9.30986,0.838743
4,9.31186,0.83907
4,9.31386,0.839398
4,9.31586,0.839725
4,9.31786,0.840052
4,9.31986,0.84038
4,9.32186,0.840707
4,9.32386,0.841034
4,9.32587,0.841362
4,9.32787,0.841689
4,9.32987,0.842017
4,9.33187,0.842344
4,9.33387,0.842672
4,9.33587,0.842999
4,9.33787,0.843327
4,9.33987,0.843655
4,9.34187,0.843982
4,9.34387,0.84431
4,9.34587,0.844638
4,9.34787,0.844965
4,9.34987,0.845293
4,9.35187,0.845621
4,9.35387,0.845949
4,9.35587,0.846276
4,9.35787,0.846604
4,9.35987,0.846932
4,9.36187,0.84726
4,9.36387,0.847588
4,9.36587,0.847916
4,9.36787,0.848244
4,9.36987,0.848572
4,9.37187,0.8489
4,9.37387,0.849228
4,9.37588,0.849556
4,9.37788,0.849884
4,9.37988,0.850212
4,9.38188,0.85054
4,9.38388,0.850868
4,9.38588,0.851197
4,9.38788,0.851525
4,9.38988,0.851853
4,9.39188,0.852181
4,9.39388,0.85251
4,9.39588,0.852838
4,9.39788,0.853166
4,9.39988,0.853495
4,9.40188,0.853823
4,9.40388,0.854151
4,9.40588,0.85448
4,9.40788,0.854808
4,9.40988,0.855137
4,9.41188,0.855465
4,9.41388,0.855794
4,9.41588,0.856122
4,9.41788,0.856451
4,9.41988,0.856779
4,9.42188,0.857108
4,9.42388,0.857437
4,9.42589,0.857765
4,9.42789,0.858094
4,9.42989,0.858423
4,9.43189,0.858751
4,9.43389,0.85908
4,9.43589,0.859409
4,9.43789,0.859738
4,9.43989,0.860067
4,9.44189,0.860395
4,9.44389,0.860724
4,9.44589,0.861053
4,9.44789,0.861382
4,9.44989,0.861711
4,9.45189,0.86204
4,9.45389,0.862369
4,9.45589,0.862698
4,9.45789,0.863027
4,9.45989,0.863356
4,9.46189,0.863685
4,9.46389,0.864014
4,9.46589,0.864343
4,9.46789,0.864672
4,9.46989,0.865002
4,9.47189,0.865331
4,9.47389,0.86566
4,9.4759,0.865989
4,9.4779,0.866318
4,9.4799,0.866648
4,9.4819,0.866977
4,9.4839,0.867306
4,9.4859,0.867636
4,9.4879,0.867965
4,9.4899,0.868294
4,9.4919,0.868624
4,9.4939,0.868953
4,9.4959,0.869282
4,9.4979,0.869612
4,9.4999,0.869941
4,9.5019,0.870271
4,9.5039,0.8706
4,9.5059,0.87093
4,9.5079,0.871259
4,9.5099,0.871589
4,9.5119,0.871919
4,9.5139,0.872248
4,9.5159,0.872578
4,9.5179,0.872907
4,9.5199,0.873237
4,9.5219,0.873567
4,9.5239,0.873897
4,9.52591,0.874226
4,9.52791,0.874556
4,9.52991,0.874886
4,9.53191,0.875216
4,9.53391,0.875545
4,9.53591,0.875875
4,9.53791,0.876205
4,9.53991,0.876535
4,9.54191,0.876865
4,9.54391,0.877195
4,9.54591,0.877525
4,9.54791,0.877855
4,9.54991,0.878185
4,9.55191,0.878515
4,9.55391,0.878845
4,9.55591,0.879175
4,9.55791,0.879505
4,9.55991,0.879835
4,9.56191,0.880165
4,9.56391,0.880495
4,9.56591,0.880825
4,9.56791,0.881155
4,9.56991,0.881485
4,9.57191,0.881815
4,9.57391,0.882146
4,9.57592,0.882476
4,9.57792,0.882806
4,9.57992,0.883136
4,9.58192,0.883467
4,9.58392,0.883797
4,9.58592,0.884127
4,9.58792,0.884457
4,9.58992,0.884788
4,9.59192,0.885118
4,9.59392,0.885449
4,9.59592,0.885779
4,9.59792,0.886109
4,9.59992,0.88644
4,9.60192,0.88677
4,9.60392,0.887101
4,9.60592,0.887431
4,9.60792,0.887762
4,9.60992,0.888092
4,9.61192,0.888423
4,9.61392,0.888753
4,9.61592,0.889084
4,9.61792,0.889414
4,9.61992,0.889745
4,9.62192,0.890076
4,9.62392,0.890406
4,9.62593,0.890737
4,9.62793,0.891068
4,9.62993,0.891398
4,9.63193,0.891729
4,9.63393,0.89206
4,9.63593,0.89239
4,9.63793,0.892721
4,9.63993,0.893052
4,9.64193,0.893383
4,9.64393,0.893714
4,9.64593,0.894044
4,9.64793,0.894375
4,9.64993,0.894706
4,9.65193,0.895037
4,9.65393,0.895368
4,9.65593,0.895699
4,9.65793,0.89603
4,9.65993,0.896361
4,9.66193,0.896692
4,9.66393,0.897023
4,9.66593,0.897354
4,9.66793,0.897685
4,9.66993,0.898016
4,9.67193,0.898347
4,9.67393,0.898678
4,9.67594,0.899009
4,9.67794,0.89934
4,9.67994,0.899671
4,9.68194,0.900002
4,9.68394,0.900333
4,9.68594,0.900664
4,9.68794,0.900995
4,9.68994,0.901327
4,9.69194,0.901658
4,9.69394,0.901989
4,9.69594,0.90232
4,9.69794,0.902651
4,9.69994,0.902983
4,9.70194,0.903314
4,9.70394,0.903645
4,9.70594,0.903976
4,9.70794,0.904308
4,9.70994,0.904639
4,9.71194,0.90497
4,9.71394,0.905302
4,9.71594,0.905633
4,9.71794,0.905965
4,9.71994,0.906296
4,9.72194,0.906627
4,9.72394,0.906959
4,9.72595,0.90729
4,9.72795,0.907622
4,9.72995,0.907953
4,9.73195,0.908285
4,9.73395,0.908616
4,9.73595,0.908948
4,9.73795,0.909279
4,9.73995,0.909611
4,9.74195,0.909942
4,9.74395,0.910274
4,9.74595,0.910605
4,9.74795,0.910937
4,9.74995,0.911269
4,9.75195,0.9116
4,9.75395,0.911932
4,9.75595,0.912263
4,9.75795,0.912595
4,9.75995,0.912927
4,9.76195,0.913258
4,9.76395,0.91359
4,9.76595,0.913922
4,9.76795,0.914254
4,9.76995,0.914585
4,9.77195,0.914917
4,9.77395,0.915249
4,9.77596,0.915581
4,9.77796,0.915912
4,9.77996,0.916244
4,9.78196,0.916576
4,9.78396,0.916908
4,9.78596,0.91724
4,9.78796,0.917571
4,9.78996,0.917903
4,9.79196,0.918235
4,9.79396,0.918567
4,9.79596,0.918899
4,9.79796,0.919231
4,9.79996,0.919563
4,9.80196,0.919895
4,9.80396,0.920227
4,9.80596,0.920559
4,9.80796,0.920891
4,9.80996,0.921223
4,9.81196,0.921555
4,9.81396,0.921887
4,9.81596,0.922219
4,9.81796,0.922551
4,9.81996,0.922883
4,9.82196,0.923215
4,9.82396,0.923547
4,9.82597,0.923879
4,9.82797,0.924211
4,9.82997,0.924543
4,9.83197,0.924875
4,9.83397,0.925207
4,9.83597,0.92554
4,9.83797,0.925872
4,9.83997,0.926204
4,9.84197,0.926536
4,9.84397,0.926868
4,9.84597,0.9272
4,9.84797,0.927533
4,9.84997,0.927865
4,9.85197,0.928197
4,9.85397,0.928529
4,9.85597,0.928862
4,9.85797,0.929194
4,9.85997,0.929526
4,9.86197,0.929858
4,9.86397,0.930191
4,9.86597,0.930523
4,9.86797,0.930855
4,9.86997,0.931188
4,9.87197,0.93152
4,9.87397,0.931852
4,9.87598,0.932185
4,9.87798,0.932517
4,9.87998,0.932849
4,9.88198,0.933182
4,9.88398,0.933514
4,9.88598,0.933847
4,9.88798,0.934179
4,9.88998,0.934511
4,9.89198,0.934844
4,9.89398,0.935176
4,9.89598,0.935509
4,9.89798,0.935841
4,9.89998,0.936174
4,9.90198,0.936506
4,9.90398,0.936839
4,9.90598,0.937171
4,9.90798,0.937504
4,9.90998,0.937836
4,9.91198,0.938169
4,9.91398,0.938501
4,9.91598,0.938834
4,9.91798,0.939166
4,9.91998,0.939499
4,9.92198,0.939832
4,9.92398,0.940164
4,9.92599,0.940497
4,9.92799,0.940829
4,9.92999,0.941162
4,9.93199,0.941495
4,9.93399,0.941827
4,9.93599,0.94216
4,9.93799,0.942492
4,9.93999,0.942825
4,9.94199,0.943158
4,9.94399,0.94349
4,9.94599,0.943823
4,9.94799,0.944156
4,9.94999,0.944489
4,9.95199,0.944821
4,9.95399,0.945154
4,9.95599,0.945487
4,9.95799,0.945819
4,9.95999,0.946152
4,9.96199,0.946485
4,9.96399,0.946818
4,9.96599,0.94715
4,9.96799,0.947483
4,9.96999,0.947816
4,9.97199,0.948149
4,9.97399,0.948482
4,9.976,0.948814
4,9.978,0.949147
4,9.98,0.94948
4,9.982,0.949813
4,9.984,0.950146
4,9.986,0.950478
4,9.988,0.950811
4,9.99,0.951144
4,9.992,0.951477
4,9.994,0.95181
4,9.996,0.952143
4,9.998,0.952476
4,10,0.952809
