t,x,u
0,0,1
0,0.0209789,1.01049
0,0.0419578,1.02097
0,0.0629367,1.03145
0,0.0839157,1.04191
0,0.104895,1.05235
0,0.125873,1.06277
0,0.146852,1.07316
0,0.167831,1.08352
0,0.18881,1.09385
0,0.209789,1.10413
0,0.230768,1.11436
0,0.251747,1.12455
0,0.272726,1.13468
0,0.293705,1.14475
0,0.314684,1.15476
0,0.335663,1.1647
0,0.356642,1.17456
0,0.37762,1.18435
0,0.398599,1.19406
0,0.419578,1.20369
0,0.440557,1.21322
0,0.461536,1.22266
0,0.482515,1.232
0,0.503494,1.24124
0,0.524473,1.25038
0,0.545452,1.2594
0,0.566431,1.26831
0,0.58741,1.2771
0,0.608389,1.28577
0,0.629367,1.29432
0,0.650346,1.30273
0,0.671325,1.31101
0,0.692304,1.31916
0,0.713283,1.32716
0,0.734262,1.33502
0,0.755241,1.34273
0,0.77622,1.35029
0,0.797199,1.3577
0,0.818178,1.36495
0,0.839157,1.37204
0,0.860136,1.37897
0,0.881114,1.38572
0,0.902093,1.39231
0,0.923072,1.39873
0,0.944051,1.40497
0,0.96503,1.41103
0,0.986009,1.41691
0,1.00699,1.42261
0,1.02797,1.42813
0,1.04895,1.43345
0,1.06992,1.43858
0,1.0909,1.44352
0,1.11188,1.44827
0,1.13286,1.45281
0,1.15384,1.45716
0,1.17482,1.46131
0,1.1958,1.46525
0,1.21678,1.46899
0,1.23776,1.47253
0,1.25873,1.47585
0,1.27971,1.47897
0,1.30069,1.48187
0,1.32167,1.48456
0,1.34265,1.48704
0,1.36363,1.48931
0,1.38461,1.49136
0,1.40559,1.49319
0,1.42657,1.49481
0,1.44755,1.49621
0,1.46852,1.49739
0,1.4895,1.49835
0,1.51048,1.49909
0,1.53146,1.49961
0,1.55244,1.49992
0,1.57342,1.5
0,1.5944,1.49986
0,1.61538,1.4995
0,1.63636,1.49893
0,1.65733,1.49813
0,1.67831,1.49711
0,1.69929,1.49588
0,1.72027,1.49442
0,1.74125,1.49275
0,1.76223,1.49087
0,1.78321,1.48876
0,1.80419,1.48644
0,1.82517,1.48391
0,1.84614,1.48117
0,1.86712,1.47821
0,1.8881,1.47504
0,1.90908,1.47166
0,1.93006,1.46808
0,1.95104,1.46429
0,1.97202,1.46029
0,1.993,1.45609
0,2.01398,1.4517
0,2.03495,1.4471
0,2.05593,1.44231
0,2.07691,1.43732
0,2.09789,1.43214
0,2.11887,1.42676
0,2.13985,1.42121
0,2.16083,1.41546
0,2.18181,1.40953
0,2.20279,1.40343
0,2.22377,1.39714
0,2.24474,1.39068
0,2.26572,1.38405
0,2.2867,1.37725
0,2.30768,1.37028
0,2.32866,1.36315
0,2.34964,1.35586
0,2.37062,1.34842
0,2.3916,1.34082
0,2.41258,1.33307
0,2.43355,1.32517
0,2.45453,1.31713
0,2.47551,1.30895
0,2.49649,1.30064
0,2.51747,1.29219
0,2.53845,1.28362
0,2.55943,1.27492
0,2.58041,1.2661
0,2.60139,1.25716
0,2.62236,1.24811
0,2.64334,1.23894
0,2.66432,1.22968
0,2.6853,1.22031
0,2.70628,1.21085
0,2.72726,1.20129
0,2.74824,1.19164
0,2.76922,1.18191
0,2.7902,1.1721
0,2.81117,1.16222
0,2.83215,1.15226
0,2.85313,1.14224
0,2.87411,1.13215
0,2.89509,1.12201
0,2.91607,1.11181
0,2.93705,1.10156
0,2.95803,1.09127
0,2.97901,1.08094
0,2.99998,1.07057
0,3.02096,1.06017
0,3.04194,1.04974
0,3.06292,1.03929
0,3.0839,1.02883
0,3.10488,1.01835
0,3.12586,1.00787
0,3.14684,0.997378
0,3.16782,0.98689
0,3.1888,0.976407
0,3.20977,0.965936
0,3.23075,0.955479
0,3.25173,0.945042
0,3.27271,0.934629
0,3.29369,0.924244
0,3.31467,0.913893
0,3.33565,0.90358
0,3.35663,0.89331
0,3.37761,0.883086
0,3.39858,0.872914
0,3.41956,0.862798
0,3.44054,0.852742
0,3.46152,0.842751
0,3.4825,0.832829
0,3.50348,0.822981
0,3.52446,0.81321
0,3.54544,0.803522
0,3.56642,0.79392
0,3.58739,0.784409
0,3.60837,0.774993
0,3.62935,0.765676
0,3.65033,0.756462
0,3.67131,0.747355
0,3.69229,0.73836
0,3.71327,0.729479
0,3.73425,0.720718
0,3.75523,0.712079
0,3.7762,0.703567
0,3.79718,0.695186
0,3.81816,0.686939
0,3.83914,0.678829
0,3.86012,0.670861
0,3.8811,0.663038
0,3.90208,0.655363
0,3.92306,0.64784
0,3.94404,0.640472
0,3.96502,0.633262
0,3.98599,0.626213
0,4.00697,0.619329
0,4.02795,0.612612
0,4.04893,0.606066
0,4.06991,0.599694
0,4.09089,0.593497
0,4.11187,0.587479
0,4.13285,0.581643
0,4.15383,0.575991
0,4.1748,0.570526
0,4.19578,0.56525
0,4.21676,0.560165
0,4.23774,0.555273
0,4.25872,0.550577
0,4.2797,0.546079
0,4.30068,0.541781
0,4.32166,0.537685
0,4.34264,0.533792
0,4.36361,0.530104
0,4.38459,0.526623
0,4.40557,0.52335
0,4.42655,0.520287
0,4.44753,0.517435
0,4.46851,0.514796
0,4.48949,0.51237
0,4.51047,0.510159
0,4.53145,0.508163
0,4.55242,0.506384
0,4.5734,0.504821
0,4.59438,0.503477
0,4.61536,0.502352
0,4.63634,0.501445
0,4.65732,0.500758
0,4.6783,0.500291
0,4.69928,0.500043
0,4.72026,0.500015
0,4.74123,0.500208
0,4.76221,0.500621
0,4.78319,0.501253
0,4.80417,0.502105
0,4.82515,0.503175
0,4.84613,0.504465
0,4.86711,0.505973
0,4.88809,0.507698
0,4.90907,0.509639
0,4.93005,0.511797
0,4.95102,0.514169
0,4.972,0.516755
0,4.99298,0.519554
0,5.01396,0.522565
0,5.03494,0.525785
0,5.05592,0.529214
0,5.0769,0.53285
0,5.09788,0.536692
0,5.11886,0.540738
0,5.13983,0.544986
0,5.16081,0.549434
0,5.18179,0.554081
0,5.20277,0.558924
0,5.22375,0.56396
0,5.24473,0.569189
0,5.26571,0.574607
0,5.28669,0.580213
0,5.30767,0.586003
0,5.32864,0.591976
0,5.34962,0.598128
0,5.3706,0.604457
0,5.39158,0.61096
0,5.41256,0.617634
0,5.43354,0.624477
0,5.45452,0.631484
0,5.4755,0.638654
0,5.49648,0.645983
0,5.51745,0.653468
0,5.53843,0.661105
0,5.55941,0.668892
0,5.58039,0.676824
0,5.60137,0.684898
0,5.62235,0.693112
0,5.64333,0.70146
0,5.66431,0.709939
0,5.68529,0.718546
0,5.70627,0.727277
0,5.72724,0.736128
0,5.74822,0.745096
0,5.7692,0.754175
0,5.79018,0.763363
0,5.81116,0.772654
0,5.83214,0.782046
0,5.85312,0.791534
0,5.8741,0.801113
0,5.89508,0.81078
0,5.91605,0.82053
0,5.93703,0.83036
0,5.95801,0.840264
0,5.97899,0.850238
0,5.99997,0.860278
0,6.02095,0.870379
0,6.04193,0.880538
0,6.06291,0.890749
0,6.08389,0.901009
0,6.10486,0.911311
0,6.12584,0.921653
0,6.14682,0.93203
0,6.1678,0.942436
0,6.18878,0.952868
0,6.20976,0.96332
0,6.23074,0.973788
0,6.25172,0.984268
0,6.2727,0.994755
0,6.29367,1.00524
0,6.31465,1.01573
0,6.33563,1.02621
0,6.35661,1.03668
0,6.37759,1.04713
0,6.39857,1.05756
0,6.41955,1.06797
0,6.44053,1.07835
0,6.46151,1.08869
0,6.48249,1.09899
0,6.50346,1.10925
0,6.52444,1.11946
0,6.54542,1.12962
0,6.5664,1.13972
0,6.58738,1.14976
0,6.60836,1.15974
0,6.62934,1.16964
0,6.65032,1.17947
0,6.6713,1.18922
0,6.69227,1.19889
0,6.71325,1.20847
0,6.73423,1.21795
0,6.75521,1.22735
0,6.77619,1.23664
0,6.79717,1.24582
0,6.81815,1.2549
0,6.83913,1.26387
0,6.86011,1.27272
0,6.88108,1.28145
0,6.90206,1.29006
0,6.92304,1.29854
0,6.94402,1.30689
0,6.965,1.3151
0,6.98598,1.32318
0,7.00696,1.33111
0,7.02794,1.33889
0,7.04892,1.34653
0,7.06989,1.35402
0,7.09087,1.36135
0,7.11185,1.36852
0,7.13283,1.37552
0,7.15381,1.38237
0,7.17479,1.38904
0,7.19577,1.39554
0,7.21675,1.40187
0,7.23773,1.40802
0,7.2587,1.414
0,7.27968,1.41979
0,7.30066,1.42539
0,7.32164,1.43081
0,7.34262,1.43604
0,7.3636,1.44108
0,7.38458,1.44592
0,7.40556,1.45057
0,7.42654,1.45501
0,7.44752,1.45926
0,7.46849,1.46331
0,7.48947,1.46715
0,7.51045,1.47079
0,7.53143,1.47421
0,7.55241,1.47744
0,7.57339,1.48045
0,7.59437,1.48324
0,7.61535,1.48583
0,7.63633,1.4882
0,7.6573,1.49036
0,7.67828,1.4923
0,7.69926,1.49403
0,7.72024,1.49554
0,7.74122,1.49682
0,7.7622,1.4979
0,7.78318,1.49875
0,7.80416,1.49938
0,7.82514,1.49979
0,7.84611,1.49998
0,7.86709,1.49996
0,7.88807,1.49971
0,7.90905,1.49924
0,7.93003,1.49855
0,7.95101,1.49765
0,7.97199,1.49652
0,7.99297,1.49518
0,8.01395,1.49362
0,8.03492,1.49184
0,8.0559,1.48984
0,8.07688,1.48763
0,8.09786,1.4852
0,8.11884,1.48256
0,8.13982,1.47971
0,8.1608,1.47665
0,8.18178,1.47338
0,8.20276,1.4699
0,8.22374,1.46621
0,8.24471,1.46232
0,8.26569,1.45822
0,8.28667,1.45392
0,8.30765,1.44942
0,8.32863,1.44473
0,8.34961,1.43984
0,8.37059,1.43475
0,8.39157,1.42947
0,8.41255,1.42401
0,8.43352,1.41836
0,8.4545,1.41252
0,8.47548,1.4065
0,8.49646,1.40031
0,8.51744,1.39393
0,8.53842,1.38739
0,8.5594,1.38067
0,8.58038,1.37379
0,8.60136,1.36674
0,8.62233,1.35953
0,8.64331,1.35216
0,8.66429,1.34464
0,8.68527,1.33696
0,8.70625,1.32914
0,8.72723,1.32117
0,8.74821,1.31306
0,8.76919,1.30481
0,8.79017,1.29643
0,8.81114,1.28792
0,8.83212,1.27928
0,8.8531,1.27052
0,8.87408,1.26164
0,8.89506,1.25264
0,8.91604,1.24354
0,8.93702,1.23432
0,8.958,1.22501
0,8.97898,1.21559
0,8.99995,1.20608
0,9.02093,1.19648
0,9.04191,1.18679
0,9.06289,1.17702
0,9.08387,1.16717
0,9.10485,1.15725
0,9.12583,1.14726
0,9.14681,1.1372
0,9.16779,1.12709
0,9.18877,1.11691
0,9.20974,1.10669
0,9.23072,1.09642
0,9.2517,1.08611
0,9.27268,1.07576
0,9.29366,1.06537
0,9.31464,1.05496
0,9.33562,1.04452
0,9.3566,1.03406
0,9.37758,1.02359
0,9.39855,1.01311
0,9.41953,1.00262
0,9.44051,0.992133
0,9.46149,0.981648
0,9.48247,0.97117
0,9.50345,0.960705
0,9.52443,0.950257
0,9.54541,0.939832
0,9.56639,0.929433
0,9.58736,0.919064
0,9.60834,0.908732
0,9.62932,0.898439
0,9.6503,0.888192
0,9.67128,0.877993
0,9.69226,0.867848
0,9.71324,0.857762
0,9.73422,0.847738
0,9.7552,0.837781
0,9.77617,0.827895
0,9.79715,0.818085
0,9.81813,0.808355
0,9.83911,0.79871
0,9.86009,0.789153
0,9.88107,0.779689
0,9.90205,0.770322
0,9.92303,0.761056
0,9.94401,0.751895
0,9.96499,0.742843
0,9.98596,0.733905
0,10.0069,0.725083
0,10.0279,0.716383
0,10.0489,0.707807
0,10.0699,0.69936
0,10.0909,0.691045
0,10.1118,0.682867
0,10.1328,0.674828
0,10.1538,0.666931
0,10.1748,0.659182
0,10.1958,0.651583
0,10.2167,0.644136
0,10.2377,0.636847
0,10.2587,0.629717
0,10.2797,0.62275
0,10.3006,0.61595
0,10.3216,0.609318
0,10.3426,0.602858
0,10.3636,0.596573
0,10.3846,0.590466
0,10.4055,0.584539
0,10.4265,0.578794
0,10.4475,0.573235
0,10.4685,0.567864
0,10.4895,0.562683
0,10.5104,0.557695
0,10.5314,0.552901
0,10.5524,0.548304
0,10.5734,0.543905
0,10.5944,0.539708
0,10.6153,0.535713
0,10.6363,0.531922
0,10.6573,0.528337
0,10.6783,0.52496
0,10.6992,0.521792
0,10.7202,0.518835
0,10.7412,0.516089
0,10.7622,0.513556
0,10.7832,0.511237
0,10.8041,0.509134
0,10.8251,0.507246
0,10.8461,0.505575
0,10.8671,0.504122
0,10.8881,0.502887
0,10.909,0.501871
0,10.93,0.501074
0,10.951,0.500497
0,10.972,0.500139
0,10.993,0.500002
0,11.0139,0.500084
0,11.0349,0.500387
0,11.0559,0.500909
0,11.0769,0.501651
0,11.0978,0.502613
0,11.1188,0.503793
0,11.1398,0.505192
0,11.1608,0.506808
0,11.1818,0.508641
0,11.2027,0.510691
0,11.2237,0.512956
0,11.2447,0.515436
0,11.2657,0.518128
0,11.2867,0.521033
0,11.3076,0.524149
0,11.3286,0.527474
0,11.3496,0.531007
0,11.3706,0.534746
0,11.3916,0.53869
0,11.4125,0.542837
0,11.4335,0.547185
0,11.4545,0.551733
0,11.4755,0.556478
0,11.4964,0.561418
0,11.5174,0.566551
0,11.5384,0.571875
0,11.5594,0.577387
0,11.5804,0.583085
0,11.6013,0.588967
0,11.6223,0.59503
0,11.6433,0.60127
0,11.6643,0.607687
0,11.6853,0.614276
0,11.7062,0.621035
0,11.7272,0.62796
0,11.7482,0.635049
0,11.7692,0.642299
0,11.7902,0.649706
0,11.8111,0.657268
0,11.8321,0.66498
0,11.8531,0.67284
0,11.8741,0.680844
0,11.895,0.688988
0,11.916,0.697269
0,11.937,0.705683
0,11.958,0.714227
0,11.979,0.722897
0,11.9999,0.731688
0,12.0209,0.740598
0,12.0419,0.749622
0,12.0629,0.758756
0,12.0839,0.767996
0,12.1048,0.777338
0,12.1258,0.786778
0,12.1468,0.796312
0,12.1678,0.805936
0,12.1888,0.815645
0,12.2097,0.825435
0,12.2307,0.835303
0,12.2517,0.845242
0,12.2727,0.85525
0,12.2936,0.865321
0,12.3146,0.875452
0,12.3356,0.885637
0,12.3566,0.895873
0,12.3776,0.906155
0,12.3985,0.916478
0,12.4195,0.926837
0,12.4405,0.937229
0,12.4615,0.947649
0,12.4825,0.958091
0,12.5034,0.968552
0,12.5244,0.979027
0,12.5454,0.989511
0,12.5664,1
0.5,0,0.799167
0.5,0.0209789,0.806856
0.5,0.0419578,0.814682
0.5,0.0629367,0.82246
0.5,0.0839157,0.830408
0.5,0.104895,0.838264
0.5,0.125873,0.846335
0.5,0.146852,0.854261
0.5,0.167831,0.862458
0.5,0.18881,0.870445
0.5,0.209789,0.878768
0.5,0.230768,0.886806
0.5,0.251747,0.895255
0.5,0.272726,0.903337
0.5,0.293705,0.911908
0.5,0.314684,0.920025
0.5,0.335663,0.928711
0.5,0.356642,0.936854
0.5,0.37762,0.945641
0.5,0.398599,0.953806
0.5,0.419578,0.962674
0.5,0.440557,0.970853
0.5,0.461536,0.97978
0.5,0.482515,0.987967
0.5,0.503494,0.996924
0.5,0.524473,1.00511
0.5,0.545452,1.01407
0.5,0.566431,1.02226
0.5,0.58741,1.03118
0.5,0.608389,1.03937
0.5,0.629367,1.04823
0.5,0.650346,1.0564
0.5,0.671325,1.06518
0.5,0.692304,1.07333
0.5,0.713283,1.082
0.5,0.734262,1.09013
0.5,0.755241,1.09868
0.5,0.77622,1.10677
0.5,0.797199,1.11521
0.5,0.818178,1.12325
0.5,0.839157,1.13156
0.5,0.860136,1.13955
0.5,0.881114,1.14773
0.5,0.902093,1.15566
0.5,0.923072,1.16372
0.5,0.944051,1.17158
0.5,0.96503,1.17951
0.5,0.986009,1.1873
0.5,1.00699,1.19511
0.5,1.02797,1.2028
0.5,1.04895,1.2105
0.5,1.06992,1.2181
0.5,1.0909,1.22567
0.5,1.11188,1.23316
0.5,1.13286,1.24061
0.5,1.15384,1.24799
0.5,1.17482,1.25531
0.5,1.1958,1.26257
0.5,1.21678,1.26976
0.5,1.23776,1.27688
0.5,1.25873,1.28393
0.5,1.27971,1.2909
0.5,1.30069,1.29781
0.5,1.32167,1.30463
0.5,1.34265,1.31138
0.5,1.36363,1.31804
0.5,1.38461,1.32462
0.5,1.40559,1.33111
0.5,1.42657,1.33752
0.5,1.44755,1.34383
0.5,1.46852,1.35005
0.5,1.4895,1.35617
0.5,1.51048,1.36219
0.5,1.53146,1.36812
0.5,1.55244,1.37394
0.5,1.57342,1.37965
0.5,1.5944,1.38525
0.5,1.61538,1.39074
0.5,1.63636,1.39612
0.5,1.65733,1.40138
0.5,1.67831,1.40652
0.5,1.69929,1.41154
0.5,1.72027,1.41644
0.5,1.74125,1.4212
0.5,1.76223,1.42584
0.5,1.78321,1.43034
0.5,1.80419,1.4347
0.5,1.82517,1.43893
0.5,1.84614,1.44301
0.5,1.86712,1.44695
0.5,1.8881,1.45073
0.5,1.90908,1.45437
0.5,1.93006,1.45785
0.5,1.95104,1.46118
0.5,1.97202,1.46434
0.5,1.993,1.46734
0.5,2.01398,1.47017
0.5,2.03495,1.47283
0.5,2.05593,1.47532
0.5,2.07691,1.47763
0.5,2.09789,1.47976
0.5,2.11887,1.48171
0.5,2.13985,1.48347
0.5,2.16083,1.48504
0.5,2.18181,1.48642
0.5,2.20279,1.4876
0.5,2.22377,1.48858
0.5,2.24474,1.48936
0.5,2.26572,1.48993
0.5,2.2867,1.49029
0.5,2.30768,1.49043
0.5,2.32866,1.49036
0.5,2.34964,1.49007
0.5,2.37062,1.48956
0.5,2.3916,1.48882
0.5,2.41258,1.48785
0.5,2.43355,1.48664
0.5,2.45453,1.4852
0.5,2.47551,1.48352
0.5,2.49649,1.4816
0.5,2.51747,1.47943
0.5,2.53845,1.47702
0.5,2.55943,1.47435
0.5,2.58041,1.47142
0.5,2.60139,1.46824
0.5,2.62236,1.46481
0.5,2.64334,1.46111
0.5,2.66432,1.45714
0.5,2.6853,1.45291
0.5,2.70628,1.44841
0.5,2.72726,1.44364
0.5,2.74824,1.4386
0.5,2.76922,1.43329
0.5,2.7902,1.4277
0.5,2.81117,1.42183
0.5,2.83215,1.41569
0.5,2.85313,1.40928
0.5,2.87411,1.40259
0.5,2.89509,1.39562
0.5,2.91607,1.38837
0.5,2.93705,1.38085
0.5,2.95803,1.37305
0.5,2.97901,1.36498
0.5,2.99998,1.35664
0.5,3.02096,1.34803
0.5,3.04194,1.33916
0.5,3.06292,1.33002
0.5,3.0839,1.32062
0.5,3.10488,1.31096
0.5,3.12586,1.30106
0.5,3.14684,1.2909
0.5,3.16782,1.2805
0.5,3.1888,1.26987
0.5,3.20977,1.25901
0.5,3.23075,1.24792
0.5,3.25173,1.23662
0.5,3.27271,1.22511
0.5,3.29369,1.2134
0.5,3.31467,1.20149
0.5,3.33565,1.18941
0.5,3.35663,1.17715
0.5,3.37761,1.16473
0.5,3.39858,1.15215
0.5,3.41956,1.13944
0.5,3.44054,1.12659
0.5,3.46152,1.11362
0.5,3.4825,1.10055
0.5,3.50348,1.08738
0.5,3.52446,1.07412
0.5,3.54544,1.0608
0.5,3.56642,1.04742
0.5,3.58739,1.034
0.5,3.60837,1.02054
0.5,3.62935,1.00707
0.5,3.65033,0.993587
0.5,3.67131,0.980116
0.5,3.69229,0.966668
0.5,3.71327,0.953254
0.5,3.73425,0.939887
0.5,3.75523,0.926582
0.5,3.7762,0.91335
0.5,3.79718,0.900204
0.5,3.81816,0.887157
0.5,3.83914,0.874219
0.5,3.86012,0.861403
0.5,3.8811,0.848721
0.5,3.90208,0.836182
0.5,3.92306,0.823798
0.5,3.94404,0.811578
0.5,3.96502,0.799533
0.5,3.98599,0.787672
0.5,4.00697,0.776003
0.5,4.02795,0.764534
0.5,4.04893,0.753275
0.5,4.06991,0.742231
0.5,4.09089,0.73141
0.5,4.11187,0.720819
0.5,4.13285,0.710463
0.5,4.15383,0.700348
0.5,4.1748,0.690479
0.5,4.19578,0.68086
0.5,4.21676,0.671496
0.5,4.23774,0.66239
0.5,4.25872,0.653546
0.5,4.2797,0.644966
0.5,4.30068,0.636653
0.5,4.32166,0.628608
0.5,4.34264,0.620835
0.5,4.36361,0.613333
0.5,4.38459,0.606104
0.5,4.40557,0.599149
0.5,4.42655,0.592467
0.5,4.44753,0.58606
0.5,4.46851,0.579926
0.5,4.48949,0.574065
0.5,4.51047,0.568477
0.5,4.53145,0.563161
0.5,4.55242,0.558114
0.5,4.5734,0.553337
0.5,4.59438,0.548827
0.5,4.61536,0.544583
0.5,4.63634,0.540602
0.5,4.65732,0.536882
0.5,4.6783,0.533422
0.5,4.69928,0.530219
0.5,4.72026,0.527271
0.5,4.74123,0.524574
0.5,4.76221,0.522127
0.5,4.78319,0.519926
0.5,4.80417,0.517969
0.5,4.82515,0.516252
0.5,4.84613,0.514773
0.5,4.86711,0.513529
0.5,4.88809,0.512516
0.5,4.90907,0.511732
0.5,4.93005,0.511173
0.5,4.95102,0.510836
0.5,4.972,0.510717
0.5,4.99298,0.510815
0.5,5.01396,0.511125
0.5,5.03494,0.511643
0.5,5.05592,0.512368
0.5,5.0769,0.513295
0.5,5.09788,0.514422
0.5,5.11886,0.515744
0.5,5.13983,0.517259
0.5,5.16081,0.518964
0.5,5.18179,0.520854
0.5,5.20277,0.522928
0.5,5.22375,0.525181
0.5,5.24473,0.527611
0.5,5.26571,0.530214
0.5,5.28669,0.532987
0.5,5.30767,0.535928
0.5,5.32864,0.539032
0.5,5.34962,0.542297
0.5,5.3706,0.54572
0.5,5.39158,0.549297
0.5,5.41256,0.553027
0.5,5.43354,0.556904
0.5,5.45452,0.560928
0.5,5.4755,0.565094
0.5,5.49648,0.5694
0.5,5.51745,0.573843
0.5,5.53843,0.578421
0.5,5.55941,0.583129
0.5,5.58039,0.587966
0.5,5.60137,0.592929
0.5,5.62235,0.598014
0.5,5.64333,0.60322
0.5,5.66431,0.608543
0.5,5.68529,0.613982
0.5,5.70627,0.619532
0.5,5.72724,0.625192
0.5,5.74822,0.630959
0.5,5.7692,0.636831
0.5,5.79018,0.642805
0.5,5.81116,0.648878
0.5,5.83214,0.655048
0.5,5.85312,0.661313
0.5,5.8741,0.667669
0.5,5.89508,0.674116
0.5,5.91605,0.68065
0.5,5.93703,0.687268
0.5,5.95801,0.69397
0.5,5.97899,0.700751
0.5,5.99997,0.707611
0.5,6.02095,0.714546
0.5,6.04193,0.721555
0.5,6.06291,0.728635
0.5,6.08389,0.735784
0.5,6.10486,0.743
0.5,6.12584,0.750281
0.5,6.14682,0.757624
0.5,6.1678,0.765027
0.5,6.18878,0.772488
0.5,6.20976,0.780006
0.5,6.23074,0.787577
0.5,6.25172,0.795201
0.5,6.2727,0.802874
0.5,6.29367,0.810595
0.5,6.31465,0.818362
0.5,6.33563,0.826172
0.5,6.35661,0.834024
0.5,6.37759,0.841916
0.5,6.39857,0.849846
0.5,6.41955,0.857811
0.5,6.44053,0.86581
0.5,6.46151,0.87384
0.5,6.48249,0.881901
0.5,6.50346,0.889989
0.5,6.52444,0.898103
0.5,6.54542,0.906241
0.5,6.5664,0.914401
0.5,6.58738,0.922581
0.5,6.60836,0.93078
0.5,6.62934,0.938994
0.5,6.65032,0.947223
0.5,6.6713,0.955465
0.5,6.69227,0.963717
0.5,6.71325,0.971977
0.5,6.73423,0.980244
0.5,6.75521,0.988517
0.5,6.77619,0.996792
0.5,6.79717,1.00507
0.5,6.81815,1.01334
0.5,6.83913,1.02162
0.5,6.86011,1.02988
0.5,6.88108,1.03815
0.5,6.90206,1.0464
0.5,6.92304,1.05464
0.5,6.94402,1.06287
0.5,6.965,1.07109
0.5,6.98598,1.07929
0.5,7.00696,1.08747
0.5,7.02794,1.09563
0.5,7.04892,1.10377
0.5,7.06989,1.11189
0.5,7.09087,1.11998
0.5,7.11185,1.12805
0.5,7.13283,1.13608
0.5,7.15381,1.14408
0.5,7.17479,1.15205
0.5,7.19577,1.15998
0.5,7.21675,1.16788
0.5,7.23773,1.17574
0.5,7.2587,1.18355
0.5,7.27968,1.19132
0.5,7.30066,1.19905
0.5,7.32164,1.20672
0.5,7.34262,1.21435
0.5,7.3636,1.22193
0.5,7.38458,1.22945
0.5,7.40556,1.23692
0.5,7.42654,1.24432
0.5,7.44752,1.25167
0.5,7.46849,1.25896
0.5,7.48947,1.26618
0.5,7.51045,1.27333
0.5,7.53143,1.28041
0.5,7.55241,1.28743
0.5,7.57339,1.29437
0.5,7.59437,1.30123
0.5,7.61535,1.30801
0.5,7.63633,1.31472
0.5,7.6573,1.32134
0.5,7.67828,1.32788
0.5,7.69926,1.33432
0.5,7.72024,1.34068
0.5,7.74122,1.34695
0.5,7.7622,1.35312
0.5,7.78318,1.35919
0.5,7.80416,1.36517
0.5,7.82514,1.37104
0.5,7.84611,1.37681
0.5,7.86709,1.38246
0.5,7.88807,1.38801
0.5,7.90905,1.39345
0.5,7.93003,1.39877
0.5,7.95101,1.40397
0.5,7.97199,1.40905
0.5,7.99297,1.41401
0.5,8.01395,1.41884
0.5,8.03492,1.42354
0.5,8.0559,1.4281
0.5,8.07688,1.43254
0.5,8.09786,1.43683
0.5,8.11884,1.44099
0.5,8.13982,1.445
0.5,8.1608,1.44886
0.5,8.18178,1.45257
0.5,8.20276,1.45613
0.5,8.22374,1.45953
0.5,8.24471,1.46278
0.5,8.26569,1.46586
0.5,8.28667,1.46878
0.5,8.30765,1.47152
0.5,8.32863,1.4741
0.5,8.34961,1.4765
0.5,8.37059,1.47872
0.5,8.39157,1.48076
0.5,8.41255,1.48261
0.5,8.43352,1.48428
0.5,8.4545,1.48576
0.5,8.47548,1.48703
0.5,8.49646,1.48812
0.5,8.51744,1.48899
0.5,8.53842,1.48967
0.5,8.5594,1.49013
0.5,8.58038,1.49039
0.5,8.60136,1.49043
0.5,8.62233,1.49025
0.5,8.64331,1.48984
0.5,8.66429,1.48922
0.5,8.68527,1.48836
0.5,8.70625,1.48728
0.5,8.72723,1.48595
0.5,8.74821,1.48439
0.5,8.76919,1.48259
0.5,8.79017,1.48055
0.5,8.81114,1.47825
0.5,8.83212,1.47571
0.5,8.8531,1.47292
0.5,8.87408,1.46987
0.5,8.89506,1.46656
0.5,8.91604,1.46299
0.5,8.93702,1.45916
0.5,8.958,1.45506
0.5,8.97898,1.45069
0.5,8.99995,1.44606
0.5,9.02093,1.44115
0.5,9.04191,1.43598
0.5,9.06289,1.43053
0.5,9.08387,1.4248
0.5,9.10485,1.4188
0.5,9.12583,1.41252
0.5,9.14681,1.40597
0.5,9.16779,1.39914
0.5,9.18877,1.39203
0.5,9.20974,1.38464
0.5,9.23072,1.37699
0.5,9.2517,1.36905
0.5,9.27268,1.36085
0.5,9.29366,1.35237
0.5,9.31464,1.34363
0.5,9.33562,1.33462
0.5,9.3566,1.32535
0.5,9.37758,1.31582
0.5,9.39855,1.30604
0.5,9.41953,1.29601
0.5,9.44051,1.28573
0.5,9.46149,1.27522
0.5,9.48247,1.26447
0.5,9.50345,1.25349
0.5,9.52443,1.2423
0.5,9.54541,1.23089
0.5,9.56639,1.21928
0.5,9.58736,1.20747
0.5,9.60834,1.19547
0.5,9.62932,1.1833
0.5,9.6503,1.17096
0.5,9.67128,1.15846
0.5,9.69226,1.14581
0.5,9.71324,1.13303
0.5,9.73422,1.12012
0.5,9.7552,1.1071
0.5,9.77617,1.09397
0.5,9.79715,1.08076
0.5,9.81813,1.06747
0.5,9.83911,1.05412
0.5,9.86009,1.04071
0.5,9.88107,1.02727
0.5,9.90205,1.0138
0.5,9.92303,1.00033
0.5,9.94401,0.98685
0.5,9.96499,0.973388
0.5,9.98596,0.959955
0.5,10.0069,0.946564
0.5,10.0279,0.933226
0.5,10.0489,0.919956
0.5,10.0699,0.906766
0.5,10.0909,0.893667
0.5,10.1118,0.880673
0.5,10.1328,0.867795
0.5,10.1538,0.855045
0.5,10.1748,0.842433
0.5,10.1958,0.82997
0.5,10.2167,0.817667
0.5,10.2377,0.805533
0.5,10.2587,0.793579
0.5,10.2797,0.781813
0.5,10.3006,0.770243
0.5,10.3216,0.758878
0.5,10.3426,0.747726
0.5,10.3636,0.736793
0.5,10.3846,0.726086
0.5,10.4055,0.715611
0.5,10.4265,0.705375
0.5,10.4475,0.695383
0.5,10.4685,0.685638
0.5,10.4895,0.676146
0.5,10.5104,0.666911
0.5,10.5314,0.657935
0.5,10.5524,0.649223
0.5,10.5734,0.640776
0.5,10.5944,0.632597
0.5,10.6153,0.624688
0.5,10.6363,0.61705
0.5,10.6573,0.609684
0.5,10.6783,0.602592
0.5,10.6992,0.595774
0.5,10.7202,0.589229
0.5,10.7412,0.582959
0.5,10.7622,0.576961
0.5,10.7832,0.571237
0.5,10.8041,0.565785
0.5,10.8251,0.560604
0.5,10.8461,0.555692
0.5,10.8671,0.551049
0.5,10.8881,0.546672
0.5,10.909,0.542559
0.5,10.93,0.53871
0.5,10.951,0.53512
0.5,10.972,0.531789
0.5,10.993,0.528714
0.5,11.0139,0.525891
0.5,11.0349,0.52332
0.5,11.0559,0.520996
0.5,11.0769,0.518917
0.5,11.0978,0.51708
0.5,11.1188,0.515483
0.5,11.1398,0.514122
0.5,11.1608,0.512994
0.5,11.1818,0.512095
0.5,11.2027,0.511424
0.5,11.2237,0.510976
0.5,11.2447,0.510749
0.5,11.2657,0.510739
0.5,11.2867,0.510943
0.5,11.3076,0.511358
0.5,11.3286,0.51198
0.5,11.3496,0.512807
0.5,11.3706,0.513834
0.5,11.3916,0.515059
0.5,11.4125,0.516478
0.5,11.4335,0.518088
0.5,11.4545,0.519886
0.5,11.4755,0.521868
0.5,11.4964,0.524032
0.5,11.5174,0.526374
0.5,11.5384,0.528891
0.5,11.5594,0.53158
0.5,11.5804,0.534437
0.5,11.6013,0.53746
0.5,11.6223,0.540645
0.5,11.6433,0.543989
0.5,11.6643,0.54749
0.5,11.6853,0.551143
0.5,11.7062,0.554947
0.5,11.7272,0.558898
0.5,11.7482,0.562993
0.5,11.7692,0.56723
0.5,11.7902,0.571605
0.5,11.8111,0.576115
0.5,11.8321,0.580759
0.5,11.8531,0.585532
0.5,11.8741,0.590432
0.5,11.895,0.595456
0.5,11.916,0.600602
0.5,11.937,0.605867
0.5,11.958,0.611248
0.5,11.979,0.616743
0.5,11.9999,0.622349
0.5,12.0209,0.628063
0.5,12.0419,0.633882
0.5,12.0629,0.639805
0.5,12.0839,0.645829
0.5,12.1048,0.651951
0.5,12.1258,0.658169
0.5,12.1468,0.66448
0.5,12.1678,0.670882
0.5,12.1888,0.677373
0.5,12.2097,0.68395
0.5,12.2307,0.69061
0.5,12.2517,0.697353
0.5,12.2727,0.704174
0.5,12.2936,0.711075
0.5,12.3146,0.718047
0.5,12.3356,0.725096
0.5,12.3566,0.73221
0.5,12.3776,0.739402
0.5,12.3985,0.746649
0.5,12.4195,0.753975
0.5,12.4405,0.761346
0.5,12.4615,0.768802
0.5,12.4825,0.776289
0.5,12.5034,0.78387
0.5,12.5244,0.791463
0.5,12.5454,0.799167
0.5,12.5664,0.806856
1,0,0.685213
1,0.0209789,0.690851
1,0.0419578,0.696554
1,0.0629367,0.702298
1,0.0839157,0.70811
1,0.104895,0.713954
1,0.125873,0.719868
1,0.146852,0.725807
1,0.167831,0.731819
1,0.18881,0.737846
1,0.209789,0.743952
1,0.230768,0.750062
1,0.251747,0.756259
1,0.272726,0.762445
1,0.293705,0.76873
1,0.314684,0.774988
1,0.335663,0.781358
1,0.356642,0.787681
1,0.37762,0.794133
1,0.398599,0.800517
1,0.419578,0.80705
1,0.440557,0.813489
1,0.461536,0.8201
1,0.482515,0.826589
1,0.503494,0.833276
1,0.524473,0.839811
1,0.545452,0.846571
1,0.566431,0.853147
1,0.58741,0.859978
1,0.608389,0.86659
1,0.629367,0.873489
1,0.650346,0.880133
1,0.671325,0.887097
1,0.692304,0.893769
1,0.713283,0.900794
1,0.734262,0.907489
1,0.755241,0.914569
1,0.77622,0.921284
1,0.797199,0.928414
1,0.818178,0.935146
1,0.839157,0.942319
1,0.860136,0.949064
1,0.881114,0.956273
1,0.902093,0.963028
1,0.923072,0.970264
1,0.944051,0.977026
1,0.96503,0.984281
1,0.986009,0.991048
1,1.00699,0.998311
1,1.02797,1.00508
1,1.04895,1.01234
1,1.06992,1.01911
1,1.0909,1.02637
1,1.11188,1.03313
1,1.13286,1.04036
1,1.15384,1.04712
1,1.17482,1.05433
1,1.1958,1.06108
1,1.21678,1.06825
1,1.23776,1.07498
1,1.25873,1.08211
1,1.27971,1.08883
1,1.30069,1.0959
1,1.32167,1.1026
1,1.34265,1.10962
1,1.36363,1.1163
1,1.38461,1.12326
1,1.40559,1.12991
1,1.42657,1.1368
1,1.44755,1.14342
1,1.46852,1.15024
1,1.4895,1.15683
1,1.51048,1.16358
1,1.53146,1.17012
1,1.55244,1.1768
1,1.57342,1.1833
1,1.5944,1.1899
1,1.61538,1.19635
1,1.63636,1.20287
1,1.65733,1.20926
1,1.67831,1.21571
1,1.69929,1.22204
1,1.72027,1.2284
1,1.74125,1.23467
1,1.76223,1.24094
1,1.78321,1.24714
1,1.80419,1.25333
1,1.82517,1.25945
1,1.84614,1.26555
1,1.86712,1.27158
1,1.8881,1.27759
1,1.90908,1.28354
1,1.93006,1.28945
1,1.95104,1.2953
1,1.97202,1.30111
1,1.993,1.30686
1,2.01398,1.31256
1,2.03495,1.3182
1,2.05593,1.32379
1,2.07691,1.32932
1,2.09789,1.33479
1,2.11887,1.3402
1,2.13985,1.34555
1,2.16083,1.35083
1,2.18181,1.35604
1,2.20279,1.36118
1,2.22377,1.36626
1,2.24474,1.37126
1,2.26572,1.37619
1,2.2867,1.38104
1,2.30768,1.38581
1,2.32866,1.3905
1,2.34964,1.39511
1,2.37062,1.39963
1,2.3916,1.40406
1,2.41258,1.40841
1,2.43355,1.41266
1,2.45453,1.41681
1,2.47551,1.42087
1,2.49649,1.42483
1,2.51747,1.42868
1,2.53845,1.43242
1,2.55943,1.43606
1,2.58041,1.43958
1,2.60139,1.44299
1,2.62236,1.44628
1,2.64334,1.44945
1,2.66432,1.45249
1,2.6853,1.4554
1,2.70628,1.45817
1,2.72726,1.46081
1,2.74824,1.46331
1,2.76922,1.46566
1,2.7902,1.46787
1,2.81117,1.46992
1,2.83215,1.47181
1,2.85313,1.47353
1,2.87411,1.47509
1,2.89509,1.47648
1,2.91607,1.47769
1,2.93705,1.47871
1,2.95803,1.47955
1,2.97901,1.48019
1,2.99998,1.48062
1,3.02096,1.48086
1,3.04194,1.48087
1,3.06292,1.48067
1,3.0839,1.48024
1,3.10488,1.47958
1,3.12586,1.47867
1,3.14684,1.47752
1,3.16782,1.47611
1,3.1888,1.47443
1,3.20977,1.47248
1,3.23075,1.47025
1,3.25173,1.46773
1,3.27271,1.46491
1,3.29369,1.46178
1,3.31467,1.45834
1,3.33565,1.45456
1,3.35663,1.45045
1,3.37761,1.44599
1,3.39858,1.44117
1,3.41956,1.43598
1,3.44054,1.43042
1,3.46152,1.42446
1,3.4825,1.41811
1,3.50348,1.41134
1,3.52446,1.40415
1,3.54544,1.39654
1,3.56642,1.38849
1,3.58739,1.37998
1,3.60837,1.37102
1,3.62935,1.3616
1,3.65033,1.3517
1,3.67131,1.34133
1,3.69229,1.33047
1,3.71327,1.31913
1,3.73425,1.30731
1,3.75523,1.295
1,3.7762,1.2822
1,3.79718,1.26893
1,3.81816,1.25518
1,3.83914,1.24097
1,3.86012,1.2263
1,3.8811,1.2112
1,3.90208,1.19569
1,3.92306,1.17977
1,3.94404,1.16348
1,3.96502,1.14685
1,3.98599,1.1299
1,4.00697,1.11266
1,4.02795,1.09518
1,4.04893,1.07749
1,4.06991,1.05962
1,4.09089,1.04162
1,4.11187,1.02353
1,4.13285,1.0054
1,4.15383,0.987271
1,4.1748,0.96918
1,4.19578,0.951174
1,4.21676,0.933295
1,4.23774,0.915584
1,4.25872,0.898079
1,4.2797,0.880818
1,4.30068,0.863834
1,4.32166,0.84716
1,4.34264,0.830825
1,4.36361,0.814854
1,4.38459,0.799272
1,4.40557,0.784098
1,4.42655,0.769351
1,4.44753,0.755044
1,4.46851,0.741189
1,4.48949,0.727797
1,4.51047,0.714873
1,4.53145,0.702422
1,4.55242,0.690447
1,4.5734,0.678948
1,4.59438,0.667924
1,4.61536,0.657373
1,4.63634,0.64729
1,4.65732,0.63767
1,4.6783,0.628507
1,4.69928,0.619794
1,4.72026,0.611523
1,4.74123,0.603686
1,4.76221,0.596274
1,4.78319,0.589277
1,4.80417,0.582687
1,4.82515,0.576493
1,4.84613,0.570685
1,4.86711,0.565255
1,4.88809,0.560191
1,4.90907,0.555484
1,4.93005,0.551125
1,4.95102,0.547103
1,4.972,0.543409
1,4.99298,0.540034
1,5.01396,0.536968
1,5.03494,0.534203
1,5.05592,0.53173
1,5.0769,0.52954
1,5.09788,0.527625
1,5.11886,0.525977
1,5.13983,0.524588
1,5.16081,0.52345
1,5.18179,0.522556
1,5.20277,0.5219
1,5.22375,0.521472
1,5.24473,0.521268
1,5.26571,0.521281
1,5.28669,0.521503
1,5.30767,0.52193
1,5.32864,0.522555
1,5.34962,0.523372
1,5.3706,0.524377
1,5.39158,0.525562
1,5.41256,0.526924
1,5.43354,0.528458
1,5.45452,0.530158
1,5.4755,0.532019
1,5.49648,0.534038
1,5.51745,0.536209
1,5.53843,0.538529
1,5.55941,0.540994
1,5.58039,0.543599
1,5.60137,0.54634
1,5.62235,0.549214
1,5.64333,0.552217
1,5.66431,0.555346
1,5.68529,0.558597
1,5.70627,0.561967
1,5.72724,0.565452
1,5.74822,0.56905
1,5.7692,0.572758
1,5.79018,0.576572
1,5.81116,0.580489
1,5.83214,0.584508
1,5.85312,0.588625
1,5.8741,0.592837
1,5.89508,0.597142
1,5.91605,0.601538
1,5.93703,0.606022
1,5.95801,0.610592
1,5.97899,0.615246
1,5.99997,0.61998
1,6.02095,0.624794
1,6.04193,0.629685
1,6.06291,0.634651
1,6.08389,0.639689
1,6.10486,0.644799
1,6.12584,0.649977
1,6.14682,0.655223
1,6.1678,0.660534
1,6.18878,0.665908
1,6.20976,0.671344
1,6.23074,0.676841
1,6.25172,0.682395
1,6.2727,0.688007
1,6.29367,0.693673
1,6.31465,0.699394
1,6.33563,0.705166
1,6.35661,0.710989
1,6.37759,0.716861
1,6.39857,0.72278
1,6.41955,0.728746
1,6.44053,0.734756
1,6.46151,0.74081
1,6.48249,0.746906
1,6.50346,0.753043
1,6.52444,0.759219
1,6.54542,0.765433
1,6.5664,0.771684
1,6.58738,0.777971
1,6.60836,0.784292
1,6.62934,0.790647
1,6.65032,0.797034
1,6.6713,0.803451
1,6.69227,0.809899
1,6.71325,0.816374
1,6.73423,0.822878
1,6.75521,0.829408
1,6.77619,0.835963
1,6.79717,0.842542
1,6.81815,0.849144
1,6.83913,0.855769
1,6.86011,0.862414
1,6.88108,0.86908
1,6.90206,0.875764
1,6.92304,0.882466
1,6.94402,0.889186
1,6.965,0.895921
1,6.98598,0.902671
1,7.00696,0.909435
1,7.02794,0.916212
1,7.04892,0.923001
1,7.06989,0.929801
1,7.09087,0.936611
1,7.11185,0.94343
1,7.13283,0.950257
1,7.15381,0.957091
1,7.17479,0.963932
1,7.19577,0.970778
1,7.21675,0.977628
1,7.23773,0.984482
1,7.2587,0.991338
1,7.27968,0.998195
1,7.30066,1.00505
1,7.32164,1.01191
1,7.34262,1.01877
1,7.3636,1.02562
1,7.38458,1.03247
1,7.40556,1.03932
1,7.42654,1.04616
1,7.44752,1.053
1,7.46849,1.05983
1,7.48947,1.06665
1,7.51045,1.07346
1,7.53143,1.08026
1,7.55241,1.08705
1,7.57339,1.09383
1,7.59437,1.1006
1,7.61535,1.10735
1,7.63633,1.11409
1,7.6573,1.12081
1,7.67828,1.12752
1,7.69926,1.1342
1,7.72024,1.14087
1,7.74122,1.14752
1,7.7622,1.15415
1,7.78318,1.16076
1,7.80416,1.16734
1,7.82514,1.1739
1,7.84611,1.18043
1,7.86709,1.18694
1,7.88807,1.19342
1,7.90905,1.19987
1,7.93003,1.20629
1,7.95101,1.21268
1,7.97199,1.21904
1,7.99297,1.22537
1,8.01395,1.23166
1,8.03492,1.23792
1,8.0559,1.24414
1,8.07688,1.25032
1,8.09786,1.25646
1,8.11884,1.26256
1,8.13982,1.26862
1,8.1608,1.27463
1,8.18178,1.2806
1,8.20276,1.28653
1,8.22374,1.2924
1,8.24471,1.29823
1,8.26569,1.304
1,8.28667,1.30973
1,8.30765,1.3154
1,8.32863,1.32101
1,8.34961,1.32657
1,8.37059,1.33207
1,8.39157,1.33751
1,8.41255,1.34288
1,8.43352,1.3482
1,8.4545,1.35344
1,8.47548,1.35862
1,8.49646,1.36373
1,8.51744,1.36877
1,8.53842,1.37373
1,8.5594,1.37862
1,8.58038,1.38343
1,8.60136,1.38816
1,8.62233,1.39281
1,8.64331,1.39738
1,8.66429,1.40186
1,8.68527,1.40625
1,8.70625,1.41054
1,8.72723,1.41475
1,8.74821,1.41885
1,8.76919,1.42286
1,8.79017,1.42677
1,8.81114,1.43056
1,8.83212,1.43426
1,8.8531,1.43784
1,8.87408,1.4413
1,8.89506,1.44465
1,8.91604,1.44788
1,8.93702,1.45098
1,8.958,1.45396
1,8.97898,1.4568
1,8.99995,1.45951
1,9.02093,1.46208
1,9.04191,1.46451
1,9.06289,1.46678
1,9.08387,1.46891
1,9.10485,1.47088
1,9.12583,1.47269
1,9.14681,1.47433
1,9.16779,1.47581
1,9.18877,1.47711
1,9.20974,1.47822
1,9.23072,1.47915
1,9.2517,1.47989
1,9.27268,1.48043
1,9.29366,1.48077
1,9.31464,1.48089
1,9.33562,1.4808
1,9.3566,1.48049
1,9.37758,1.47994
1,9.39855,1.47916
1,9.41953,1.47813
1,9.44051,1.47685
1,9.46149,1.4753
1,9.48247,1.47349
1,9.50345,1.4714
1,9.52443,1.46903
1,9.54541,1.46636
1,9.56639,1.46339
1,9.58736,1.4601
1,9.60834,1.45649
1,9.62932,1.45255
1,9.6503,1.44826
1,9.67128,1.44362
1,9.69226,1.43862
1,9.71324,1.43325
1,9.73422,1.42749
1,9.7552,1.42133
1,9.77617,1.41477
1,9.79715,1.4078
1,9.81813,1.4004
1,9.83911,1.39257
1,9.86009,1.38429
1,9.88107,1.37556
1,9.90205,1.36637
1,9.92303,1.35671
1,9.94401,1.34658
1,9.96499,1.33596
1,9.98596,1.32487
1,10.0069,1.31328
1,10.0279,1.30121
1,10.0489,1.28866
1,10.0699,1.27562
1,10.0909,1.26211
1,10.1118,1.24813
1,10.1328,1.23369
1,10.1538,1.21881
1,10.1748,1.2035
1,10.1958,1.18778
1,10.2167,1.17167
1,10.2377,1.15521
1,10.2587,1.13841
1,10.2797,1.12131
1,10.3006,1.10395
1,10.3216,1.08636
1,10.3426,1.06857
1,10.3636,1.05063
1,10.3846,1.03259
1,10.4055,1.01447
1,10.4265,0.996334
1,10.4475,0.978217
1,10.4685,0.960164
1,10.4895,0.942216
1,10.5104,0.924416
1,10.5314,0.906804
1,10.5524,0.889416
1,10.5734,0.872289
1,10.5944,0.855456
1,10.6153,0.838948
1,10.6363,0.822792
1,10.6573,0.807013
1,10.6783,0.791633
1,10.6992,0.77667
1,10.7202,0.762141
1,10.7412,0.748059
1,10.7622,0.734435
1,10.7832,0.721276
1,10.8041,0.708588
1,10.8251,0.696375
1,10.8461,0.684638
1,10.8671,0.673377
1,10.8881,0.66259
1,10.909,0.652273
1,10.93,0.642422
1,10.951,0.633032
1,10.972,0.624095
1,10.993,0.615604
1,11.0139,0.607551
1,11.0349,0.599927
1,11.0559,0.592724
1,11.0769,0.585932
1,11.0978,0.579541
1,11.1188,0.573541
1,11.1398,0.567924
1,11.1608,0.562678
1,11.1818,0.557794
1,11.2027,0.553262
1,11.2237,0.549072
1,11.2447,0.545215
1,11.2657,0.541682
1,11.2867,0.538463
1,11.3076,0.535549
1,11.3286,0.532931
1,11.3496,0.5306
1,11.3706,0.528549
1,11.3916,0.526768
1,11.4125,0.525251
1,11.4335,0.523988
1,11.4545,0.522973
1,11.4755,0.522199
1,11.4964,0.521658
1,11.5174,0.521343
1,11.5384,0.521248
1,11.5594,0.521366
1,11.5804,0.521692
1,11.6013,0.522218
1,11.6223,0.52294
1,11.6433,0.523852
1,11.6643,0.524947
1,11.6853,0.526222
1,11.7062,0.52767
1,11.7272,0.529287
1,11.7482,0.531068
1,11.7692,0.533009
1,11.7902,0.535105
1,11.8111,0.537351
1,11.8321,0.539744
1,11.8531,0.542279
1,11.8741,0.544952
1,11.895,0.547761
1,11.916,0.5507
1,11.937,0.553766
1,11.958,0.556956
1,11.979,0.560267
1,11.9999,0.563695
1,12.0209,0.567237
1,12.0419,0.57089
1,12.0629,0.574651
1,12.0839,0.578518
1,12.1048,0.582486
1,12.1258,0.586554
1,12.1468,0.590719
1,12.1678,0.594979
1,12.1888,0.59933
1,12.2097,0.60377
1,12.2307,0.608297
1,12.2517,0.61291
1,12.2727,0.617604
1,12.2936,0.622379
1,12.3146,0.627232
1,12.3356,0.632161
1,12.3566,0.637163
1,12.3776,0.642239
1,12.3985,0.647383
1,12.4195,0.652598
1,12.4405,0.657876
1,12.4615,0.663222
1,12.4825,0.668627
1,12.5034,0.674098
1,12.5244,0.679623
1,12.5454,0.685213
1,12.5664,0.690851
1.5,0,0.613707
1.5,0.0209789,0.617792
1.5,0.0419578,0.621942
1.5,0.0629367,0.62615
1.5,0.0839157,0.63042
1.5,0.104895,0.634744
1.5,0.125873,0.639127
1.5,0.146852,0.64356
1.5,0.167831,0.64805
1.5,0.18881,0.652585
1.5,0.209789,0.657177
1.5,0.230768,0.661809
1.5,0.251747,0.666497
1.5,0.272726,0.67122
1.5,0.293705,0.675999
1.5,0.314684,0.680809
1.5,0.335663,0.685674
1.5,0.356642,0.690564
1.5,0.37762,0.695513
1.5,0.398599,0.700479
1.5,0.419578,0.705506
1.5,0.440557,0.710544
1.5,0.461536,0.715646
1.5,0.482515,0.720752
1.5,0.503494,0.725926
1.5,0.524473,0.731094
1.5,0.545452,0.736337
1.5,0.566431,0.741565
1.5,0.58741,0.746874
1.5,0.608389,0.752157
1.5,0.629367,0.757529
1.5,0.650346,0.762864
1.5,0.671325,0.768297
1.5,0.692304,0.77368
1.5,0.713283,0.779173
1.5,0.734262,0.7846
1.5,0.755241,0.790149
1.5,0.77622,0.795619
1.5,0.797199,0.801223
1.5,0.818178,0.80673
1.5,0.839157,0.812387
1.5,0.860136,0.817929
1.5,0.881114,0.823637
1.5,0.902093,0.829212
1.5,0.923072,0.834969
1.5,0.944051,0.840573
1.5,0.96503,0.846377
1.5,0.986009,0.852007
1.5,1.00699,0.857856
1.5,1.02797,0.863511
1.5,1.04895,0.869403
1.5,1.06992,0.875078
1.5,1.0909,0.881011
1.5,1.11188,0.886705
1.5,1.13286,0.892675
1.5,1.15384,0.898387
1.5,1.17482,0.904392
1.5,1.1958,0.910118
1.5,1.21678,0.916155
1.5,1.23776,0.921894
1.5,1.25873,0.927959
1.5,1.27971,0.933709
1.5,1.30069,0.939799
1.5,1.32167,0.945557
1.5,1.34265,0.951669
1.5,1.36363,0.957435
1.5,1.38461,0.963563
1.5,1.40559,0.969335
1.5,1.42657,0.975476
1.5,1.44755,0.981252
1.5,1.46852,0.987402
1.5,1.4895,0.99318
1.5,1.51048,0.999335
1.5,1.53146,1.00511
1.5,1.55244,1.01127
1.5,1.57342,1.01705
1.5,1.5944,1.0232
1.5,1.61538,1.02897
1.5,1.63636,1.03511
1.5,1.65733,1.04089
1.5,1.67831,1.04701
1.5,1.69929,1.05278
1.5,1.72027,1.05889
1.5,1.74125,1.06465
1.5,1.76223,1.07074
1.5,1.78321,1.0765
1.5,1.80419,1.08256
1.5,1.82517,1.0883
1.5,1.84614,1.09434
1.5,1.86712,1.10007
1.5,1.8881,1.10607
1.5,1.90908,1.11178
1.5,1.93006,1.11775
1.5,1.95104,1.12345
1.5,1.97202,1.12938
1.5,1.993,1.13506
1.5,2.01398,1.14095
1.5,2.03495,1.14661
1.5,2.05593,1.15245
1.5,2.07691,1.15809
1.5,2.09789,1.16389
1.5,2.11887,1.1695
1.5,2.13985,1.17525
1.5,2.16083,1.18083
1.5,2.18181,1.18653
1.5,2.20279,1.19208
1.5,2.22377,1.19774
1.5,2.24474,1.20325
1.5,2.26572,1.20885
1.5,2.2867,1.21433
1.5,2.30768,1.21987
1.5,2.32866,1.2253
1.5,2.34964,1.23079
1.5,2.37062,1.23618
1.5,2.3916,1.24161
1.5,2.41258,1.24695
1.5,2.43355,1.25232
1.5,2.45453,1.25761
1.5,2.47551,1.26292
1.5,2.49649,1.26815
1.5,2.51747,1.27339
1.5,2.53845,1.27856
1.5,2.55943,1.28374
1.5,2.58041,1.28885
1.5,2.60139,1.29395
1.5,2.62236,1.29899
1.5,2.64334,1.30401
1.5,2.66432,1.30899
1.5,2.6853,1.31393
1.5,2.70628,1.31883
1.5,2.72726,1.32369
1.5,2.74824,1.3285
1.5,2.76922,1.33328
1.5,2.7902,1.33801
1.5,2.81117,1.34269
1.5,2.83215,1.34733
1.5,2.85313,1.35192
1.5,2.87411,1.35645
1.5,2.89509,1.36094
1.5,2.91607,1.36538
1.5,2.93705,1.36976
1.5,2.95803,1.37408
1.5,2.97901,1.37834
1.5,2.99998,1.38255
1.5,3.02096,1.3867
1.5,3.04194,1.39078
1.5,3.06292,1.39479
1.5,3.0839,1.39874
1.5,3.10488,1.40262
1.5,3.12586,1.40643
1.5,3.14684,1.41017
1.5,3.16782,1.41382
1.5,3.1888,1.4174
1.5,3.20977,1.4209
1.5,3.23075,1.42432
1.5,3.25173,1.42765
1.5,3.27271,1.43088
1.5,3.29369,1.43403
1.5,3.31467,1.43708
1.5,3.33565,1.44003
1.5,3.35663,1.44288
1.5,3.37761,1.44562
1.5,3.39858,1.44825
1.5,3.41956,1.45076
1.5,3.44054,1.45316
1.5,3.46152,1.45544
1.5,3.4825,1.45758
1.5,3.50348,1.45959
1.5,3.52446,1.46147
1.5,3.54544,1.4632
1.5,3.56642,1.46478
1.5,3.58739,1.4662
1.5,3.60837,1.46747
1.5,3.62935,1.46856
1.5,3.65033,1.46947
1.5,3.67131,1.4702
1.5,3.69229,1.47074
1.5,3.71327,1.47107
1.5,3.73425,1.47119
1.5,3.75523,1.47109
1.5,3.7762,1.47075
1.5,3.79718,1.47017
1.5,3.81816,1.46933
1.5,3.83914,1.46822
1.5,3.86012,1.46683
1.5,3.8811,1.46513
1.5,3.90208,1.46312
1.5,3.92306,1.46078
1.5,3.94404,1.45808
1.5,3.96502,1.455
1.5,3.98599,1.45153
1.5,4.00697,1.44765
1.5,4.02795,1.44331
1.5,4.04893,1.43851
1.5,4.06991,1.43321
1.5,4.09089,1.42738
1.5,4.11187,1.42099
1.5,4.13285,1.41401
1.5,4.15383,1.40639
1.5,4.1748,1.39811
1.5,4.19578,1.38913
1.5,4.21676,1.3794
1.5,4.23774,1.36889
1.5,4.25872,1.35756
1.5,4.2797,1.34537
1.5,4.30068,1.33228
1.5,4.32166,1.31827
1.5,4.34264,1.3033
1.5,4.36361,1.28736
1.5,4.38459,1.27043
1.5,4.40557,1.2525
1.5,4.42655,1.23359
1.5,4.44753,1.21371
1.5,4.46851,1.1929
1.5,4.48949,1.1712
1.5,4.51047,1.1487
1.5,4.53145,1.12546
1.5,4.55242,1.1016
1.5,4.5734,1.07722
1.5,4.59438,1.05244
1.5,4.61536,1.02741
1.5,4.63634,1.00226
1.5,4.65732,0.977135
1.5,4.6783,0.952182
1.5,4.69928,0.927535
1.5,4.72026,0.903324
1.5,4.74123,0.879666
1.5,4.76221,0.856666
1.5,4.78319,0.834411
1.5,4.80417,0.812977
1.5,4.82515,0.79242
1.5,4.84613,0.772783
1.5,4.86711,0.754094
1.5,4.88809,0.736367
1.5,4.90907,0.719605
1.5,4.93005,0.703801
1.5,4.95102,0.688941
1.5,4.972,0.675001
1.5,4.99298,0.661954
1.5,5.01396,0.64977
1.5,5.03494,0.638414
1.5,5.05592,0.627852
1.5,5.0769,0.618046
1.5,5.09788,0.608959
1.5,5.11886,0.600557
1.5,5.13983,0.592803
1.5,5.16081,0.585663
1.5,5.18179,0.579105
1.5,5.20277,0.573096
1.5,5.22375,0.567607
1.5,5.24473,0.562609
1.5,5.26571,0.558076
1.5,5.28669,0.553983
1.5,5.30767,0.550306
1.5,5.32864,0.547022
1.5,5.34962,0.544112
1.5,5.3706,0.541554
1.5,5.39158,0.539333
1.5,5.41256,0.537429
1.5,5.43354,0.535827
1.5,5.45452,0.534513
1.5,5.4755,0.533472
1.5,5.49648,0.532692
1.5,5.51745,0.532159
1.5,5.53843,0.531863
1.5,5.55941,0.531793
1.5,5.58039,0.531939
1.5,5.60137,0.53229
1.5,5.62235,0.532839
1.5,5.64333,0.533577
1.5,5.66431,0.534495
1.5,5.68529,0.535587
1.5,5.70627,0.536845
1.5,5.72724,0.538263
1.5,5.74822,0.539834
1.5,5.7692,0.541553
1.5,5.79018,0.543413
1.5,5.81116,0.54541
1.5,5.83214,0.547538
1.5,5.85312,0.549793
1.5,5.8741,0.55217
1.5,5.89508,0.554664
1.5,5.91605,0.557272
1.5,5.93703,0.559989
1.5,5.95801,0.562812
1.5,5.97899,0.565737
1.5,5.99997,0.568761
1.5,6.02095,0.57188
1.5,6.04193,0.575092
1.5,6.06291,0.578393
1.5,6.08389,0.58178
1.5,6.10486,0.585252
1.5,6.12584,0.588804
1.5,6.14682,0.592434
1.5,6.1678,0.596141
1.5,6.18878,0.599922
1.5,6.20976,0.603774
1.5,6.23074,0.607695
1.5,6.25172,0.611683
1.5,6.2727,0.615737
1.5,6.29367,0.619854
1.5,6.31465,0.624033
1.5,6.33563,0.628271
1.5,6.35661,0.632567
1.5,6.37759,0.636919
1.5,6.39857,0.641326
1.5,6.41955,0.645786
1.5,6.44053,0.650297
1.5,6.46151,0.654859
1.5,6.48249,0.659469
1.5,6.50346,0.664126
1.5,6.52444,0.668829
1.5,6.54542,0.673576
1.5,6.5664,0.678367
1.5,6.58738,0.6832
1.5,6.60836,0.688074
1.5,6.62934,0.692987
1.5,6.65032,0.697939
1.5,6.6713,0.702928
1.5,6.69227,0.707954
1.5,6.71325,0.713015
1.5,6.73423,0.718111
1.5,6.75521,0.72324
1.5,6.77619,0.728401
1.5,6.79717,0.733594
1.5,6.81815,0.738817
1.5,6.83913,0.74407
1.5,6.86011,0.749351
1.5,6.88108,0.754661
1.5,6.90206,0.759997
1.5,6.92304,0.765359
1.5,6.94402,0.770747
1.5,6.965,0.77616
1.5,6.98598,0.781596
1.5,7.00696,0.787055
1.5,7.02794,0.792537
1.5,7.04892,0.79804
1.5,7.06989,0.803564
1.5,7.09087,0.809108
1.5,7.11185,0.814671
1.5,7.13283,0.820253
1.5,7.15381,0.825854
1.5,7.17479,0.831471
1.5,7.19577,0.837106
1.5,7.21675,0.842756
1.5,7.23773,0.848422
1.5,7.2587,0.854103
1.5,7.27968,0.859798
1.5,7.30066,0.865506
1.5,7.32164,0.871228
1.5,7.34262,0.876961
1.5,7.3636,0.882707
1.5,7.38458,0.888464
1.5,7.40556,0.894231
1.5,7.42654,0.900009
1.5,7.44752,0.905796
1.5,7.46849,0.911592
1.5,7.48947,0.917396
1.5,7.51045,0.923208
1.5,7.53143,0.929028
1.5,7.55241,0.934854
1.5,7.57339,0.940686
1.5,7.59437,0.946524
1.5,7.61535,0.952367
1.5,7.63633,0.958214
1.5,7.6573,0.964066
1.5,7.67828,0.969921
1.5,7.69926,0.975779
1.5,7.72024,0.981639
1.5,7.74122,0.987501
1.5,7.7622,0.993365
1.5,7.78318,0.99923
1.5,7.80416,1.00509
1.5,7.82514,1.01096
1.5,7.84611,1.01682
1.5,7.86709,1.02269
1.5,7.88807,1.02855
1.5,7.90905,1.03441
1.5,7.93003,1.04026
1.5,7.95101,1.04611
1.5,7.97199,1.05196
1.5,7.99297,1.05781
1.5,8.01395,1.06365
1.5,8.03492,1.06948
1.5,8.0559,1.07531
1.5,8.07688,1.08113
1.5,8.09786,1.08694
1.5,8.11884,1.09275
1.5,8.13982,1.09855
1.5,8.1608,1.10434
1.5,8.18178,1.11012
1.5,8.20276,1.11589
1.5,8.22374,1.12164
1.5,8.24471,1.12739
1.5,8.26569,1.13313
1.5,8.28667,1.13885
1.5,8.30765,1.14457
1.5,8.32863,1.15026
1.5,8.34961,1.15595
1.5,8.37059,1.16162
1.5,8.39157,1.16727
1.5,8.41255,1.17291
1.5,8.43352,1.17853
1.5,8.4545,1.18413
1.5,8.47548,1.18972
1.5,8.49646,1.19529
1.5,8.51744,1.20083
1.5,8.53842,1.20636
1.5,8.5594,1.21187
1.5,8.58038,1.21736
1.5,8.60136,1.22282
1.5,8.62233,1.22826
1.5,8.64331,1.23368
1.5,8.66429,1.23907
1.5,8.68527,1.24443
1.5,8.70625,1.24977
1.5,8.72723,1.25509
1.5,8.74821,1.26037
1.5,8.76919,1.26563
1.5,8.79017,1.27086
1.5,8.81114,1.27605
1.5,8.83212,1.28122
1.5,8.8531,1.28635
1.5,8.87408,1.29145
1.5,8.89506,1.29652
1.5,8.91604,1.30155
1.5,8.93702,1.30654
1.5,8.958,1.31149
1.5,8.97898,1.31641
1.5,8.99995,1.32129
1.5,9.02093,1.32612
1.5,9.04191,1.33091
1.5,9.06289,1.33566
1.5,9.08387,1.34037
1.5,9.10485,1.34503
1.5,9.12583,1.34964
1.5,9.14681,1.3542
1.5,9.16779,1.35871
1.5,9.18877,1.36317
1.5,9.20974,1.36758
1.5,9.23072,1.37193
1.5,9.2517,1.37622
1.5,9.27268,1.38046
1.5,9.29366,1.38463
1.5,9.31464,1.38875
1.5,9.33562,1.39279
1.5,9.3566,1.39678
1.5,9.37758,1.40069
1.5,9.39855,1.40454
1.5,9.41953,1.40831
1.5,9.44051,1.412
1.5,9.46149,1.41562
1.5,9.48247,1.41916
1.5,9.50345,1.42262
1.5,9.52443,1.42599
1.5,9.54541,1.42928
1.5,9.56639,1.43247
1.5,9.58736,1.43557
1.5,9.60834,1.43857
1.5,9.62932,1.44147
1.5,9.6503,1.44426
1.5,9.67128,1.44695
1.5,9.69226,1.44952
1.5,9.71324,1.45198
1.5,9.73422,1.45431
1.5,9.7552,1.45653
1.5,9.77617,1.4586
1.5,9.79715,1.46055
1.5,9.81813,1.46235
1.5,9.83911,1.46401
1.5,9.86009,1.46551
1.5,9.88107,1.46686
1.5,9.90205,1.46803
1.5,9.92303,1.46904
1.5,9.94401,1.46986
1.5,9.96499,1.47049
1.5,9.98596,1.47093
1.5,10.0069,1.47116
1.5,10.0279,1.47117
1.5,10.0489,1.47095
1.5,10.0699,1.47049
1.5,10.0909,1.46978
1.5,10.1118,1.46881
1.5,10.1328,1.46756
1.5,10.1538,1.46602
1.5,10.1748,1.46417
1.5,10.1958,1.46199
1.5,10.2167,1.45947
1.5,10.2377,1.45659
1.5,10.2587,1.45332
1.5,10.2797,1.44964
1.5,10.3006,1.44554
1.5,10.3216,1.44097
1.5,10.3426,1.43593
1.5,10.3636,1.43036
1.5,10.3846,1.42426
1.5,10.4055,1.41758
1.5,10.4265,1.41028
1.5,10.4475,1.40234
1.5,10.4685,1.39371
1.5,10.4895,1.38436
1.5,10.5104,1.37425
1.5,10.5314,1.36333
1.5,10.5524,1.35157
1.5,10.5734,1.33894
1.5,10.5944,1.32539
1.5,10.6153,1.31091
1.5,10.6363,1.29546
1.5,10.6573,1.27902
1.5,10.6783,1.26159
1.5,10.6992,1.24317
1.5,10.7202,1.22377
1.5,10.7412,1.20341
1.5,10.7622,1.18216
1.5,10.7832,1.16005
1.5,10.8041,1.13717
1.5,10.8251,1.1136
1.5,10.8461,1.08946
1.5,10.8671,1.06487
1.5,10.8881,1.03995
1.5,10.909,1.01484
1.5,10.93,0.989683
1.5,10.951,0.964628
1.5,10.972,0.939812
1.5,10.993,0.915368
1.5,11.0139,0.89142
1.5,11.0349,0.868078
1.5,11.0559,0.84544
1.5,11.0769,0.823588
1.5,11.0978,0.802586
1.5,11.1188,0.782484
1.5,11.1398,0.763319
1.5,11.1608,0.74511
1.5,11.1818,0.727865
1.5,11.2027,0.711584
1.5,11.2237,0.696254
1.5,11.2447,0.681857
1.5,11.2657,0.668368
1.5,11.2867,0.655756
1.5,11.3076,0.643991
1.5,11.3286,0.633036
1.5,11.3496,0.622856
1.5,11.3706,0.613415
1.5,11.3916,0.604675
1.5,11.4125,0.596601
1.5,11.4335,0.589158
1.5,11.4545,0.582313
1.5,11.4755,0.576033
1.5,11.4964,0.570288
1.5,11.5174,0.565048
1.5,11.5384,0.560286
1.5,11.5594,0.555976
1.5,11.5804,0.552094
1.5,11.6013,0.548616
1.5,11.6223,0.545522
1.5,11.6433,0.54279
1.5,11.6643,0.540403
1.5,11.6853,0.538342
1.5,11.7062,0.536591
1.5,11.7272,0.535135
1.5,11.7482,0.533959
1.5,11.7692,0.53305
1.5,11.7902,0.532395
1.5,11.8111,0.531983
1.5,11.8321,0.531801
1.5,11.8531,0.53184
1.5,11.8741,0.532089
1.5,11.895,0.532541
1.5,11.916,0.533185
1.5,11.937,0.534014
1.5,11.958,0.53502
1.5,11.979,0.536196
1.5,11.9999,0.537535
1.5,12.0209,0.53903
1.5,12.0419,0.540676
1.5,12.0629,0.542466
1.5,12.0839,0.544395
1.5,12.1048,0.546458
1.5,12.1258,0.54865
1.5,12.1468,0.550967
1.5,12.1678,0.553403
1.5,12.1888,0.555954
1.5,12.2097,0.558617
1.5,12.2307,0.561388
1.5,12.2517,0.564262
1.5,12.2727,0.567237
1.5,12.2936,0.57031
1.5,12.3146,0.573475
1.5,12.3356,0.576732
1.5,12.3566,0.580077
1.5,12.3776,0.583507
1.5,12.3985,0.587019
1.5,12.4195,0.590611
1.5,12.4405,0.59428
1.5,12.4615,0.598025
1.5,12.4825,0.601841
1.5,12.5034,0.605729
1.5,12.5244,0.609684
1.5,12.5454,0.613707
1.5,12.5664,0.617792
2,0,0.570177
2,0.0209789,0.572833
2,0.0419578,0.575575
2,0.0629367,0.578399
2,0.0839157,0.581303
2,0.104895,0.584282
2,0.125873,0.587335
2,0.146852,0.590458
2,0.167831,0.59365
2,0.18881,0.596906
2,0.209789,0.600228
2,0.230768,0.603608
2,0.251747,0.60705
2,0.272726,0.610546
2,0.293705,0.6141
2,0.314684,0.617704
2,0.335663,0.621363
2,0.356642,0.625068
2,0.37762,0.628827
2,0.398599,0.632626
2,0.419578,0.636478
2,0.440557,0.640366
2,0.461536,0.644305
2,0.482515,0.648277
2,0.503494,0.652298
2,0.524473,0.656348
2,0.545452,0.660447
2,0.566431,0.664571
2,0.58741,0.668744
2,0.608389,0.672937
2,0.629367,0.67718
2,0.650346,0.681438
2,0.671325,0.685747
2,0.692304,0.690066
2,0.713283,0.694439
2,0.734262,0.698816
2,0.755241,0.703248
2,0.77622,0.707679
2,0.797199,0.712169
2,0.818178,0.716651
2,0.839157,0.721196
2,0.860136,0.725726
2,0.881114,0.730323
2,0.902093,0.734898
2,0.923072,0.739545
2,0.944051,0.744163
2,0.96503,0.748858
2,0.986009,0.753515
2,1.00699,0.758257
2,1.02797,0.76295
2,1.04895,0.767736
2,1.06992,0.772465
2,1.0909,0.777294
2,1.11188,0.782054
2,1.13286,0.786924
2,1.15384,0.791715
2,1.17482,0.796625
2,1.1958,0.801443
2,1.21678,0.806391
2,1.23776,0.811235
2,1.25873,0.81622
2,1.27971,0.821088
2,1.30069,0.826108
2,1.32167,0.830998
2,1.34265,0.836052
2,1.36363,0.840962
2,1.38461,0.846048
2,1.40559,0.850977
2,1.42657,0.856094
2,1.44755,0.861039
2,1.46852,0.866186
2,1.4895,0.871146
2,1.51048,0.87632
2,1.53146,0.881294
2,1.55244,0.886495
2,1.57342,0.891481
2,1.5944,0.896706
2,1.61538,0.901704
2,1.63636,0.906951
2,1.65733,0.911958
2,1.67831,0.917225
2,1.69929,0.922242
2,1.72027,0.927527
2,1.74125,0.932551
2,1.76223,0.937853
2,1.78321,0.942883
2,1.80419,0.9482
2,1.82517,0.953235
2,1.84614,0.958563
2,1.86712,0.963603
2,1.8881,0.968941
2,1.90908,0.973984
2,1.93006,0.979329
2,1.95104,0.984375
2,1.97202,0.989725
2,1.993,0.994772
2,2.01398,1.00012
2,2.03495,1.00517
2,2.05593,1.01052
2,2.07691,1.01557
2,2.09789,1.02092
2,2.11887,1.02597
2,2.13985,1.03131
2,2.16083,1.03636
2,2.18181,1.04169
2,2.20279,1.04674
2,2.22377,1.05206
2,2.24474,1.0571
2,2.26572,1.06241
2,2.2867,1.06745
2,2.30768,1.07275
2,2.32866,1.07778
2,2.34964,1.08306
2,2.37062,1.08808
2,2.3916,1.09334
2,2.41258,1.09836
2,2.43355,1.1036
2,2.45453,1.1086
2,2.47551,1.11382
2,2.49649,1.11881
2,2.51747,1.12401
2,2.53845,1.12899
2,2.55943,1.13416
2,2.58041,1.13913
2,2.60139,1.14427
2,2.62236,1.14922
2,2.64334,1.15433
2,2.66432,1.15927
2,2.6853,1.16435
2,2.70628,1.16927
2,2.72726,1.17432
2,2.74824,1.17921
2,2.76922,1.18423
2,2.7902,1.1891
2,2.81117,1.19408
2,2.83215,1.19893
2,2.85313,1.20388
2,2.87411,1.2087
2,2.89509,1.21361
2,2.91607,1.21841
2,2.93705,1.22327
2,2.95803,1.22804
2,2.97901,1.23286
2,2.99998,1.2376
2,3.02096,1.24238
2,3.04194,1.24708
2,3.06292,1.25182
2,3.0839,1.25648
2,3.10488,1.26117
2,3.12586,1.2658
2,3.14684,1.27044
2,3.16782,1.27502
2,3.1888,1.27962
2,3.20977,1.28415
2,3.23075,1.28869
2,3.25173,1.29318
2,3.27271,1.29767
2,3.29369,1.30211
2,3.31467,1.30654
2,3.33565,1.31092
2,3.35663,1.31529
2,3.37761,1.31961
2,3.39858,1.32392
2,3.41956,1.32818
2,3.44054,1.33242
2,3.46152,1.33662
2,3.4825,1.34079
2,3.50348,1.34491
2,3.52446,1.34901
2,3.54544,1.35306
2,3.56642,1.35708
2,3.58739,1.36105
2,3.60837,1.36499
2,3.62935,1.36888
2,3.65033,1.37273
2,3.67131,1.37652
2,3.69229,1.38028
2,3.71327,1.38398
2,3.73425,1.38763
2,3.75523,1.39123
2,3.7762,1.39478
2,3.79718,1.39827
2,3.81816,1.4017
2,3.83914,1.40507
2,3.86012,1.40838
2,3.8811,1.41163
2,3.90208,1.41481
2,3.92306,1.41792
2,3.94404,1.42095
2,3.96502,1.42391
2,3.98599,1.4268
2,4.00697,1.4296
2,4.02795,1.43232
2,4.04893,1.43494
2,4.06991,1.43748
2,4.09089,1.43992
2,4.11187,1.44226
2,4.13285,1.44449
2,4.15383,1.44662
2,4.1748,1.44863
2,4.19578,1.45051
2,4.21676,1.45227
2,4.23774,1.45389
2,4.25872,1.45537
2,4.2797,1.45669
2,4.30068,1.45786
2,4.32166,1.45886
2,4.34264,1.45968
2,4.36361,1.46031
2,4.38459,1.46073
2,4.40557,1.46094
2,4.42655,1.46091
2,4.44753,1.46062
2,4.46851,1.46007
2,4.48949,1.45923
2,4.51047,1.45807
2,4.53145,1.45656
2,4.55242,1.45469
2,4.5734,1.4524
2,4.59438,1.44967
2,4.61536,1.44645
2,4.63634,1.4427
2,4.65732,1.43836
2,4.6783,1.43336
2,4.69928,1.42764
2,4.72026,1.42113
2,4.74123,1.41375
2,4.76221,1.40539
2,4.78319,1.39596
2,4.80417,1.38535
2,4.82515,1.37345
2,4.84613,1.36015
2,4.86711,1.34531
2,4.88809,1.32883
2,4.90907,1.3106
2,4.93005,1.29053
2,4.95102,1.26856
2,4.972,1.24465
2,4.99298,1.21883
2,5.01396,1.19115
2,5.03494,1.16175
2,5.05592,1.1308
2,5.0769,1.09856
2,5.09788,1.06533
2,5.11886,1.03145
2,5.13983,0.997316
2,5.16081,0.9633
2,5.18179,0.929786
2,5.20277,0.897129
2,5.22375,0.865638
2,5.24473,0.835573
2,5.26571,0.807133
2,5.28669,0.780457
2,5.30767,0.755627
2,5.32864,0.732673
2,5.34962,0.711581
2,5.3706,0.692302
2,5.39158,0.674761
2,5.41256,0.658863
2,5.43354,0.644506
2,5.45452,0.631578
2,5.4755,0.619968
2,5.49648,0.609568
2,5.51745,0.600274
2,5.53843,0.591987
2,5.55941,0.584618
2,5.58039,0.578084
2,5.60137,0.572307
2,5.62235,0.56722
2,5.64333,0.562761
2,5.66431,0.558873
2,5.68529,0.555509
2,5.70627,0.552622
2,5.72724,0.550173
2,5.74822,0.548126
2,5.7692,0.54645
2,5.79018,0.545115
2,5.81116,0.544097
2,5.83214,0.543372
2,5.85312,0.54292
2,5.8741,0.542721
2,5.89508,0.542759
2,5.91605,0.543019
2,5.93703,0.543487
2,5.95801,0.544149
2,5.97899,0.544995
2,5.99997,0.546015
2,6.02095,0.547197
2,6.04193,0.548534
2,6.06291,0.550018
2,6.08389,0.55164
2,6.10486,0.553395
2,6.12584,0.555275
2,6.14682,0.557274
2,6.1678,0.559387
2,6.18878,0.561609
2,6.20976,0.563935
2,6.23074,0.56636
2,6.25172,0.568881
2,6.2727,0.571493
2,6.29367,0.574192
2,6.31465,0.576975
2,6.33563,0.579839
2,6.35661,0.582781
2,6.37759,0.585797
2,6.39857,0.588885
2,6.41955,0.592042
2,6.44053,0.595266
2,6.46151,0.598555
2,6.48249,0.601905
2,6.50346,0.605316
2,6.52444,0.608784
2,6.54542,0.612308
2,6.5664,0.615887
2,6.58738,0.619518
2,6.60836,0.623199
2,6.62934,0.62693
2,6.65032,0.630707
2,6.6713,0.634531
2,6.69227,0.6384
2,6.71325,0.642311
2,6.73423,0.646265
2,6.75521,0.650259
2,6.77619,0.654292
2,6.79717,0.658364
2,6.81815,0.662473
2,6.83913,0.666617
2,6.86011,0.670797
2,6.88108,0.67501
2,6.90206,0.679257
2,6.92304,0.683535
2,6.94402,0.687845
2,6.965,0.692184
2,6.98598,0.696553
2,7.00696,0.700951
2,7.02794,0.705376
2,7.04892,0.709828
2,7.06989,0.714306
2,7.09087,0.718809
2,7.11185,0.723337
2,7.13283,0.727889
2,7.15381,0.732465
2,7.17479,0.737063
2,7.19577,0.741683
2,7.21675,0.746324
2,7.23773,0.750986
2,7.2587,0.755668
2,7.27968,0.76037
2,7.30066,0.765091
2,7.32164,0.76983
2,7.34262,0.774587
2,7.3636,0.779361
2,7.38458,0.784153
2,7.40556,0.78896
2,7.42654,0.793784
2,7.44752,0.798622
2,7.46849,0.803476
2,7.48947,0.808344
2,7.51045,0.813226
2,7.53143,0.818121
2,7.55241,0.82303
2,7.57339,0.827951
2,7.59437,0.832884
2,7.61535,0.837829
2,7.63633,0.842786
2,7.6573,0.847753
2,7.67828,0.852731
2,7.69926,0.857719
2,7.72024,0.862716
2,7.74122,0.867724
2,7.7622,0.87274
2,7.78318,0.877764
2,7.80416,0.882797
2,7.82514,0.887838
2,7.84611,0.892886
2,7.86709,0.897942
2,7.88807,0.903004
2,7.90905,0.908073
2,7.93003,0.913147
2,7.95101,0.918228
2,7.97199,0.923314
2,7.99297,0.928405
2,8.01395,0.933501
2,8.03492,0.938601
2,8.0559,0.943705
2,8.07688,0.948813
2,8.09786,0.953925
2,8.11884,0.959039
2,8.13982,0.964156
2,8.1608,0.969276
2,8.18178,0.974398
2,8.20276,0.979522
2,8.22374,0.984647
2,8.24471,0.989773
2,8.26569,0.9949
2,8.28667,1.00003
2,8.30765,1.00516
2,8.32863,1.01028
2,8.34961,1.01541
2,8.37059,1.02054
2,8.39157,1.02566
2,8.41255,1.03079
2,8.43352,1.03591
2,8.4545,1.04103
2,8.47548,1.04615
2,8.49646,1.05126
2,8.51744,1.05638
2,8.53842,1.06148
2,8.5594,1.06659
2,8.58038,1.07169
2,8.60136,1.07679
2,8.62233,1.08188
2,8.64331,1.08697
2,8.66429,1.09205
2,8.68527,1.09713
2,8.70625,1.1022
2,8.72723,1.10726
2,8.74821,1.11232
2,8.76919,1.11737
2,8.79017,1.12241
2,8.81114,1.12745
2,8.83212,1.13248
2,8.8531,1.13749
2,8.87408,1.1425
2,8.89506,1.1475
2,8.91604,1.15249
2,8.93702,1.15747
2,8.958,1.16244
2,8.97898,1.1674
2,8.99995,1.17235
2,9.02093,1.17729
2,9.04191,1.18221
2,9.06289,1.18712
2,9.08387,1.19202
2,9.10485,1.19691
2,9.12583,1.20178
2,9.14681,1.20664
2,9.16779,1.21148
2,9.18877,1.2163
2,9.20974,1.22112
2,9.23072,1.22591
2,9.2517,1.23069
2,9.27268,1.23545
2,9.29366,1.24019
2,9.31464,1.24492
2,9.33562,1.24962
2,9.3566,1.25431
2,9.37758,1.25897
2,9.39855,1.26362
2,9.41953,1.26824
2,9.44051,1.27284
2,9.46149,1.27742
2,9.48247,1.28198
2,9.50345,1.28651
2,9.52443,1.29101
2,9.54541,1.2955
2,9.56639,1.29995
2,9.58736,1.30438
2,9.60834,1.30878
2,9.62932,1.31315
2,9.6503,1.31749
2,9.67128,1.3218
2,9.69226,1.32608
2,9.71324,1.33033
2,9.73422,1.33455
2,9.7552,1.33873
2,9.77617,1.34288
2,9.79715,1.34699
2,9.81813,1.35106
2,9.83911,1.35509
2,9.86009,1.35908
2,9.88107,1.36304
2,9.90205,1.36695
2,9.92303,1.37082
2,9.94401,1.37464
2,9.96499,1.37841
2,9.98596,1.38214
2,10.0069,1.38582
2,10.0279,1.38944
2,10.0489,1.39302
2,10.0699,1.39653
2,10.0909,1.4
2,10.1118,1.4034
2,10.1328,1.40674
2,10.1538,1.41002
2,10.1748,1.41323
2,10.1958,1.41637
2,10.2167,1.41944
2,10.2377,1.42244
2,10.2587,1.42537
2,10.2797,1.42821
2,10.3006,1.43097
2,10.3216,1.43364
2,10.3426,1.43623
2,10.3636,1.43871
2,10.3846,1.4411
2,10.4055,1.44339
2,10.4265,1.44557
2,10.4475,1.44764
2,10.4685,1.44958
2,10.4895,1.45141
2,10.5104,1.45309
2,10.5314,1.45465
2,10.5524,1.45605
2,10.5734,1.4573
2,10.5944,1.45838
2,10.6153,1.45929
2,10.6363,1.46002
2,10.6573,1.46055
2,10.6783,1.46086
2,10.6992,1.46095
2,10.7202,1.4608
2,10.7412,1.46038
2,10.7622,1.45969
2,10.7832,1.45869
2,10.8041,1.45736
2,10.8251,1.45567
2,10.8461,1.4536
2,10.8671,1.4511
2,10.8881,1.44813
2,10.909,1.44465
2,10.93,1.44061
2,10.951,1.43594
2,10.972,1.4306
2,10.993,1.42449
2,11.0139,1.41756
2,11.0349,1.40969
2,11.0559,1.40081
2,11.0769,1.39081
2,11.0978,1.37957
2,11.1188,1.36698
2,11.1398,1.35293
2,11.1608,1.33728
2,11.1818,1.31994
2,11.2027,1.3008
2,11.2237,1.27978
2,11.2447,1.25685
2,11.2657,1.23198
2,11.2867,1.20521
2,11.3076,1.17665
2,11.3286,1.14645
2,11.3496,1.11482
2,11.3706,1.08205
2,11.3916,1.04845
2,11.4125,1.01439
2,11.4335,0.980268
2,11.4545,0.946458
2,11.4755,0.91333
2,11.4964,0.88122
2,11.5174,0.850413
2,11.5384,0.821139
2,11.5594,0.793568
2,11.5804,0.767808
2,11.6013,0.743916
2,11.6223,0.721897
2,11.6433,0.701719
2,11.6643,0.68332
2,11.6853,0.666613
2,11.7062,0.651499
2,11.7272,0.63787
2,11.7482,0.625615
2,11.7692,0.614623
2,11.7902,0.604789
2,11.8111,0.59601
2,11.8321,0.588194
2,11.8531,0.581252
2,11.8741,0.575105
2,11.895,0.569681
2,11.916,0.564915
2,11.937,0.560749
2,11.958,0.557129
2,11.979,0.554008
2,11.9999,0.551345
2,12.0209,0.549101
2,12.0419,0.547243
2,12.0629,0.545741
2,12.0839,0.544568
2,12.1048,0.543699
2,12.1258,0.543113
2,12.1468,0.54279
2,12.1678,0.542711
2,12.1888,0.542862
2,12.2097,0.543228
2,12.2307,0.543794
2,12.2517,0.54455
2,12.2727,0.545484
2,12.2936,0.546586
2,12.3146,0.547847
2,12.3356,0.549259
2,12.3566,0.550813
2,12.3776,0.552502
2,12.3985,0.55432
2,12.4195,0.55626
2,12.4405,0.558317
2,12.4615,0.560486
2,12.4825,0.56276
2,12.5034,0.565137
2,12.5244,0.56761
2,12.5454,0.570177
2,12.5664,0.572833
2.5,0,0.554916
2.5,0.0209789,0.555307
2.5,0.0419578,0.555918
2.5,0.0629367,0.55673
2.5,0.0839157,0.557726
2.5,0.104895,0.558892
2.5,0.125873,0.560215
2.5,0.146852,0.561682
2.5,0.167831,0.563286
2.5,0.18881,0.565014
2.5,0.209789,0.566861
2.5,0.230768,0.568818
2.5,0.251747,0.570879
2.5,0.272726,0.573037
2.5,0.293705,0.575289
2.5,0.314684,0.577627
2.5,0.335663,0.58005
2.5,0.356642,0.582549
2.5,0.37762,0.585125
2.5,0.398599,0.587771
2.5,0.419578,0.590486
2.5,0.440557,0.593265
2.5,0.461536,0.596108
2.5,0.482515,0.599008
2.5,0.503494,0.601968
2.5,0.524473,0.604979
2.5,0.545452,0.608047
2.5,0.566431,0.611161
2.5,0.58741,0.614328
2.5,0.608389,0.617537
2.5,0.629367,0.620796
2.5,0.650346,0.624093
2.5,0.671325,0.627438
2.5,0.692304,0.630818
2.5,0.713283,0.634243
2.5,0.734262,0.637698
2.5,0.755241,0.641199
2.5,0.77622,0.644726
2.5,0.797199,0.648297
2.5,0.818178,0.65189
2.5,0.839157,0.655527
2.5,0.860136,0.659182
2.5,0.881114,0.662882
2.5,0.902093,0.666596
2.5,0.923072,0.670355
2.5,0.944051,0.674124
2.5,0.96503,0.677938
2.5,0.986009,0.681758
2.5,1.00699,0.685626
2.5,1.02797,0.689494
2.5,1.04895,0.693412
2.5,1.06992,0.697326
2.5,1.0909,0.701291
2.5,1.11188,0.705248
2.5,1.13286,0.709259
2.5,1.15384,0.713256
2.5,1.17482,0.71731
2.5,1.1958,0.721345
2.5,1.21678,0.725441
2.5,1.23776,0.729511
2.5,1.25873,0.733646
2.5,1.27971,0.73775
2.5,1.30069,0.741924
2.5,1.32167,0.746059
2.5,1.34265,0.750269
2.5,1.36363,0.754434
2.5,1.38461,0.758679
2.5,1.40559,0.762871
2.5,1.42657,0.76715
2.5,1.44755,0.771368
2.5,1.46852,0.775679
2.5,1.4895,0.779922
2.5,1.51048,0.784263
2.5,1.53146,0.788529
2.5,1.55244,0.792901
2.5,1.57342,0.797187
2.5,1.5944,0.801588
2.5,1.61538,0.805894
2.5,1.63636,0.810322
2.5,1.65733,0.814647
2.5,1.67831,0.819102
2.5,1.69929,0.823444
2.5,1.72027,0.827924
2.5,1.74125,0.832282
2.5,1.76223,0.836787
2.5,1.78321,0.841159
2.5,1.80419,0.845687
2.5,1.82517,0.850072
2.5,1.84614,0.854623
2.5,1.86712,0.859021
2.5,1.8881,0.863593
2.5,1.90908,0.868002
2.5,1.93006,0.872594
2.5,1.95104,0.877014
2.5,1.97202,0.881625
2.5,1.993,0.886054
2.5,2.01398,0.890683
2.5,2.03495,0.89512
2.5,2.05593,0.899766
2.5,2.07691,0.904211
2.5,2.09789,0.908873
2.5,2.11887,0.913325
2.5,2.13985,0.918
2.5,2.16083,0.922458
2.5,2.18181,0.927146
2.5,2.20279,0.93161
2.5,2.22377,0.93631
2.5,2.24474,0.940778
2.5,2.26572,0.945488
2.5,2.2867,0.94996
2.5,2.30768,0.954679
2.5,2.32866,0.959154
2.5,2.34964,0.963881
2.5,2.37062,0.968359
2.5,2.3916,0.973091
2.5,2.41258,0.977572
2.5,2.43355,0.982308
2.5,2.45453,0.98679
2.5,2.47551,0.99153
2.5,2.49649,0.996013
2.5,2.51747,1.00075
2.5,2.53845,1.00524
2.5,2.55943,1.00998
2.5,2.58041,1.01446
2.5,2.60139,1.0192
2.5,2.62236,1.02368
2.5,2.64334,1.02842
2.5,2.66432,1.0329
2.5,2.6853,1.03763
2.5,2.70628,1.04211
2.5,2.72726,1.04684
2.5,2.74824,1.05131
2.5,2.76922,1.05603
2.5,2.7902,1.06051
2.5,2.81117,1.06522
2.5,2.83215,1.06969
2.5,2.85313,1.07438
2.5,2.87411,1.07885
2.5,2.89509,1.08354
2.5,2.91607,1.088
2.5,2.93705,1.09267
2.5,2.95803,1.09713
2.5,2.97901,1.10179
2.5,2.99998,1.10624
2.5,3.02096,1.11088
2.5,3.04194,1.11532
2.5,3.06292,1.11995
2.5,3.0839,1.12438
2.5,3.10488,1.12899
2.5,3.12586,1.13341
2.5,3.14684,1.138
2.5,3.16782,1.14242
2.5,3.1888,1.14698
2.5,3.20977,1.15139
2.5,3.23075,1.15593
2.5,3.25173,1.16032
2.5,3.27271,1.16485
2.5,3.29369,1.16923
2.5,3.31467,1.17373
2.5,3.33565,1.17809
2.5,3.35663,1.18257
2.5,3.37761,1.18692
2.5,3.39858,1.19137
2.5,3.41956,1.1957
2.5,3.44054,1.20012
2.5,3.46152,1.20443
2.5,3.4825,1.20883
2.5,3.50348,1.21312
2.5,3.52446,1.21749
2.5,3.54544,1.22176
2.5,3.56642,1.2261
2.5,3.58739,1.23035
2.5,3.60837,1.23466
2.5,3.62935,1.23888
2.5,3.65033,1.24316
2.5,3.67131,1.24736
2.5,3.69229,1.2516
2.5,3.71327,1.25577
2.5,3.73425,1.25998
2.5,3.75523,1.26412
2.5,3.7762,1.26829
2.5,3.79718,1.2724
2.5,3.81816,1.27653
2.5,3.83914,1.2806
2.5,3.86012,1.2847
2.5,3.8811,1.28874
2.5,3.90208,1.29279
2.5,3.92306,1.29679
2.5,3.94404,1.3008
2.5,3.96502,1.30476
2.5,3.98599,1.30872
2.5,4.00697,1.31264
2.5,4.02795,1.31656
2.5,4.04893,1.32043
2.5,4.06991,1.3243
2.5,4.09089,1.32812
2.5,4.11187,1.33193
2.5,4.13285,1.3357
2.5,4.15383,1.33946
2.5,4.1748,1.34318
2.5,4.19578,1.34687
2.5,4.21676,1.35053
2.5,4.23774,1.35417
2.5,4.25872,1.35776
2.5,4.2797,1.36133
2.5,4.30068,1.36485
2.5,4.32166,1.36835
2.5,4.34264,1.37181
2.5,4.36361,1.37523
2.5,4.38459,1.3786
2.5,4.40557,1.38194
2.5,4.42655,1.38524
2.5,4.44753,1.38849
2.5,4.46851,1.39169
2.5,4.48949,1.39485
2.5,4.51047,1.39796
2.5,4.53145,1.40102
2.5,4.55242,1.40402
2.5,4.5734,1.40696
2.5,4.59438,1.40985
2.5,4.61536,1.41268
2.5,4.63634,1.41544
2.5,4.65732,1.41814
2.5,4.6783,1.42076
2.5,4.69928,1.42331
2.5,4.72026,1.42578
2.5,4.74123,1.42817
2.5,4.76221,1.43048
2.5,4.78319,1.43269
2.5,4.80417,1.4348
2.5,4.82515,1.43681
2.5,4.84613,1.43871
2.5,4.86711,1.44049
2.5,4.88809,1.44215
2.5,4.90907,1.44366
2.5,4.93005,1.44503
2.5,4.95102,1.44624
2.5,4.972,1.44728
2.5,4.99298,1.44812
2.5,5.01396,1.44876
2.5,5.03494,1.44916
2.5,5.05592,1.44931
2.5,5.0769,1.44917
2.5,5.09788,1.44872
2.5,5.11886,1.44791
2.5,5.13983,1.44669
2.5,5.16081,1.44501
2.5,5.18179,1.44282
2.5,5.20277,1.44002
2.5,5.22375,1.43654
2.5,5.24473,1.43227
2.5,5.26571,1.42709
2.5,5.28669,1.42086
2.5,5.30767,1.41343
2.5,5.32864,1.40461
2.5,5.34962,1.39419
2.5,5.3706,1.38197
2.5,5.39158,1.36769
2.5,5.41256,1.35111
2.5,5.43354,1.332
2.5,5.45452,1.31012
2.5,5.4755,1.28529
2.5,5.49648,1.2574
2.5,5.51745,1.22644
2.5,5.53843,1.19248
2.5,5.55941,1.15578
2.5,5.58039,1.11672
2.5,5.60137,1.07582
2.5,5.62235,1.03374
2.5,5.64333,0.991204
2.5,5.66431,0.948961
2.5,5.68529,0.907745
2.5,5.70627,0.868209
2.5,5.72724,0.830889
2.5,5.74822,0.796185
2.5,5.7692,0.76435
2.5,5.79018,0.735504
2.5,5.81116,0.709647
2.5,5.83214,0.686687
2.5,5.85312,0.666467
2.5,5.8741,0.648783
2.5,5.89508,0.633411
2.5,5.91605,0.620118
2.5,5.93703,0.608678
2.5,5.95801,0.598875
2.5,5.97899,0.590512
2.5,5.99997,0.583409
2.5,6.02095,0.577408
2.5,6.04193,0.572369
2.5,6.06291,0.568169
2.5,6.08389,0.564705
2.5,6.10486,0.561884
2.5,6.12584,0.559628
2.5,6.14682,0.557871
2.5,6.1678,0.556554
2.5,6.18878,0.555629
2.5,6.20976,0.555054
2.5,6.23074,0.554791
2.5,6.25172,0.554809
2.5,6.2727,0.555082
2.5,6.29367,0.555585
2.5,6.31465,0.556299
2.5,6.33563,0.557205
2.5,6.35661,0.558288
2.5,6.37759,0.559534
2.5,6.39857,0.56093
2.5,6.41955,0.562467
2.5,6.44053,0.564133
2.5,6.46151,0.565922
2.5,6.48249,0.567824
2.5,6.50346,0.569834
2.5,6.52444,0.571944
2.5,6.54542,0.57415
2.5,6.5664,0.576445
2.5,6.58738,0.578825
2.5,6.60836,0.581286
2.5,6.62934,0.583824
2.5,6.65032,0.586435
2.5,6.6713,0.589116
2.5,6.69227,0.591862
2.5,6.71325,0.594673
2.5,6.73423,0.597544
2.5,6.75521,0.600473
2.5,6.77619,0.603459
2.5,6.79717,0.606497
2.5,6.81815,0.609588
2.5,6.83913,0.612727
2.5,6.86011,0.615914
2.5,6.88108,0.619147
2.5,6.90206,0.622425
2.5,6.92304,0.625745
2.5,6.94402,0.629105
2.5,6.965,0.632506
2.5,6.98598,0.635945
2.5,7.00696,0.639421
2.5,7.02794,0.642932
2.5,7.04892,0.646479
2.5,7.06989,0.650059
2.5,7.09087,0.653671
2.5,7.11185,0.657315
2.5,7.13283,0.660989
2.5,7.15381,0.664693
2.5,7.17479,0.668425
2.5,7.19577,0.672185
2.5,7.21675,0.675972
2.5,7.23773,0.679785
2.5,7.2587,0.683624
2.5,7.27968,0.687487
2.5,7.30066,0.691374
2.5,7.32164,0.695284
2.5,7.34262,0.699217
2.5,7.3636,0.703172
2.5,7.38458,0.707148
2.5,7.40556,0.711145
2.5,7.42654,0.715162
2.5,7.44752,0.719198
2.5,7.46849,0.723254
2.5,7.48947,0.727328
2.5,7.51045,0.73142
2.5,7.53143,0.735529
2.5,7.55241,0.739656
2.5,7.57339,0.743799
2.5,7.59437,0.747958
2.5,7.61535,0.752132
2.5,7.63633,0.756322
2.5,7.6573,0.760527
2.5,7.67828,0.764746
2.5,7.69926,0.768979
2.5,7.72024,0.773225
2.5,7.74122,0.777485
2.5,7.7622,0.781757
2.5,7.78318,0.786042
2.5,7.80416,0.790339
2.5,7.82514,0.794648
2.5,7.84611,0.798968
2.5,7.86709,0.8033
2.5,7.88807,0.807642
2.5,7.90905,0.811994
2.5,7.93003,0.816357
2.5,7.95101,0.820729
2.5,7.97199,0.825111
2.5,7.99297,0.829502
2.5,8.01395,0.833902
2.5,8.03492,0.838311
2.5,8.0559,0.842728
2.5,8.07688,0.847153
2.5,8.09786,0.851586
2.5,8.11884,0.856026
2.5,8.13982,0.860474
2.5,8.1608,0.864929
2.5,8.18178,0.86939
2.5,8.20276,0.873858
2.5,8.22374,0.878332
2.5,8.24471,0.882813
2.5,8.26569,0.887299
2.5,8.28667,0.89179
2.5,8.30765,0.896287
2.5,8.32863,0.900789
2.5,8.34961,0.905296
2.5,8.37059,0.909807
2.5,8.39157,0.914323
2.5,8.41255,0.918843
2.5,8.43352,0.923367
2.5,8.4545,0.927894
2.5,8.47548,0.932426
2.5,8.49646,0.93696
2.5,8.51744,0.941497
2.5,8.53842,0.946037
2.5,8.5594,0.95058
2.5,8.58038,0.955126
2.5,8.60136,0.959673
2.5,8.62233,0.964222
2.5,8.64331,0.968774
2.5,8.66429,0.973327
2.5,8.68527,0.977881
2.5,8.70625,0.982436
2.5,8.72723,0.986992
2.5,8.74821,0.99155
2.5,8.76919,0.996107
2.5,8.79017,1.00067
2.5,8.81114,1.00522
2.5,8.83212,1.00978
2.5,8.8531,1.01434
2.5,8.87408,1.0189
2.5,8.89506,1.02345
2.5,8.91604,1.02801
2.5,8.93702,1.03256
2.5,8.958,1.03712
2.5,8.97898,1.04167
2.5,8.99995,1.04622
2.5,9.02093,1.05077
2.5,9.04191,1.05531
2.5,9.06289,1.05986
2.5,9.08387,1.0644
2.5,9.10485,1.06894
2.5,9.12583,1.07347
2.5,9.14681,1.078
2.5,9.16779,1.08253
2.5,9.18877,1.08706
2.5,9.20974,1.09158
2.5,9.23072,1.0961
2.5,9.2517,1.10061
2.5,9.27268,1.10512
2.5,9.29366,1.10962
2.5,9.31464,1.11412
2.5,9.33562,1.11861
2.5,9.3566,1.1231
2.5,9.37758,1.12758
2.5,9.39855,1.13206
2.5,9.41953,1.13653
2.5,9.44051,1.14099
2.5,9.46149,1.14545
2.5,9.48247,1.1499
2.5,9.50345,1.15434
2.5,9.52443,1.15878
2.5,9.54541,1.1632
2.5,9.56639,1.16762
2.5,9.58736,1.17203
2.5,9.60834,1.17644
2.5,9.62932,1.18083
2.5,9.6503,1.18521
2.5,9.67128,1.18959
2.5,9.69226,1.19396
2.5,9.71324,1.19831
2.5,9.73422,1.20265
2.5,9.7552,1.20699
2.5,9.77617,1.21131
2.5,9.79715,1.21562
2.5,9.81813,1.21992
2.5,9.83911,1.22421
2.5,9.86009,1.22849
2.5,9.88107,1.23275
2.5,9.90205,1.237
2.5,9.92303,1.24123
2.5,9.94401,1.24546
2.5,9.96499,1.24966
2.5,9.98596,1.25386
2.5,10.0069,1.25803
2.5,10.0279,1.2622
2.5,10.0489,1.26634
2.5,10.0699,1.27047
2.5,10.0909,1.27458
2.5,10.1118,1.27868
2.5,10.1328,1.28276
2.5,10.1538,1.28681
2.5,10.1748,1.29085
2.5,10.1958,1.29487
2.5,10.2167,1.29887
2.5,10.2377,1.30285
2.5,10.2587,1.30681
2.5,10.2797,1.31074
2.5,10.3006,1.31466
2.5,10.3216,1.31855
2.5,10.3426,1.32241
2.5,10.3636,1.32625
2.5,10.3846,1.33007
2.5,10.4055,1.33386
2.5,10.4265,1.33762
2.5,10.4475,1.34135
2.5,10.4685,1.34505
2.5,10.4895,1.34873
2.5,10.5104,1.35237
2.5,10.5314,1.35599
2.5,10.5524,1.35957
2.5,10.5734,1.36311
2.5,10.5944,1.36662
2.5,10.6153,1.3701
2.5,10.6363,1.37353
2.5,10.6573,1.37693
2.5,10.6783,1.38029
2.5,10.6992,1.3836
2.5,10.7202,1.38688
2.5,10.7412,1.3901
2.5,10.7622,1.39328
2.5,10.7832,1.39642
2.5,10.8041,1.3995
2.5,10.8251,1.40253
2.5,10.8461,1.4055
2.5,10.8671,1.40842
2.5,10.8881,1.41128
2.5,10.909,1.41407
2.5,10.93,1.4168
2.5,10.951,1.41946
2.5,10.972,1.42205
2.5,10.993,1.42456
2.5,11.0139,1.42699
2.5,11.0349,1.42934
2.5,11.0559,1.4316
2.5,11.0769,1.43376
2.5,11.0978,1.43582
2.5,11.1188,1.43778
2.5,11.1398,1.43962
2.5,11.1608,1.44134
2.5,11.1818,1.44292
2.5,11.2027,1.44437
2.5,11.2237,1.44566
2.5,11.2447,1.44678
2.5,11.2657,1.44772
2.5,11.2867,1.44847
2.5,11.3076,1.44899
2.5,11.3286,1.44927
2.5,11.3496,1.44928
2.5,11.3706,1.44899
2.5,11.3916,1.44836
2.5,11.4125,1.44735
2.5,11.4335,1.44591
2.5,11.4545,1.44399
2.5,11.4755,1.4415
2.5,11.4964,1.43837
2.5,11.5174,1.43451
2.5,11.5384,1.4298
2.5,11.5594,1.42412
2.5,11.5804,1.41731
2.5,11.6013,1.4092
2.5,11.6223,1.39961
2.5,11.6433,1.38832
2.5,11.6643,1.3751
2.5,11.6853,1.3597
2.5,11.7062,1.34189
2.5,11.7272,1.32141
2.5,11.7482,1.29808
2.5,11.7692,1.27173
2.5,11.7902,1.2423
2.5,11.8111,1.20982
2.5,11.8321,1.17446
2.5,11.8531,1.13652
2.5,11.8741,1.09646
2.5,11.895,1.05489
2.5,11.916,1.01248
2.5,11.937,0.969998
2.5,11.958,0.928182
2.5,11.979,0.887731
2.5,11.9999,0.849244
2.5,12.0209,0.813191
2.5,12.0419,0.779898
2.5,12.0629,0.749551
2.5,12.0839,0.722205
2.5,12.1048,0.697813
2.5,12.1258,0.676247
2.5,12.1468,0.657321
2.5,12.1678,0.640822
2.5,12.1888,0.626519
2.5,12.2097,0.61418
2.5,12.2307,0.603585
2.5,12.2517,0.594525
2.5,12.2727,0.586813
2.5,12.2936,0.58028
2.5,12.3146,0.574776
2.5,12.3356,0.570171
2.5,12.3566,0.566351
2.5,12.3776,0.563219
2.5,12.3985,0.56069
2.5,12.4195,0.558691
2.5,12.4405,0.557161
2.5,12.4615,0.556046
2.5,12.4825,0.555301
2.5,12.5034,0.554886
2.5,12.5244,0.554767
2.5,12.5454,0.554916
2.5,12.5664,0.555307
3,0,0.756498
3,0.0209789,0.725764
3,0.0419578,0.69882
3,0.0629367,0.675497
3,0.0839157,0.655533
3,0.104895,0.638612
3,0.125873,0.624401
3,0.146852,0.612564
3,0.167831,0.602786
3,0.18881,0.594778
3,0.209789,0.588282
3,0.230768,0.583071
3,0.251747,0.578951
3,0.272726,0.575755
3,0.293705,0.573344
3,0.314684,0.571596
3,0.335663,0.570416
3,0.356642,0.569718
3,0.37762,0.569434
3,0.398599,0.569507
3,0.419578,0.569888
3,0.440557,0.570538
3,0.461536,0.571423
3,0.482515,0.572514
3,0.503494,0.573789
3,0.524473,0.575226
3,0.545452,0.576811
3,0.566431,0.578527
3,0.58741,0.580364
3,0.608389,0.582308
3,0.629367,0.584354
3,0.650346,0.586489
3,0.671325,0.588712
3,0.692304,0.591012
3,0.713283,0.593388
3,0.734262,0.59583
3,0.755241,0.59834
3,0.77622,0.600907
3,0.797199,0.603535
3,0.818178,0.606213
3,0.839157,0.608947
3,0.860136,0.611726
3,0.881114,0.614556
3,0.902093,0.617425
3,0.923072,0.620342
3,0.944051,0.623294
3,0.96503,0.626291
3,0.986009,0.629318
3,1.00699,0.632389
3,1.02797,0.635486
3,1.04895,0.638625
3,1.06992,0.641786
3,1.0909,0.644988
3,1.11188,0.648209
3,1.13286,0.651471
3,1.15384,0.654747
3,1.17482,0.658064
3,1.1958,0.661391
3,1.21678,0.66476
3,1.23776,0.668136
3,1.25873,0.671554
3,1.27971,0.674975
3,1.30069,0.678439
3,1.32167,0.681902
3,1.34265,0.685409
3,1.36363,0.688912
3,1.38461,0.692461
3,1.40559,0.696001
3,1.42657,0.699589
3,1.44755,0.703164
3,1.46852,0.706789
3,1.4895,0.710397
3,1.51048,0.714057
3,1.53146,0.717697
3,1.55244,0.721391
3,1.57342,0.725059
3,1.5944,0.728786
3,1.61538,0.732481
3,1.63636,0.736239
3,1.65733,0.73996
3,1.67831,0.743747
3,1.69929,0.747493
3,1.72027,0.751309
3,1.74125,0.755077
3,1.76223,0.75892
3,1.78321,0.76271
3,1.80419,0.766579
3,1.82517,0.770389
3,1.84614,0.774283
3,1.86712,0.778112
3,1.8881,0.782031
3,1.90908,0.785878
3,1.93006,0.78982
3,1.95104,0.793683
3,1.97202,0.797647
3,1.993,0.801526
3,2.01398,0.805512
3,2.03495,0.809405
3,2.05593,0.813412
3,2.07691,0.817319
3,2.09789,0.821346
3,2.11887,0.825266
3,2.13985,0.829312
3,2.16083,0.833243
3,2.18181,0.837307
3,2.20279,0.84125
3,2.22377,0.845332
3,2.24474,0.849284
3,2.26572,0.853383
3,2.2867,0.857345
3,2.30768,0.86146
3,2.32866,0.86543
3,2.34964,0.869561
3,2.37062,0.873539
3,2.3916,0.877684
3,2.41258,0.88167
3,2.43355,0.885828
3,2.45453,0.889821
3,2.47551,0.893992
3,2.49649,0.897991
3,2.51747,0.902174
3,2.53845,0.906178
3,2.55943,0.910373
3,2.58041,0.914382
3,2.60139,0.918587
3,2.62236,0.922601
3,2.64334,0.926815
3,2.66432,0.930833
3,2.6853,0.935056
3,2.70628,0.939077
3,2.72726,0.943308
3,2.74824,0.947332
3,2.76922,0.951569
3,2.7902,0.955596
3,2.81117,0.95984
3,2.83215,0.963869
3,2.85313,0.968117
3,2.87411,0.972148
3,2.89509,0.9764
3,2.91607,0.980432
3,2.93705,0.984687
3,2.95803,0.98872
3,2.97901,0.992977
3,2.99998,0.997011
3,3.02096,1.00127
3,3.04194,1.0053
3,3.06292,1.00956
3,3.0839,1.0136
3,3.10488,1.01785
3,3.12586,1.02189
3,3.14684,1.02614
3,3.16782,1.03017
3,3.1888,1.03442
3,3.20977,1.03846
3,3.23075,1.0427
3,3.25173,1.04673
3,3.27271,1.05098
3,3.29369,1.05501
3,3.31467,1.05924
3,3.33565,1.06327
3,3.35663,1.0675
3,3.37761,1.07152
3,3.39858,1.07574
3,3.41956,1.07976
3,3.44054,1.08398
3,3.46152,1.08799
3,3.4825,1.0922
3,3.50348,1.09621
3,3.52446,1.1004
3,3.54544,1.10441
3,3.56642,1.10859
3,3.58739,1.11259
3,3.60837,1.11676
3,3.62935,1.12076
3,3.65033,1.12491
3,3.67131,1.1289
3,3.69229,1.13304
3,3.71327,1.13703
3,3.73425,1.14115
3,3.75523,1.14513
3,3.7762,1.14924
3,3.79718,1.15321
3,3.81816,1.1573
3,3.83914,1.16126
3,3.86012,1.16534
3,3.8811,1.16929
3,3.90208,1.17335
3,3.92306,1.17728
3,3.94404,1.18133
3,3.96502,1.18525
3,3.98599,1.18928
3,4.00697,1.19319
3,4.02795,1.19719
3,4.04893,1.20109
3,4.06991,1.20507
3,4.09089,1.20896
3,4.11187,1.21292
3,4.13285,1.21679
3,4.15383,1.22073
3,4.1748,1.22458
3,4.19578,1.22849
3,4.21676,1.23233
3,4.23774,1.23622
3,4.25872,1.24003
3,4.2797,1.2439
3,4.30068,1.2477
3,4.32166,1.25154
3,4.34264,1.25531
3,4.36361,1.25912
3,4.38459,1.26287
3,4.40557,1.26666
3,4.42655,1.27038
3,4.44753,1.27414
3,4.46851,1.27784
3,4.48949,1.28156
3,4.51047,1.28524
3,4.53145,1.28893
3,4.55242,1.29257
3,4.5734,1.29623
3,4.59438,1.29984
3,4.61536,1.30347
3,4.63634,1.30705
3,4.65732,1.31063
3,4.6783,1.31418
3,4.69928,1.31772
3,4.72026,1.32123
3,4.74123,1.32473
3,4.76221,1.3282
3,4.78319,1.33166
3,4.80417,1.33509
3,4.82515,1.3385
3,4.84613,1.34188
3,4.86711,1.34525
3,4.88809,1.34858
3,4.90907,1.35189
3,4.93005,1.35517
3,4.95102,1.35843
3,4.972,1.36165
3,4.99298,1.36485
3,5.01396,1.36801
3,5.03494,1.37114
3,5.05592,1.37424
3,5.0769,1.3773
3,5.09788,1.38032
3,5.11886,1.38331
3,5.13983,1.38626
3,5.16081,1.38917
3,5.18179,1.39203
3,5.20277,1.39485
3,5.22375,1.39762
3,5.24473,1.40034
3,5.26571,1.403
3,5.28669,1.40561
3,5.30767,1.40815
3,5.32864,1.41064
3,5.34962,1.41305
3,5.3706,1.41539
3,5.39158,1.41765
3,5.41256,1.41982
3,5.43354,1.4219
3,5.45452,1.42388
3,5.4755,1.42574
3,5.49648,1.42748
3,5.51745,1.42908
3,5.53843,1.43053
3,5.55941,1.4318
3,5.58039,1.43287
3,5.60137,1.43371
3,5.62235,1.43429
3,5.64333,1.43457
3,5.66431,1.4345
3,5.68529,1.43401
3,5.70627,1.43304
3,5.72724,1.4315
3,5.74822,1.42928
3,5.7692,1.42625
3,5.79018,1.42227
3,5.81116,1.41715
3,5.83214,1.41068
3,5.85312,1.40261
3,5.8741,1.39267
3,5.89508,1.38053
3,5.91605,1.36586
3,5.93703,1.3483
3,5.95801,1.32749
3,5.97899,1.30314
3,5.99997,1.27499
3,6.02095,1.24291
3,6.04193,1.20695
3,6.06291,1.16735
3,6.08389,1.12457
3,6.10486,1.07932
3,6.12584,1.03248
3,6.14682,0.98507
3,6.1678,0.938151
3,6.18878,0.892735
3,6.20976,0.849701
3,6.23074,0.809736
3,6.25172,0.773304
3,6.2727,0.740651
3,6.29367,0.711826
3,6.31465,0.686721
3,6.33563,0.665114
3,6.35661,0.646713
3,6.37759,0.631189
3,6.39857,0.618205
3,6.41955,0.607436
3,6.44053,0.598577
3,6.46151,0.591355
3,6.48249,0.585528
3,6.50346,0.580885
3,6.52444,0.577246
3,6.54542,0.574458
3,6.5664,0.572392
3,6.58738,0.57094
3,6.60836,0.57001
3,6.62934,0.569527
3,6.65032,0.569428
3,6.6713,0.56966
3,6.69227,0.57018
3,6.71325,0.570951
3,6.73423,0.571942
3,6.75521,0.573127
3,6.77619,0.574486
3,6.79717,0.575998
3,6.81815,0.57765
3,6.83913,0.579427
3,6.86011,0.581318
3,6.88108,0.583314
3,6.90206,0.585405
3,6.92304,0.587585
3,6.94402,0.589847
3,6.965,0.592184
3,6.98598,0.594593
3,7.00696,0.597069
3,7.02794,0.599607
3,7.04892,0.602204
3,7.06989,0.604857
3,7.09087,0.607562
3,7.11185,0.610318
3,7.13283,0.613121
3,7.15381,0.61597
3,7.17479,0.618862
3,7.19577,0.621795
3,7.21675,0.624768
3,7.23773,0.627779
3,7.2587,0.630827
3,7.27968,0.633909
3,7.30066,0.637025
3,7.32164,0.640173
3,7.34262,0.643353
3,7.3636,0.646562
3,7.38458,0.649801
3,7.40556,0.653067
3,7.42654,0.656361
3,7.44752,0.65968
3,7.46849,0.663025
3,7.48947,0.666394
3,7.51045,0.669787
3,7.53143,0.673203
3,7.55241,0.676641
3,7.57339,0.6801
3,7.59437,0.683581
3,7.61535,0.687081
3,7.63633,0.690602
3,7.6573,0.694141
3,7.67828,0.697699
3,7.69926,0.701275
3,7.72024,0.704868
3,7.74122,0.708478
3,7.7622,0.712105
3,7.78318,0.715748
3,7.80416,0.719406
3,7.82514,0.72308
3,7.84611,0.726768
3,7.86709,0.73047
3,7.88807,0.734187
3,7.90905,0.737917
3,7.93003,0.74166
3,7.95101,0.745416
3,7.97199,0.749185
3,7.99297,0.752966
3,8.01395,0.756759
3,8.03492,0.760563
3,8.0559,0.764378
3,8.07688,0.768204
3,8.09786,0.772041
3,8.11884,0.775889
3,8.13982,0.779746
3,8.1608,0.783613
3,8.18178,0.78749
3,8.20276,0.791376
3,8.22374,0.795271
3,8.24471,0.799174
3,8.26569,0.803087
3,8.28667,0.807007
3,8.30765,0.810936
3,8.32863,0.814872
3,8.34961,0.818816
3,8.37059,0.822768
3,8.39157,0.826726
3,8.41255,0.830692
3,8.43352,0.834664
3,8.4545,0.838643
3,8.47548,0.842628
3,8.49646,0.84662
3,8.51744,0.850617
3,8.53842,0.85462
3,8.5594,0.858629
3,8.58038,0.862643
3,8.60136,0.866663
3,8.62233,0.870687
3,8.64331,0.874717
3,8.66429,0.878751
3,8.68527,0.88279
3,8.70625,0.886833
3,8.72723,0.89088
3,8.74821,0.894931
3,8.76919,0.898987
3,8.79017,0.903046
3,8.81114,0.907108
3,8.83212,0.911174
3,8.8531,0.915243
3,8.87408,0.919316
3,8.89506,0.923391
3,8.91604,0.927469
3,8.93702,0.93155
3,8.958,0.935633
3,8.97898,0.939718
3,8.99995,0.943806
3,9.02093,0.947896
3,9.04191,0.951988
3,9.06289,0.956081
3,9.08387,0.960176
3,9.10485,0.964273
3,9.12583,0.968371
3,9.14681,0.97247
3,9.16779,0.976571
3,9.18877,0.980672
3,9.20974,0.984774
3,9.23072,0.988877
3,9.2517,0.99298
3,9.27268,0.997083
3,9.29366,1.00119
3,9.31464,1.00529
3,9.33562,1.00939
3,9.3566,1.0135
3,9.37758,1.0176
3,9.39855,1.0217
3,9.41953,1.02581
3,9.44051,1.02991
3,9.46149,1.03401
3,9.48247,1.03811
3,9.50345,1.04221
3,9.52443,1.0463
3,9.54541,1.0504
3,9.56639,1.05449
3,9.58736,1.05859
3,9.60834,1.06268
3,9.62932,1.06677
3,9.6503,1.07085
3,9.67128,1.07494
3,9.69226,1.07902
3,9.71324,1.0831
3,9.73422,1.08717
3,9.7552,1.09125
3,9.77617,1.09532
3,9.79715,1.09938
3,9.81813,1.10345
3,9.83911,1.10751
3,9.86009,1.11156
3,9.88107,1.11562
3,9.90205,1.11967
3,9.92303,1.12371
3,9.94401,1.12775
3,9.96499,1.13179
3,9.98596,1.13582
3,10.0069,1.13984
3,10.0279,1.14386
3,10.0489,1.14788
3,10.0699,1.15189
3,10.0909,1.1559
3,10.1118,1.1599
3,10.1328,1.16389
3,10.1538,1.16788
3,10.1748,1.17186
3,10.1958,1.17583
3,10.2167,1.1798
3,10.2377,1.18376
3,10.2587,1.18771
3,10.2797,1.19166
3,10.3006,1.1956
3,10.3216,1.19953
3,10.3426,1.20345
3,10.3636,1.20737
3,10.3846,1.21127
3,10.4055,1.21517
3,10.4265,1.21906
3,10.4475,1.22294
3,10.4685,1.22681
3,10.4895,1.23067
3,10.5104,1.23452
3,10.5314,1.23836
3,10.5524,1.24219
3,10.5734,1.246
3,10.5944,1.24981
3,10.6153,1.25361
3,10.6363,1.25739
3,10.6573,1.26116
3,10.6783,1.26492
3,10.6992,1.26866
3,10.7202,1.2724
3,10.7412,1.27612
3,10.7622,1.27982
3,10.7832,1.28351
3,10.8041,1.28719
3,10.8251,1.29085
3,10.8461,1.29449
3,10.8671,1.29812
3,10.8881,1.30174
3,10.909,1.30533
3,10.93,1.30891
3,10.951,1.31247
3,10.972,1.31601
3,10.993,1.31953
3,11.0139,1.32304
3,11.0349,1.32652
3,11.0559,1.32998
3,11.0769,1.33342
3,11.0978,1.33683
3,11.1188,1.34023
3,11.1398,1.3436
3,11.1608,1.34694
3,11.1818,1.35026
3,11.2027,1.35356
3,11.2237,1.35682
3,11.2447,1.36006
3,11.2657,1.36327
3,11.2867,1.36645
3,11.3076,1.36959
3,11.3286,1.37271
3,11.3496,1.37579
3,11.3706,1.37883
3,11.3916,1.38184
3,11.4125,1.3848
3,11.4335,1.38773
3,11.4545,1.39061
3,11.4755,1.39345
3,11.4964,1.39625
3,11.5174,1.39899
3,11.5384,1.40168
3,11.5594,1.40432
3,11.5804,1.40689
3,11.6013,1.40941
3,11.6223,1.41186
3,11.6433,1.41423
3,11.6643,1.41653
3,11.6853,1.41875
3,11.7062,1.42088
3,11.7272,1.42291
3,11.7482,1.42483
3,11.7692,1.42663
3,11.7902,1.4283
3,11.8111,1.42983
3,11.8321,1.43119
3,11.8531,1.43236
3,11.8741,1.43332
3,11.895,1.43404
3,11.916,1.43447
3,11.937,1.43458
3,11.958,1.43431
3,11.979,1.43359
3,11.9999,1.43235
3,12.0209,1.43048
3,12.0419,1.42788
3,12.0629,1.42439
3,12.0839,1.41987
3,12.1048,1.4141
3,12.1258,1.40686
3,12.1468,1.39789
3,12.1678,1.38689
3,12.1888,1.37353
3,12.2097,1.35746
3,12.2307,1.33832
3,12.2517,1.31578
3,12.2727,1.28955
3,12.2936,1.25944
3,12.3146,1.22541
3,12.3356,1.18758
3,12.3566,1.14632
3,12.3776,1.1022
3,12.3985,1.05604
3,12.4195,1.00878
3,12.4405,0.961483
3,12.4615,0.915196
3,12.4825,0.870872
3,12.5034,0.8293
3,12.5244,0.791058
3,12.5454,0.756498
3,12.5664,0.725764
3.5,0,1.41295
3.5,0.0209789,1.41057
3.5,0.0419578,1.4072
3.5,0.0629367,1.40264
3.5,0.0839157,1.39664
3.5,0.104895,1.38893
3.5,0.125873,1.37917
3.5,0.146852,1.36702
3.5,0.167831,1.35209
3.5,0.18881,1.33397
3.5,0.209789,1.31229
3.5,0.230768,1.28672
3.5,0.251747,1.25701
3.5,0.272726,1.22311
3.5,0.293705,1.18513
3.5,0.314684,1.14345
3.5,0.335663,1.09871
3.5,0.356642,1.05179
3.5,0.37762,1.00377
3.5,0.398599,0.955795
3.5,0.419578,0.909027
3.5,0.440557,0.864498
3.5,0.461536,0.823045
3.5,0.482515,0.78526
3.5,0.503494,0.75148
3.5,0.524473,0.721808
3.5,0.545452,0.696159
3.5,0.566431,0.674302
3.5,0.58741,0.655921
3.5,0.608389,0.640649
3.5,0.629367,0.628109
3.5,0.650346,0.617933
3.5,0.671325,0.609779
3.5,0.692304,0.603339
3.5,0.713283,0.598344
3.5,0.734262,0.594557
3.5,0.755241,0.591782
3.5,0.77622,0.589849
3.5,0.797199,0.58862
3.5,0.818178,0.587975
3.5,0.839157,0.587823
3.5,0.860136,0.588078
3.5,0.881114,0.588682
3.5,0.902093,0.589574
3.5,0.923072,0.590715
3.5,0.944051,0.592065
3.5,0.96503,0.593599
3.5,0.986009,0.595286
3.5,1.00699,0.597112
3.5,1.02797,0.599053
3.5,1.04895,0.601103
3.5,1.06992,0.603242
3.5,1.0909,0.605469
3.5,1.11188,0.607765
3.5,1.13286,0.610135
3.5,1.15384,0.612561
3.5,1.17482,0.615049
3.5,1.1958,0.617583
3.5,1.21678,0.620173
3.5,1.23776,0.6228
3.5,1.25873,0.625477
3.5,1.27971,0.628186
3.5,1.30069,0.63094
3.5,1.32167,0.633721
3.5,1.34265,0.636544
3.5,1.36363,0.639389
3.5,1.38461,0.642275
3.5,1.40559,0.645178
3.5,1.42657,0.64812
3.5,1.44755,0.651076
3.5,1.46852,0.654071
3.5,1.4895,0.657076
3.5,1.51048,0.66012
3.5,1.53146,0.663169
3.5,1.55244,0.666258
3.5,1.57342,0.669349
3.5,1.5944,0.67248
3.5,1.61538,0.67561
3.5,1.63636,0.67878
3.5,1.65733,0.681946
3.5,1.67831,0.685153
3.5,1.69929,0.688353
3.5,1.72027,0.691595
3.5,1.74125,0.694827
3.5,1.76223,0.698102
3.5,1.78321,0.701363
3.5,1.80419,0.704669
3.5,1.82517,0.707958
3.5,1.84614,0.711295
3.5,1.86712,0.71461
3.5,1.8881,0.717974
3.5,1.90908,0.721314
3.5,1.93006,0.724706
3.5,1.95104,0.728068
3.5,1.97202,0.731486
3.5,1.993,0.73487
3.5,2.01398,0.738313
3.5,2.03495,0.741718
3.5,2.05593,0.745184
3.5,2.07691,0.748608
3.5,2.09789,0.752097
3.5,2.11887,0.755539
3.5,2.13985,0.75905
3.5,2.16083,0.762509
3.5,2.18181,0.766041
3.5,2.20279,0.769516
3.5,2.22377,0.773069
3.5,2.24474,0.776559
3.5,2.26572,0.780131
3.5,2.2867,0.783635
3.5,2.30768,0.787226
3.5,2.32866,0.790743
3.5,2.34964,0.794352
3.5,2.37062,0.797882
3.5,2.3916,0.801508
3.5,2.41258,0.80505
3.5,2.43355,0.808693
3.5,2.45453,0.812246
3.5,2.47551,0.815904
3.5,2.49649,0.819468
3.5,2.51747,0.823142
3.5,2.53845,0.826715
3.5,2.55943,0.830404
3.5,2.58041,0.833986
3.5,2.60139,0.837689
3.5,2.62236,0.84128
3.5,2.64334,0.844997
3.5,2.66432,0.848595
3.5,2.6853,0.852325
3.5,2.70628,0.855931
3.5,2.72726,0.859674
3.5,2.74824,0.863286
3.5,2.76922,0.867041
3.5,2.7902,0.870659
3.5,2.81117,0.874426
3.5,2.83215,0.87805
3.5,2.85313,0.881827
3.5,2.87411,0.885457
3.5,2.89509,0.889244
3.5,2.91607,0.892879
3.5,2.93705,0.896676
3.5,2.95803,0.900315
3.5,2.97901,0.904121
3.5,2.99998,0.907764
3.5,3.02096,0.911578
3.5,3.04194,0.915226
3.5,3.06292,0.919048
3.5,3.0839,0.922698
3.5,3.10488,0.926528
3.5,3.12586,0.930181
3.5,3.14684,0.934017
3.5,3.16782,0.937673
3.5,3.1888,0.941515
3.5,3.20977,0.945174
3.5,3.23075,0.949021
3.5,3.25173,0.952682
3.5,3.27271,0.956534
3.5,3.29369,0.960197
3.5,3.31467,0.964052
3.5,3.33565,0.967717
3.5,3.35663,0.971576
3.5,3.37761,0.975241
3.5,3.39858,0.979103
3.5,3.41956,0.98277
3.5,3.44054,0.986633
3.5,3.46152,0.990301
3.5,3.4825,0.994166
3.5,3.50348,0.997834
3.5,3.52446,1.0017
3.5,3.54544,1.00537
3.5,3.56642,1.00923
3.5,3.58739,1.0129
3.5,3.60837,1.01677
3.5,3.62935,1.02043
3.5,3.65033,1.0243
3.5,3.67131,1.02796
3.5,3.69229,1.03183
3.5,3.71327,1.03549
3.5,3.73425,1.03935
3.5,3.75523,1.04302
3.5,3.7762,1.04687
3.5,3.79718,1.05053
3.5,3.81816,1.05439
3.5,3.83914,1.05805
3.5,3.86012,1.06189
3.5,3.8811,1.06555
3.5,3.90208,1.0694
3.5,3.92306,1.07305
3.5,3.94404,1.07689
3.5,3.96502,1.08054
3.5,3.98599,1.08437
3.5,4.00697,1.08803
3.5,4.02795,1.09185
3.5,4.04893,1.0955
3.5,4.06991,1.09931
3.5,4.09089,1.10295
3.5,4.11187,1.10676
3.5,4.13285,1.1104
3.5,4.15383,1.1142
3.5,4.1748,1.11783
3.5,4.19578,1.12162
3.5,4.21676,1.12525
3.5,4.23774,1.12903
3.5,4.25872,1.13265
3.5,4.2797,1.13642
3.5,4.30068,1.14004
3.5,4.32166,1.14379
3.5,4.34264,1.14741
3.5,4.36361,1.15115
3.5,4.38459,1.15476
3.5,4.40557,1.15849
3.5,4.42655,1.16209
3.5,4.44753,1.1658
3.5,4.46851,1.1694
3.5,4.48949,1.1731
3.5,4.51047,1.17668
3.5,4.53145,1.18037
3.5,4.55242,1.18395
3.5,4.5734,1.18762
3.5,4.59438,1.19119
3.5,4.61536,1.19484
3.5,4.63634,1.1984
3.5,4.65732,1.20204
3.5,4.6783,1.20559
3.5,4.69928,1.20921
3.5,4.72026,1.21275
3.5,4.74123,1.21635
3.5,4.76221,1.21987
3.5,4.78319,1.22346
3.5,4.80417,1.22697
3.5,4.82515,1.23054
3.5,4.84613,1.23404
3.5,4.86711,1.23758
3.5,4.88809,1.24106
3.5,4.90907,1.24459
3.5,4.93005,1.24806
3.5,4.95102,1.25157
3.5,4.972,1.25501
3.5,4.99298,1.2585
3.5,5.01396,1.26193
3.5,5.03494,1.26539
3.5,5.05592,1.2688
3.5,5.0769,1.27224
3.5,5.09788,1.27563
3.5,5.11886,1.27905
3.5,5.13983,1.28241
3.5,5.16081,1.2858
3.5,5.18179,1.28915
3.5,5.20277,1.29251
3.5,5.22375,1.29583
3.5,5.24473,1.29916
3.5,5.26571,1.30246
3.5,5.28669,1.30576
3.5,5.30767,1.30903
3.5,5.32864,1.3123
3.5,5.34962,1.31554
3.5,5.3706,1.31878
3.5,5.39158,1.32198
3.5,5.41256,1.32518
3.5,5.43354,1.32835
3.5,5.45452,1.33152
3.5,5.4755,1.33465
3.5,5.49648,1.33778
3.5,5.51745,1.34088
3.5,5.53843,1.34396
3.5,5.55941,1.34701
3.5,5.58039,1.35005
3.5,5.60137,1.35306
3.5,5.62235,1.35605
3.5,5.64333,1.359
3.5,5.66431,1.36194
3.5,5.68529,1.36484
3.5,5.70627,1.36772
3.5,5.72724,1.37056
3.5,5.74822,1.37338
3.5,5.7692,1.37615
3.5,5.79018,1.37889
3.5,5.81116,1.38159
3.5,5.83214,1.38425
3.5,5.85312,1.38686
3.5,5.8741,1.38942
3.5,5.89508,1.39193
3.5,5.91605,1.39439
3.5,5.93703,1.39677
3.5,5.95801,1.39909
3.5,5.97899,1.40132
3.5,5.99997,1.40347
3.5,6.02095,1.40552
3.5,6.04193,1.40745
3.5,6.06291,1.40924
3.5,6.08389,1.41089
3.5,6.10486,1.41235
3.5,6.12584,1.41361
3.5,6.14682,1.41461
3.5,6.1678,1.41532
3.5,6.18878,1.41567
3.5,6.20976,1.4156
3.5,6.23074,1.41502
3.5,6.25172,1.41381
3.5,6.2727,1.41187
3.5,6.29367,1.40902
3.5,6.31465,1.40508
3.5,6.33563,1.39983
3.5,6.35661,1.39302
3.5,6.37759,1.38433
3.5,6.39857,1.37342
3.5,6.41955,1.35993
3.5,6.44053,1.34345
3.5,6.46151,1.3236
3.5,6.48249,1.30001
3.5,6.50346,1.27239
3.5,6.52444,1.24058
3.5,6.54542,1.20461
3.5,6.5664,1.16472
3.5,6.58738,1.12141
3.5,6.60836,1.07546
3.5,6.62934,1.02785
3.5,6.65032,0.9797
3.5,6.6713,0.932191
3.5,6.69227,0.886424
3.5,6.71325,0.843343
3.5,6.73423,0.803666
3.5,6.75521,0.767856
3.5,6.77619,0.736131
3.5,6.79717,0.708491
3.5,6.81815,0.684773
3.5,6.83913,0.664697
3.5,6.86011,0.647918
3.5,6.88108,0.634059
3.5,6.90206,0.622745
3.5,6.92304,0.613621
3.5,6.94402,0.60636
3.5,6.965,0.600674
3.5,6.98598,0.596309
3.5,7.00696,0.593051
3.5,7.02794,0.590716
3.5,7.04892,0.58915
3.5,7.06989,0.588226
3.5,7.09087,0.587838
3.5,7.11185,0.587899
3.5,7.13283,0.588335
3.5,7.15381,0.589088
3.5,7.17479,0.59011
3.5,7.19577,0.591359
3.5,7.21675,0.592804
3.5,7.23773,0.594416
3.5,7.2587,0.596174
3.5,7.27968,0.598059
3.5,7.30066,0.600056
3.5,7.32164,0.602151
3.5,7.34262,0.604333
3.5,7.3636,0.606595
3.5,7.38458,0.608928
3.5,7.40556,0.611325
3.5,7.42654,0.613782
3.5,7.44752,0.616293
3.5,7.46849,0.618854
3.5,7.48947,0.621461
3.5,7.51045,0.624112
3.5,7.53143,0.626804
3.5,7.55241,0.629534
3.5,7.57339,0.6323
3.5,7.59437,0.6351
3.5,7.61535,0.637933
3.5,7.63633,0.640796
3.5,7.6573,0.643688
3.5,7.67828,0.646609
3.5,7.69926,0.649556
3.5,7.72024,0.652529
3.5,7.74122,0.655527
3.5,7.7622,0.658548
3.5,7.78318,0.661592
3.5,7.80416,0.664658
3.5,7.82514,0.667744
3.5,7.84611,0.670852
3.5,7.86709,0.673979
3.5,7.88807,0.677125
3.5,7.90905,0.680289
3.5,7.93003,0.683471
3.5,7.95101,0.68667
3.5,7.97199,0.689886
3.5,7.99297,0.693119
3.5,8.01395,0.696366
3.5,8.03492,0.69963
3.5,8.0559,0.702907
3.5,8.07688,0.7062
3.5,8.09786,0.709506
3.5,8.11884,0.712825
3.5,8.13982,0.716158
3.5,8.1608,0.719504
3.5,8.18178,0.722862
3.5,8.20276,0.726232
3.5,8.22374,0.729613
3.5,8.24471,0.733007
3.5,8.26569,0.736411
3.5,8.28667,0.739826
3.5,8.30765,0.743252
3.5,8.32863,0.746688
3.5,8.34961,0.750134
3.5,8.37059,0.75359
3.5,8.39157,0.757055
3.5,8.41255,0.760529
3.5,8.43352,0.764013
3.5,8.4545,0.767505
3.5,8.47548,0.771006
3.5,8.49646,0.774515
3.5,8.51744,0.778032
3.5,8.53842,0.781557
3.5,8.5594,0.78509
3.5,8.58038,0.78863
3.5,8.60136,0.792178
3.5,8.62233,0.795732
3.5,8.64331,0.799294
3.5,8.66429,0.802862
3.5,8.68527,0.806437
3.5,8.70625,0.810018
3.5,8.72723,0.813606
3.5,8.74821,0.8172
3.5,8.76919,0.820799
3.5,8.79017,0.824404
3.5,8.81114,0.828015
3.5,8.83212,0.831631
3.5,8.8531,0.835252
3.5,8.87408,0.838879
3.5,8.89506,0.842511
3.5,8.91604,0.846147
3.5,8.93702,0.849788
3.5,8.958,0.853434
3.5,8.97898,0.857084
3.5,8.99995,0.860738
3.5,9.02093,0.864397
3.5,9.04191,0.868059
3.5,9.06289,0.871726
3.5,9.08387,0.875396
3.5,9.10485,0.87907
3.5,9.12583,0.882747
3.5,9.14681,0.886428
3.5,9.16779,0.890112
3.5,9.18877,0.893799
3.5,9.20974,0.89749
3.5,9.23072,0.901183
3.5,9.2517,0.904879
3.5,9.27268,0.908578
3.5,9.29366,0.912279
3.5,9.31464,0.915983
3.5,9.33562,0.91969
3.5,9.3566,0.923398
3.5,9.37758,0.927109
3.5,9.39855,0.930822
3.5,9.41953,0.934537
3.5,9.44051,0.938253
3.5,9.46149,0.941972
3.5,9.48247,0.945692
3.5,9.50345,0.949413
3.5,9.52443,0.953136
3.5,9.54541,0.956861
3.5,9.56639,0.960587
3.5,9.58736,0.964313
3.5,9.60834,0.968041
3.5,9.62932,0.97177
3.5,9.6503,0.9755
3.5,9.67128,0.97923
3.5,9.69226,0.982961
3.5,9.71324,0.986693
3.5,9.73422,0.990425
3.5,9.7552,0.994157
3.5,9.77617,0.99789
3.5,9.79715,1.00162
3.5,9.81813,1.00536
3.5,9.83911,1.00909
3.5,9.86009,1.01282
3.5,9.88107,1.01655
3.5,9.90205,1.02029
3.5,9.92303,1.02402
3.5,9.94401,1.02775
3.5,9.96499,1.03148
3.5,9.98596,1.03521
3.5,10.0069,1.03894
3.5,10.0279,1.04267
3.5,10.0489,1.04639
3.5,10.0699,1.05012
3.5,10.0909,1.05385
3.5,10.1118,1.05757
3.5,10.1328,1.06129
3.5,10.1538,1.06501
3.5,10.1748,1.06873
3.5,10.1958,1.07245
3.5,10.2167,1.07616
3.5,10.2377,1.07988
3.5,10.2587,1.08359
3.5,10.2797,1.0873
3.5,10.3006,1.09101
3.5,10.3216,1.09471
3.5,10.3426,1.09841
3.5,10.3636,1.10211
3.5,10.3846,1.10581
3.5,10.4055,1.10951
3.5,10.4265,1.1132
3.5,10.4475,1.11689
3.5,10.4685,1.12057
3.5,10.4895,1.12425
3.5,10.5104,1.12793
3.5,10.5314,1.13161
3.5,10.5524,1.13528
3.5,10.5734,1.13895
3.5,10.5944,1.14261
3.5,10.6153,1.14627
3.5,10.6363,1.14993
3.5,10.6573,1.15358
3.5,10.6783,1.15722
3.5,10.6992,1.16087
3.5,10.7202,1.1645
3.5,10.7412,1.16814
3.5,10.7622,1.17177
3.5,10.7832,1.17539
3.5,10.8041,1.17901
3.5,10.8251,1.18262
3.5,10.8461,1.18623
3.5,10.8671,1.18983
3.5,10.8881,1.19342
3.5,10.909,1.19701
3.5,10.93,1.2006
3.5,10.951,1.20417
3.5,10.972,1.20774
3.5,10.993,1.21131
3.5,11.0139,1.21486
3.5,11.0349,1.21841
3.5,11.0559,1.22196
3.5,11.0769,1.22549
3.5,11.0978,1.22902
3.5,11.1188,1.23254
3.5,11.1398,1.23605
3.5,11.1608,1.23955
3.5,11.1818,1.24305
3.5,11.2027,1.24653
3.5,11.2237,1.25001
3.5,11.2447,1.25348
3.5,11.2657,1.25693
3.5,11.2867,1.26038
3.5,11.3076,1.26382
3.5,11.3286,1.26725
3.5,11.3496,1.27067
3.5,11.3706,1.27407
3.5,11.3916,1.27747
3.5,11.4125,1.28085
3.5,11.4335,1.28422
3.5,11.4545,1.28758
3.5,11.4755,1.29093
3.5,11.4964,1.29427
3.5,11.5174,1.29759
3.5,11.5384,1.3009
3.5,11.5594,1.30419
3.5,11.5804,1.30747
3.5,11.6013,1.31074
3.5,11.6223,1.31399
3.5,11.6433,1.31722
3.5,11.6643,1.32044
3.5,11.6853,1.32364
3.5,11.7062,1.32682
3.5,11.7272,1.32999
3.5,11.7482,1.33313
3.5,11.7692,1.33626
3.5,11.7902,1.33937
3.5,11.8111,1.34246
3.5,11.8321,1.34552
3.5,11.8531,1.34857
3.5,11.8741,1.35159
3.5,11.895,1.35458
3.5,11.916,1.35756
3.5,11.937,1.3605
3.5,11.958,1.36342
3.5,11.979,1.36631
3.5,11.9999,1.36917
3.5,12.0209,1.37199
3.5,12.0419,1.37478
3.5,12.0629,1.37754
3.5,12.0839,1.38026
3.5,12.1048,1.38294
3.5,12.1258,1.38557
3.5,12.1468,1.38816
3.5,12.1678,1.3907
3.5,12.1888,1.39318
3.5,12.2097,1.3956
3.5,12.2307,1.39795
3.5,12.2517,1.40022
3.5,12.2727,1.40242
3.5,12.2936,1.40451
3.5,12.3146,1.4065
3.5,12.3356,1.40837
3.5,12.3566,1.41009
3.5,12.3776,1.41165
3.5,12.3985,1.41301
3.5,12.4195,1.41415
3.5,12.4405,1.41501
3.5,12.4615,1.41555
3.5,12.4825,1.4157
3.5,12.5034,1.41538
3.5,12.5244,1.4145
3.5,12.5454,1.41295
3.5,12.5664,1.41057
4,0,1.34988
4,0.0209789,1.35263
4,0.0419578,1.35535
4,0.0629367,1.35804
4,0.0839157,1.3607
4,0.104895,1.36333
4,0.125873,1.36592
4,0.146852,1.36846
4,0.167831,1.37096
4,0.18881,1.37341
4,0.209789,1.3758
4,0.230768,1.37812
4,0.251747,1.38036
4,0.272726,1.38251
4,0.293705,1.38455
4,0.314684,1.38647
4,0.335663,1.38824
4,0.356642,1.38984
4,0.37762,1.39122
4,0.398599,1.39235
4,0.419578,1.39318
4,0.440557,1.39363
4,0.461536,1.39363
4,0.482515,1.39309
4,0.503494,1.39188
4,0.524473,1.38986
4,0.545452,1.38687
4,0.566431,1.38269
4,0.58741,1.37709
4,0.608389,1.36979
4,0.629367,1.36048
4,0.650346,1.34879
4,0.671325,1.33437
4,0.692304,1.31682
4,0.713283,1.29579
4,0.734262,1.27098
4,0.755241,1.24218
4,0.77622,1.20934
4,0.797199,1.17263
4,0.818178,1.13243
4,0.839157,1.08938
4,0.860136,1.04435
4,0.881114,0.99837
4,0.902093,0.952547
4,0.923072,0.907976
4,0.944051,0.865629
4,0.96503,0.82629
4,0.986009,0.790507
4,1.00699,0.75859
4,1.02797,0.730626
4,1.04895,0.706529
4,1.06992,0.686072
4,1.0909,0.668953
4,1.11188,0.654816
4,1.13286,0.643303
4,1.15384,0.634054
4,1.17482,0.626747
4,1.1958,0.621078
4,1.21678,0.616791
4,1.23776,0.613655
4,1.25873,0.611482
4,1.27971,0.610103
4,1.30069,0.609389
4,1.32167,0.609219
4,1.34265,0.609508
4,1.36363,0.610169
4,1.38461,0.611149
4,1.40559,0.612386
4,1.42657,0.613847
4,1.44755,0.615487
4,1.46852,0.617288
4,1.4895,0.619216
4,1.51048,0.621263
4,1.53146,0.6234
4,1.55244,0.625629
4,1.57342,0.627924
4,1.5944,0.630291
4,1.61538,0.632706
4,1.63636,0.635182
4,1.65733,0.637694
4,1.67831,0.640257
4,1.69929,0.642847
4,1.72027,0.645483
4,1.74125,0.648139
4,1.76223,0.650837
4,1.78321,0.653549
4,1.80419,0.656301
4,1.82517,0.659062
4,1.84614,0.661862
4,1.86712,0.664666
4,1.8881,0.667509
4,1.90908,0.670353
4,1.93006,0.673235
4,1.95104,0.676114
4,1.97202,0.679032
4,1.993,0.681944
4,2.01398,0.684895
4,2.03495,0.687838
4,2.05593,0.69082
4,2.07691,0.69379
4,2.09789,0.696802
4,2.11887,0.699798
4,2.13985,0.702837
4,2.16083,0.705857
4,2.18181,0.708922
4,2.20279,0.711965
4,2.22377,0.715055
4,2.24474,0.718119
4,2.26572,0.721232
4,2.2867,0.724317
4,2.30768,0.727452
4,2.32866,0.730555
4,2.34964,0.733711
4,2.37062,0.736832
4,2.3916,0.740009
4,2.41258,0.743146
4,2.43355,0.746342
4,2.45453,0.749496
4,2.47551,0.75271
4,2.49649,0.755878
4,2.51747,0.759111
4,2.53845,0.762293
4,2.55943,0.765542
4,2.58041,0.768738
4,2.60139,0.772004
4,2.62236,0.775211
4,2.64334,0.778494
4,2.66432,0.781713
4,2.6853,0.78501
4,2.70628,0.78824
4,2.72726,0.791553
4,2.74824,0.794793
4,2.76922,0.798119
4,2.7902,0.80137
4,2.81117,0.80471
4,2.83215,0.807969
4,2.85313,0.811323
4,2.87411,0.81459
4,2.89509,0.817957
4,2.91607,0.821232
4,2.93705,0.824611
4,2.95803,0.827894
4,2.97901,0.831285
4,2.99998,0.834575
4,3.02096,0.837977
4,3.04194,0.841274
4,3.06292,0.844687
4,3.0839,0.84799
4,3.10488,0.851413
4,3.12586,0.854722
4,3.14684,0.858155
4,3.16782,0.86147
4,3.1888,0.864913
4,3.20977,0.868232
4,3.23075,0.871684
4,3.25173,0.875009
4,3.27271,0.878469
4,3.29369,0.881798
4,3.31467,0.885267
4,3.33565,0.8886
4,3.35663,0.892076
4,3.37761,0.895413
4,3.39858,0.898897
4,3.41956,0.902237
4,3.44054,0.905728
4,3.46152,0.909071
4,3.4825,0.912569
4,3.50348,0.915915
4,3.52446,0.919419
4,3.54544,0.922767
4,3.56642,0.926277
4,3.58739,0.929628
4,3.60837,0.933142
4,3.62935,0.936496
4,3.65033,0.940015
4,3.67131,0.94337
4,3.69229,0.946894
4,3.71327,0.95025
4,3.73425,0.953778
4,3.75523,0.957136
4,3.7762,0.960667
4,3.79718,0.964026
4,3.81816,0.96756
4,3.83914,0.970921
4,3.86012,0.974457
4,3.8811,0.977818
4,3.90208,0.981356
4,3.92306,0.984719
4,3.94404,0.988258
4,3.96502,0.991621
4,3.98599,0.995161
4,4.00697,0.998524
4,4.02795,1.00206
4,4.04893,1.00543
4,4.06991,1.00897
4,4.09089,1.01233
4,4.11187,1.01587
4,4.13285,1.01924
4,4.15383,1.02277
4,4.1748,1.02614
4,4.19578,1.02967
4,4.21676,1.03304
4,4.23774,1.03657
4,4.25872,1.03993
4,4.2797,1.04347
4,4.30068,1.04683
4,4.32166,1.05036
4,4.34264,1.05372
4,4.36361,1.05724
4,4.38459,1.0606
4,4.40557,1.06412
4,4.42655,1.06748
4,4.44753,1.071
4,4.46851,1.07435
4,4.48949,1.07787
4,4.51047,1.08122
4,4.53145,1.08473
4,4.55242,1.08808
4,4.5734,1.09158
4,4.59438,1.09493
4,4.61536,1.09843
4,4.63634,1.10177
4,4.65732,1.10526
4,4.6783,1.1086
4,4.69928,1.11209
4,4.72026,1.11543
4,4.74123,1.1189
4,4.76221,1.12224
4,4.78319,1.1257
4,4.80417,1.12903
4,4.82515,1.13249
4,4.84613,1.13582
4,4.86711,1.13927
4,4.88809,1.14259
4,4.90907,1.14603
4,4.93005,1.14935
4,4.95102,1.15278
4,4.972,1.1561
4,4.99298,1.15952
4,5.01396,1.16282
4,5.03494,1.16623
4,5.05592,1.16953
4,5.0769,1.17293
4,5.09788,1.17623
4,5.11886,1.17962
4,5.13983,1.1829
4,5.16081,1.18628
4,5.18179,1.18956
4,5.20277,1.19292
4,5.22375,1.1962
4,5.24473,1.19955
4,5.26571,1.20281
4,5.28669,1.20615
4,5.30767,1.2094
4,5.32864,1.21273
4,5.34962,1.21597
4,5.3706,1.21928
4,5.39158,1.22251
4,5.41256,1.22581
4,5.43354,1.22903
4,5.45452,1.23231
4,5.4755,1.23552
4,5.49648,1.23879
4,5.51745,1.24199
4,5.53843,1.24524
4,5.55941,1.24842
4,5.58039,1.25165
4,5.60137,1.25482
4,5.62235,1.25804
4,5.64333,1.26119
4,5.66431,1.26439
4,5.68529,1.26753
4,5.70627,1.2707
4,5.72724,1.27383
4,5.74822,1.27698
4,5.7692,1.28009
4,5.79018,1.28322
4,5.81116,1.28631
4,5.83214,1.28942
4,5.85312,1.29249
4,5.8741,1.29558
4,5.89508,1.29863
4,5.91605,1.30169
4,5.93703,1.30471
4,5.95801,1.30775
4,5.97899,1.31075
4,5.99997,1.31376
4,6.02095,1.31673
4,6.04193,1.31971
4,6.06291,1.32266
4,6.08389,1.32561
4,6.10486,1.32852
4,6.12584,1.33144
4,6.14682,1.33432
4,6.1678,1.33719
4,6.18878,1.34004
4,6.20976,1.34287
4,6.23074,1.34568
4,6.25172,1.34847
4,6.2727,1.35123
4,6.29367,1.35397
4,6.31465,1.35667
4,6.33563,1.35935
4,6.35661,1.36199
4,6.37759,1.36461
4,6.39857,1.36717
4,6.41955,1.3697
4,6.44053,1.37217
4,6.46151,1.37459
4,6.48249,1.37695
4,6.50346,1.37923
4,6.52444,1.38143
4,6.54542,1.38353
4,6.5664,1.38552
4,6.58738,1.38737
4,6.60836,1.38905
4,6.62934,1.39055
4,6.65032,1.39181
4,6.6713,1.3928
4,6.69227,1.39345
4,6.71325,1.39369
4,6.73423,1.39343
4,6.75521,1.39257
4,6.77619,1.39097
4,6.79717,1.38849
4,6.81815,1.38494
4,6.83913,1.38008
4,6.86011,1.37367
4,6.88108,1.3654
4,6.90206,1.35495
4,6.92304,1.34194
4,6.94402,1.32601
4,6.965,1.30676
4,6.98598,1.28387
4,7.00696,1.25708
4,7.02794,1.22626
4,7.04892,1.19145
4,7.06989,1.15293
4,7.09087,1.11121
4,7.11185,1.06705
4,7.13283,1.02141
4,7.15381,0.975365
4,7.17479,0.930037
4,7.19577,0.886466
4,7.21675,0.845539
4,7.23773,0.807925
4,7.2587,0.77405
4,7.27968,0.744111
4,7.30066,0.7181
4,7.32164,0.695857
4,7.34262,0.677111
4,7.3636,0.661528
4,7.38458,0.648748
4,7.40556,0.638409
4,7.42654,0.63017
4,7.44752,0.623717
4,7.46849,0.618769
4,7.48947,0.615083
4,7.51045,0.61245
4,7.53143,0.610692
4,7.55241,0.609661
4,7.57339,0.609231
4,7.59437,0.6093
4,7.61535,0.609783
4,7.63633,0.61061
4,7.6573,0.611723
4,7.67828,0.613076
4,7.69926,0.614629
4,7.72024,0.616352
4,7.74122,0.618218
4,7.7622,0.620206
4,7.78318,0.622299
4,7.80416,0.624482
4,7.82514,0.626744
4,7.84611,0.629074
4,7.86709,0.631465
4,7.88807,0.633909
4,7.90905,0.636402
4,7.93003,0.638938
4,7.95101,0.641513
4,7.97199,0.644124
4,7.99297,0.646769
4,8.01395,0.649443
4,8.03492,0.652146
4,8.0559,0.654876
4,8.07688,0.65763
4,8.09786,0.660408
4,8.11884,0.663207
4,8.13982,0.666028
4,8.1608,0.668868
4,8.18178,0.671728
4,8.20276,0.674605
4,8.22374,0.6775
4,8.24471,0.680412
4,8.26569,0.683339
4,8.28667,0.686282
4,8.30765,0.68924
4,8.32863,0.692212
4,8.34961,0.695198
4,8.37059,0.698198
4,8.39157,0.70121
4,8.41255,0.704235
4,8.43352,0.707272
4,8.4545,0.710321
4,8.47548,0.713381
4,8.49646,0.716452
4,8.51744,0.719534
4,8.53842,0.722627
4,8.5594,0.725729
4,8.58038,0.728842
4,8.60136,0.731964
4,8.62233,0.735096
4,8.64331,0.738236
4,8.66429,0.741386
4,8.68527,0.744544
4,8.70625,0.74771
4,8.72723,0.750885
4,8.74821,0.754068
4,8.76919,0.757258
4,8.79017,0.760456
4,8.81114,0.763662
4,8.83212,0.766874
4,8.8531,0.770094
4,8.87408,0.77332
4,8.89506,0.776554
4,8.91604,0.779793
4,8.93702,0.783039
4,8.958,0.786291
4,8.97898,0.789549
4,8.99995,0.792813
4,9.02093,0.796083
4,9.04191,0.799358
4,9.06289,0.802639
4,9.08387,0.805925
4,9.10485,0.809217
4,9.12583,0.812513
4,9.14681,0.815814
4,9.16779,0.81912
4,9.18877,0.822431
4,9.20974,0.825746
4,9.23072,0.829066
4,9.2517,0.83239
4,9.27268,0.835718
4,9.29366,0.83905
4,9.31464,0.842386
4,9.33562,0.845726
4,9.3566,0.84907
4,9.37758,0.852418
4,9.39855,0.855769
4,9.41953,0.859124
4,9.44051,0.862482
4,9.46149,0.865843
4,9.48247,0.869207
4,9.50345,0.872575
4,9.52443,0.875945
4,9.54541,0.879318
4,9.56639,0.882695
4,9.58736,0.886073
4,9.60834,0.889455
4,9.62932,0.892839
4,9.6503,0.896225
4,9.67128,0.899614
4,9.69226,0.903005
4,9.71324,0.906399
4,9.73422,0.909794
4,9.7552,0.913192
4,9.77617,0.916591
4,9.79715,0.919993
4,9.81813,0.923396
4,9.83911,0.926801
4,9.86009,0.930207
4,9.88107,0.933615
4,9.90205,0.937025
4,9.92303,0.940436
4,9.94401,0.943848
4,9.96499,0.947262
4,9.98596,0.950677
4,10.0069,0.954093
4,10.0279,0.95751
4,10.0489,0.960928
4,10.0699,0.964347
4,10.0909,0.967766
4,10.1118,0.971187
4,10.1328,0.974608
4,10.1538,0.97803
4,10.1748,0.981452
4,10.1958,0.984875
4,10.2167,0.988298
4,10.2377,0.991722
4,10.2587,0.995145
4,10.2797,0.998569
4,10.3006,1.00199
4,10.3216,1.00542
4,10.3426,1.00884
4,10.3636,1.01227
4,10.3846,1.01569
4,10.4055,1.01911
4,10.4265,1.02254
4,10.4475,1.02596
4,10.4685,1.02938
4,10.4895,1.0328
4,10.5104,1.03623
4,10.5314,1.03965
4,10.5524,1.04307
4,10.5734,1.04649
4,10.5944,1.0499
4,10.6153,1.05332
4,10.6363,1.05674
4,10.6573,1.06015
4,10.6783,1.06357
4,10.6992,1.06698
4,10.7202,1.07039
4,10.7412,1.0738
4,10.7622,1.07721
4,10.7832,1.08062
4,10.8041,1.08402
4,10.8251,1.08743
4,10.8461,1.09083
4,10.8671,1.09423
4,10.8881,1.09763
4,10.909,1.10102
4,10.93,1.10442
4,10.951,1.10781
4,10.972,1.1112
4,10.993,1.11459
4,11.0139,1.11797
4,11.0349,1.12136
4,11.0559,1.12474
4,11.0769,1.12811
4,11.0978,1.13149
4,11.1188,1.13486
4,11.1398,1.13823
4,11.1608,1.14159
4,11.1818,1.14496
4,11.2027,1.14831
4,11.2237,1.15167
4,11.2447,1.15502
4,11.2657,1.15837
4,11.2867,1.16172
4,11.3076,1.16506
4,11.3286,1.1684
4,11.3496,1.17173
4,11.3706,1.17506
4,11.3916,1.17838
4,11.4125,1.18171
4,11.4335,1.18502
4,11.4545,1.18833
4,11.4755,1.19164
4,11.4964,1.19495
4,11.5174,1.19824
4,11.5384,1.20154
4,11.5594,1.20482
4,11.5804,1.20811
4,11.6013,1.21138
4,11.6223,1.21465
4,11.6433,1.21792
4,11.6643,1.22118
4,11.6853,1.22443
4,11.7062,1.22768
4,11.7272,1.23092
4,11.7482,1.23416
4,11.7692,1.23739
4,11.7902,1.24061
4,11.8111,1.24382
4,11.8321,1.24703
4,11.8531,1.25023
4,11.8741,1.25342
4,11.895,1.25661
4,11.916,1.25978
4,11.937,1.26295
4,11.958,1.26611
4,11.979,1.26926
4,11.9999,1.27241
4,12.0209,1.27554
4,12.0419,1.27867
4,12.0629,1.28178
4,12.0839,1.28488
4,12.1048,1.28798
4,12.1258,1.29106
4,12.1468,1.29414
4,12.1678,1.2972
4,12.1888,1.30025
4,12.2097,1.30329
4,12.2307,1.30631
4,12.2517,1.30933
4,12.2727,1.31233
4,12.2936,1.31532
4,12.3146,1.31829
4,12.3356,1.32125
4,12.3566,1.32419
4,12.3776,1.32712
4,12.3985,1.33003
4,12.4195,1.33293
4,12.4405,1.3358
4,12.4615,1.33866
4,12.4825,1.3415
4,12.5034,1.34432
4,12.5244,1.34711
4,12.5454,1.34988
4,12.5664,1.35263
4.5,0,1.25932
4.5,0.0209789,1.26225
4.5,0.0419578,1.26519
4.5,0.0629367,1.26811
4.5,0.0839157,1.27103
4.5,0.104895,1.27393
4.5,0.125873,1.27684
4.5,0.146852,1.27973
4.5,0.167831,1.28261
4.5,0.18881,1.28549
4.5,0.209789,1.28835
4.5,0.230768,1.29121
4.5,0.251747,1.29406
4.5,0.272726,1.2969
4.5,0.293705,1.29973
4.5,0.314684,1.30254
4.5,0.335663,1.30535
4.5,0.356642,1.30814
4.5,0.37762,1.31092
4.5,0.398599,1.31369
4.5,0.419578,1.31645
4.5,0.440557,1.31919
4.5,0.461536,1.32191
4.5,0.482515,1.32462
4.5,0.503494,1.32731
4.5,0.524473,1.32999
4.5,0.545452,1.33264
4.5,0.566431,1.33526
4.5,0.58741,1.33787
4.5,0.608389,1.34044
4.5,0.629367,1.34299
4.5,0.650346,1.34549
4.5,0.671325,1.34796
4.5,0.692304,1.35038
4.5,0.713283,1.35275
4.5,0.734262,1.35505
4.5,0.755241,1.35728
4.5,0.77622,1.35942
4.5,0.797199,1.36146
4.5,0.818178,1.36338
4.5,0.839157,1.36515
4.5,0.860136,1.36674
4.5,0.881114,1.36812
4.5,0.902093,1.36924
4.5,0.923072,1.37005
4.5,0.944051,1.37048
4.5,0.96503,1.37045
4.5,0.986009,1.36986
4.5,1.00699,1.36859
4.5,1.02797,1.36651
4.5,1.04895,1.36343
4.5,1.06992,1.35917
4.5,1.0909,1.3535
4.5,1.11188,1.34614
4.5,1.13286,1.33681
4.5,1.15384,1.32518
4.5,1.17482,1.31093
4.5,1.1958,1.29371
4.5,1.21678,1.27323
4.5,1.23776,1.24925
4.5,1.25873,1.22163
4.5,1.27971,1.19037
4.5,1.30069,1.15567
4.5,1.32167,1.11792
4.5,1.34265,1.07773
4.5,1.36363,1.03588
4.5,1.38461,0.99331
4.5,1.40559,0.950984
4.5,1.42657,0.909864
4.5,1.44755,0.870794
4.5,1.46852,0.834463
4.5,1.4895,0.801347
4.5,1.51048,0.771733
4.5,1.53146,0.745703
4.5,1.55244,0.723197
4.5,1.57342,0.704022
4.5,1.5944,0.687926
4.5,1.61538,0.674593
4.5,1.63636,0.663714
4.5,1.65733,0.65496
4.5,1.67831,0.648046
4.5,1.69929,0.642688
4.5,1.72027,0.638657
4.5,1.74125,0.635729
4.5,1.76223,0.633735
4.5,1.78321,0.632508
4.5,1.80419,0.63193
4.5,1.82517,0.631878
4.5,1.84614,0.632276
4.5,1.86712,0.633032
4.5,1.8881,0.634102
4.5,1.90908,0.635416
4.5,1.93006,0.63695
4.5,1.95104,0.63865
4.5,1.97202,0.640507
4.5,1.993,0.642478
4.5,2.01398,0.644565
4.5,2.03495,0.646729
4.5,2.05593,0.648981
4.5,2.07691,0.651285
4.5,2.09789,0.653659
4.5,2.11887,0.656068
4.5,2.13985,0.658534
4.5,2.16083,0.661023
4.5,2.18181,0.663562
4.5,2.20279,0.666113
4.5,2.22377,0.66871
4.5,2.24474,0.671313
4.5,2.26572,0.673958
4.5,2.2867,0.676603
4.5,2.30768,0.679289
4.5,2.32866,0.68197
4.5,2.34964,0.684691
4.5,2.37062,0.687405
4.5,2.3916,0.690157
4.5,2.41258,0.692899
4.5,2.43355,0.69568
4.5,2.45453,0.698446
4.5,2.47551,0.701253
4.5,2.49649,0.704043
4.5,2.51747,0.706874
4.5,2.53845,0.709685
4.5,2.55943,0.712538
4.5,2.58041,0.715368
4.5,2.60139,0.718243
4.5,2.62236,0.721091
4.5,2.64334,0.723986
4.5,2.66432,0.726851
4.5,2.6853,0.729764
4.5,2.70628,0.732645
4.5,2.72726,0.735576
4.5,2.74824,0.738472
4.5,2.76922,0.74142
4.5,2.7902,0.744329
4.5,2.81117,0.747294
4.5,2.83215,0.750217
4.5,2.85313,0.753197
4.5,2.87411,0.756132
4.5,2.89509,0.759127
4.5,2.91607,0.762073
4.5,2.93705,0.765083
4.5,2.95803,0.76804
4.5,2.97901,0.771064
4.5,2.99998,0.774031
4.5,3.02096,0.777068
4.5,3.04194,0.780045
4.5,3.06292,0.783095
4.5,3.0839,0.786081
4.5,3.10488,0.789143
4.5,3.12586,0.792139
4.5,3.14684,0.795212
4.5,3.16782,0.798216
4.5,3.1888,0.801301
4.5,3.20977,0.804312
4.5,3.23075,0.807408
4.5,3.25173,0.810427
4.5,3.27271,0.813533
4.5,3.29369,0.816559
4.5,3.31467,0.819676
4.5,3.33565,0.822708
4.5,3.35663,0.825835
4.5,3.37761,0.828872
4.5,3.39858,0.832009
4.5,3.41956,0.835052
4.5,3.44054,0.838198
4.5,3.46152,0.841247
4.5,3.4825,0.844402
4.5,3.50348,0.847456
4.5,3.52446,0.850619
4.5,3.54544,0.853677
4.5,3.56642,0.856849
4.5,3.58739,0.859912
4.5,3.60837,0.863091
4.5,3.62935,0.866158
4.5,3.65033,0.869345
4.5,3.67131,0.872415
4.5,3.69229,0.875609
4.5,3.71327,0.878684
4.5,3.73425,0.881885
4.5,3.75523,0.884962
4.5,3.7762,0.88817
4.5,3.79718,0.891251
4.5,3.81816,0.894464
4.5,3.83914,0.897548
4.5,3.86012,0.900767
4.5,3.8811,0.903854
4.5,3.90208,0.907079
4.5,3.92306,0.910168
4.5,3.94404,0.913398
4.5,3.96502,0.916489
4.5,3.98599,0.919724
4.5,4.00697,0.922817
4.5,4.02795,0.926057
4.5,4.04893,0.929152
4.5,4.06991,0.932396
4.5,4.09089,0.935492
4.5,4.11187,0.93874
4.5,4.13285,0.941838
4.5,4.15383,0.945089
4.5,4.1748,0.948189
4.5,4.19578,0.951443
4.5,4.21676,0.954544
4.5,4.23774,0.957801
4.5,4.25872,0.960904
4.5,4.2797,0.964163
4.5,4.30068,0.967266
4.5,4.32166,0.970528
4.5,4.34264,0.973632
4.5,4.36361,0.976895
4.5,4.38459,0.979999
4.5,4.40557,0.983264
4.5,4.42655,0.986369
4.5,4.44753,0.989635
4.5,4.46851,0.99274
4.5,4.48949,0.996007
4.5,4.51047,0.999113
4.5,4.53145,1.00238
4.5,4.55242,1.00549
4.5,4.5734,1.00875
4.5,4.59438,1.01186
4.5,4.61536,1.01512
4.5,4.63634,1.01823
4.5,4.65732,1.02149
4.5,4.6783,1.0246
4.5,4.69928,1.02786
4.5,4.72026,1.03097
4.5,4.74123,1.03423
4.5,4.76221,1.03734
4.5,4.78319,1.0406
4.5,4.80417,1.0437
4.5,4.82515,1.04696
4.5,4.84613,1.05006
4.5,4.86711,1.05332
4.5,4.88809,1.05642
4.5,4.90907,1.05968
4.5,4.93005,1.06278
4.5,4.95102,1.06603
4.5,4.972,1.06913
4.5,4.99298,1.07237
4.5,5.01396,1.07547
4.5,5.03494,1.07871
4.5,5.05592,1.08181
4.5,5.0769,1.08505
4.5,5.09788,1.08815
4.5,5.11886,1.09138
4.5,5.13983,1.09447
4.5,5.16081,1.0977
4.5,5.18179,1.10079
4.5,5.20277,1.10402
4.5,5.22375,1.1071
4.5,5.24473,1.11032
4.5,5.26571,1.11341
4.5,5.28669,1.11662
4.5,5.30767,1.1197
4.5,5.32864,1.12291
4.5,5.34962,1.12599
4.5,5.3706,1.12919
4.5,5.39158,1.13227
4.5,5.41256,1.13546
4.5,5.43354,1.13853
4.5,5.45452,1.14172
4.5,5.4755,1.14479
4.5,5.49648,1.14796
4.5,5.51745,1.15103
4.5,5.53843,1.1542
4.5,5.55941,1.15726
4.5,5.58039,1.16042
4.5,5.60137,1.16348
4.5,5.62235,1.16663
4.5,5.64333,1.16968
4.5,5.66431,1.17283
4.5,5.68529,1.17587
4.5,5.70627,1.17901
4.5,5.72724,1.18205
4.5,5.74822,1.18517
4.5,5.7692,1.18821
4.5,5.79018,1.19132
4.5,5.81116,1.19435
4.5,5.83214,1.19746
4.5,5.85312,1.20048
4.5,5.8741,1.20357
4.5,5.89508,1.20659
4.5,5.91605,1.20967
4.5,5.93703,1.21268
4.5,5.95801,1.21575
4.5,5.97899,1.21875
4.5,5.99997,1.22181
4.5,6.02095,1.2248
4.5,6.04193,1.22785
4.5,6.06291,1.23083
4.5,6.08389,1.23386
4.5,6.10486,1.23683
4.5,6.12584,1.23986
4.5,6.14682,1.24282
4.5,6.1678,1.24582
4.5,6.18878,1.24878
4.5,6.20976,1.25177
4.5,6.23074,1.25471
4.5,6.25172,1.25769
4.5,6.2727,1.26061
4.5,6.29367,1.26357
4.5,6.31465,1.26649
4.5,6.33563,1.26943
4.5,6.35661,1.27233
4.5,6.37759,1.27526
4.5,6.39857,1.27815
4.5,6.41955,1.28106
4.5,6.44053,1.28393
4.5,6.46151,1.28682
4.5,6.48249,1.28967
4.5,6.50346,1.29254
4.5,6.52444,1.29538
4.5,6.54542,1.29823
4.5,6.5664,1.30104
4.5,6.58738,1.30387
4.5,6.60836,1.30666
4.5,6.62934,1.30946
4.5,6.65032,1.31223
4.5,6.6713,1.31501
4.5,6.69227,1.31775
4.5,6.71325,1.3205
4.5,6.73423,1.32321
4.5,6.75521,1.32592
4.5,6.77619,1.32859
4.5,6.79717,1.33127
4.5,6.81815,1.3339
4.5,6.83913,1.33653
4.5,6.86011,1.33911
4.5,6.88108,1.34168
4.5,6.90206,1.3442
4.5,6.92304,1.3467
4.5,6.94402,1.34914
4.5,6.965,1.35154
4.5,6.98598,1.35387
4.5,7.00696,1.35615
4.5,7.02794,1.35833
4.5,7.04892,1.36043
4.5,7.06989,1.36241
4.5,7.09087,1.36426
4.5,7.11185,1.36595
4.5,7.13283,1.36744
4.5,7.15381,1.3687
4.5,7.17479,1.36967
4.5,7.19577,1.3703
4.5,7.21675,1.37051
4.5,7.23773,1.37021
4.5,7.2587,1.3693
4.5,7.27968,1.36765
4.5,7.30066,1.36509
4.5,7.32164,1.36145
4.5,7.34262,1.35652
4.5,7.3636,1.35004
4.5,7.38458,1.34173
4.5,7.40556,1.33129
4.5,7.42654,1.3184
4.5,7.44752,1.3027
4.5,7.46849,1.28389
4.5,7.48947,1.26168
4.5,7.51045,1.23589
4.5,7.53143,1.20643
4.5,7.55241,1.17342
4.5,7.57339,1.13713
4.5,7.59437,1.09807
4.5,7.61535,1.05695
4.5,7.63633,1.01462
4.5,7.6573,0.972042
4.5,7.67828,0.930206
4.5,7.69926,0.890013
4.5,7.72024,0.852239
4.5,7.74122,0.817467
4.5,7.7622,0.78608
4.5,7.78318,0.758257
4.5,7.80416,0.734005
4.5,7.82514,0.713193
4.5,7.84611,0.695594
4.5,7.86709,0.680919
4.5,7.88807,0.668852
4.5,7.90905,0.659074
4.5,7.93003,0.651275
4.5,7.95101,0.64517
4.5,7.97199,0.640503
4.5,7.99297,0.637047
4.5,8.01395,0.634607
4.5,8.03492,0.633013
4.5,8.0559,0.632124
4.5,8.07688,0.63182
4.5,8.09786,0.632002
4.5,8.11884,0.632587
4.5,8.13982,0.633506
4.5,8.1608,0.634702
4.5,8.18178,0.636129
4.5,8.20276,0.637748
4.5,8.22374,0.639529
4.5,8.24471,0.641444
4.5,8.26569,0.643473
4.5,8.28667,0.645598
4.5,8.30765,0.647806
4.5,8.32863,0.650083
4.5,8.34961,0.652421
4.5,8.37059,0.654811
4.5,8.39157,0.657247
4.5,8.41255,0.659722
4.5,8.43352,0.662234
4.5,8.4545,0.664777
4.5,8.47548,0.667348
4.5,8.49646,0.669946
4.5,8.51744,0.672567
4.5,8.53842,0.675209
4.5,8.5594,0.677871
4.5,8.58038,0.680552
4.5,8.60136,0.683249
4.5,8.62233,0.685963
4.5,8.64331,0.688692
4.5,8.66429,0.691435
4.5,8.68527,0.694192
4.5,8.70625,0.696962
4.5,8.72723,0.699745
4.5,8.74821,0.702539
4.5,8.76919,0.705344
4.5,8.79017,0.70816
4.5,8.81114,0.710987
4.5,8.83212,0.713824
4.5,8.8531,0.716671
4.5,8.87408,0.719527
4.5,8.89506,0.722392
4.5,8.91604,0.725266
4.5,8.93702,0.728149
4.5,8.958,0.73104
4.5,8.97898,0.733939
4.5,8.99995,0.736846
4.5,9.02093,0.739761
4.5,9.04191,0.742683
4.5,9.06289,0.745612
4.5,9.08387,0.748549
4.5,9.10485,0.751492
4.5,9.12583,0.754442
4.5,9.14681,0.757398
4.5,9.16779,0.760361
4.5,9.18877,0.76333
4.5,9.20974,0.766305
4.5,9.23072,0.769286
4.5,9.2517,0.772272
4.5,9.27268,0.775265
4.5,9.29366,0.778262
4.5,9.31464,0.781265
4.5,9.33562,0.784273
4.5,9.3566,0.787286
4.5,9.37758,0.790304
4.5,9.39855,0.793327
4.5,9.41953,0.796355
4.5,9.44051,0.799387
4.5,9.46149,0.802424
4.5,9.48247,0.805465
4.5,9.50345,0.80851
4.5,9.52443,0.81156
4.5,9.54541,0.814613
4.5,9.56639,0.817671
4.5,9.58736,0.820732
4.5,9.60834,0.823797
4.5,9.62932,0.826866
4.5,9.6503,0.829938
4.5,9.67128,0.833014
4.5,9.69226,0.836094
4.5,9.71324,0.839176
4.5,9.73422,0.842262
4.5,9.7552,0.845351
4.5,9.77617,0.848443
4.5,9.79715,0.851538
4.5,9.81813,0.854636
4.5,9.83911,0.857737
4.5,9.86009,0.860841
4.5,9.88107,0.863947
4.5,9.90205,0.867056
4.5,9.92303,0.870168
4.5,9.94401,0.873282
4.5,9.96499,0.876398
4.5,9.98596,0.879517
4.5,10.0069,0.882638
4.5,10.0279,0.885761
4.5,10.0489,0.888887
4.5,10.0699,0.892014
4.5,10.0909,0.895143
4.5,10.1118,0.898275
4.5,10.1328,0.901408
4.5,10.1538,0.904543
4.5,10.1748,0.90768
4.5,10.1958,0.910818
4.5,10.2167,0.913958
4.5,10.2377,0.9171
4.5,10.2587,0.920243
4.5,10.2797,0.923388
4.5,10.3006,0.926534
4.5,10.3216,0.929681
4.5,10.3426,0.93283
4.5,10.3636,0.93598
4.5,10.3846,0.939131
4.5,10.4055,0.942283
4.5,10.4265,0.945436
4.5,10.4475,0.948591
4.5,10.4685,0.951746
4.5,10.4895,0.954902
4.5,10.5104,0.958059
4.5,10.5314,0.961216
4.5,10.5524,0.964375
4.5,10.5734,0.967534
4.5,10.5944,0.970693
4.5,10.6153,0.973854
4.5,10.6363,0.977014
4.5,10.6573,0.980176
4.5,10.6783,0.983337
4.5,10.6992,0.986499
4.5,10.7202,0.989661
4.5,10.7412,0.992824
4.5,10.7622,0.995987
4.5,10.7832,0.999149
4.5,10.8041,1.00231
4.5,10.8251,1.00548
4.5,10.8461,1.00864
4.5,10.8671,1.0118
4.5,10.8881,1.01496
4.5,10.909,1.01813
4.5,10.93,1.02129
4.5,10.951,1.02445
4.5,10.972,1.02761
4.5,10.993,1.03077
4.5,11.0139,1.03393
4.5,11.0349,1.0371
4.5,11.0559,1.04026
4.5,11.0769,1.04341
4.5,11.0978,1.04657
4.5,11.1188,1.04973
4.5,11.1398,1.05289
4.5,11.1608,1.05604
4.5,11.1818,1.0592
4.5,11.2027,1.06236
4.5,11.2237,1.06551
4.5,11.2447,1.06866
4.5,11.2657,1.07181
4.5,11.2867,1.07496
4.5,11.3076,1.07811
4.5,11.3286,1.08126
4.5,11.3496,1.08441
4.5,11.3706,1.08755
4.5,11.3916,1.0907
4.5,11.4125,1.09384
4.5,11.4335,1.09698
4.5,11.4545,1.10012
4.5,11.4755,1.10326
4.5,11.4964,1.10639
4.5,11.5174,1.10953
4.5,11.5384,1.11266
4.5,11.5594,1.11579
4.5,11.5804,1.11892
4.5,11.6013,1.12204
4.5,11.6223,1.12517
4.5,11.6433,1.12829
4.5,11.6643,1.13141
4.5,11.6853,1.13453
4.5,11.7062,1.13764
4.5,11.7272,1.14075
4.5,11.7482,1.14386
4.5,11.7692,1.14697
4.5,11.7902,1.15008
4.5,11.8111,1.15318
4.5,11.8321,1.15628
4.5,11.8531,1.15937
4.5,11.8741,1.16247
4.5,11.895,1.16556
4.5,11.916,1.16864
4.5,11.937,1.17173
4.5,11.958,1.17481
4.5,11.979,1.17789
4.5,11.9999,1.18096
4.5,12.0209,1.18403
4.5,12.0419,1.1871
4.5,12.0629,1.19016
4.5,12.0839,1.19322
4.5,12.1048,1.19627
4.5,12.1258,1.19932
4.5,12.1468,1.20237
4.5,12.1678,1.20541
4.5,12.1888,1.20845
4.5,12.2097,1.21148
4.5,12.2307,1.21451
4.5,12.2517,1.21754
4.5,12.2727,1.22056
4.5,12.2936,1.22357
4.5,12.3146,1.22658
4.5,12.3356,1.22959
4.5,12.3566,1.23259
4.5,12.3776,1.23558
4.5,12.3985,1.23857
4.5,12.4195,1.24155
4.5,12.4405,1.24453
4.5,12.4615,1.2475
4.5,12.4825,1.25046
4.5,12.5034,1.25342
4.5,12.5244,1.25637
4.5,12.5454,1.25932
4.5,12.5664,1.26225
5,0,1.17461
5,0.0209789,1.17748
5,0.0419578,1.18034
5,0.0629367,1.1832
5,0.0839157,1.18605
5,0.104895,1.1889
5,0.125873,1.19175
5,0.146852,1.1946
5,0.167831,1.19744
5,0.18881,1.20028
5,0.209789,1.20311
5,0.230768,1.20595
5,0.251747,1.20877
5,0.272726,1.2116
5,0.293705,1.21442
5,0.314684,1.21723
5,0.335663,1.22005
5,0.356642,1.22286
5,0.37762,1.22566
5,0.398599,1.22846
5,0.419578,1.23126
5,0.440557,1.23405
5,0.461536,1.23683
5,0.482515,1.23961
5,0.503494,1.24239
5,0.524473,1.24516
5,0.545452,1.24793
5,0.566431,1.25069
5,0.58741,1.25345
5,0.608389,1.2562
5,0.629367,1.25894
5,0.650346,1.26168
5,0.671325,1.26441
5,0.692304,1.26714
5,0.713283,1.26986
5,0.734262,1.27257
5,0.755241,1.27527
5,0.77622,1.27797
5,0.797199,1.28066
5,0.818178,1.28334
5,0.839157,1.28602
5,0.860136,1.28868
5,0.881114,1.29134
5,0.902093,1.29398
5,0.923072,1.29662
5,0.944051,1.29924
5,0.96503,1.30185
5,0.986009,1.30444
5,1.00699,1.30703
5,1.02797,1.30959
5,1.04895,1.31214
5,1.06992,1.31466
5,1.0909,1.31717
5,1.11188,1.31964
5,1.13286,1.32209
5,1.15384,1.3245
5,1.17482,1.32688
5,1.1958,1.3292
5,1.21678,1.33147
5,1.23776,1.33368
5,1.25873,1.33581
5,1.27971,1.33785
5,1.30069,1.33978
5,1.32167,1.34158
5,1.34265,1.34323
5,1.36363,1.34468
5,1.38461,1.34591
5,1.40559,1.34686
5,1.42657,1.34749
5,1.44755,1.34771
5,1.46852,1.34745
5,1.4895,1.34661
5,1.51048,1.34507
5,1.53146,1.34269
5,1.55244,1.33932
5,1.57342,1.33475
5,1.5944,1.32877
5,1.61538,1.32115
5,1.63636,1.31162
5,1.65733,1.2999
5,1.67831,1.2857
5,1.69929,1.26877
5,1.72027,1.24886
5,1.74125,1.2258
5,1.76223,1.19954
5,1.78321,1.17011
5,1.80419,1.13775
5,1.82517,1.10283
5,1.84614,1.06591
5,1.86712,1.02768
5,1.8881,0.988938
5,1.90908,0.950499
5,1.93006,0.913178
5,1.95104,0.877674
5,1.97202,0.844577
5,1.993,0.814287
5,2.01398,0.787067
5,2.03495,0.762995
5,2.05593,0.742049
5,2.07691,0.724072
5,2.09789,0.708872
5,2.11887,0.69618
5,2.13985,0.685746
5,2.16083,0.67728
5,2.18181,0.670541
5,2.20279,0.66527
5,2.22377,0.66127
5,2.24474,0.658328
5,2.26572,0.656298
5,2.2867,0.655013
5,2.30768,0.654373
5,2.32866,0.654249
5,2.34964,0.654579
5,2.37062,0.655264
5,2.3916,0.656267
5,2.41258,0.657512
5,2.43355,0.658983
5,2.45453,0.660617
5,2.47551,0.662414
5,2.49649,0.66432
5,2.51747,0.666347
5,2.53845,0.668444
5,2.55943,0.670634
5,2.58041,0.672869
5,2.60139,0.675177
5,2.62236,0.677512
5,2.64334,0.679907
5,2.66432,0.682316
5,2.6853,0.684778
5,2.70628,0.687243
5,2.72726,0.689756
5,2.74824,0.692266
5,2.76922,0.69482
5,2.7902,0.697365
5,2.81117,0.699953
5,2.83215,0.702528
5,2.85313,0.705145
5,2.87411,0.707744
5,2.89509,0.710386
5,2.91607,0.713007
5,2.93705,0.715671
5,2.95803,0.718311
5,2.97901,0.720994
5,2.99998,0.723651
5,3.02096,0.726353
5,3.04194,0.729026
5,3.06292,0.731745
5,3.0839,0.734431
5,3.10488,0.737166
5,3.12586,0.739866
5,3.14684,0.742615
5,3.16782,0.745327
5,3.1888,0.748091
5,3.20977,0.750814
5,3.23075,0.753591
5,3.25173,0.756325
5,3.27271,0.759115
5,3.29369,0.761859
5,3.31467,0.764661
5,3.33565,0.767414
5,3.35663,0.770228
5,3.37761,0.77299
5,3.39858,0.775816
5,3.41956,0.778586
5,3.44054,0.781422
5,3.46152,0.7842
5,3.4825,0.787047
5,3.50348,0.789832
5,3.52446,0.792689
5,3.54544,0.795481
5,3.56642,0.798348
5,3.58739,0.801147
5,3.60837,0.804023
5,3.62935,0.806828
5,3.65033,0.809713
5,3.67131,0.812524
5,3.69229,0.815418
5,3.71327,0.818235
5,3.73425,0.821137
5,3.75523,0.823959
5,3.7762,0.82687
5,3.79718,0.829696
5,3.81816,0.832615
5,3.83914,0.835446
5,3.86012,0.838372
5,3.8811,0.841207
5,3.90208,0.844141
5,3.92306,0.846981
5,3.94404,0.849921
5,3.96502,0.852765
5,3.98599,0.855712
5,4.00697,0.858559
5,4.02795,0.861513
5,4.04893,0.864363
5,4.06991,0.867323
5,4.09089,0.870177
5,4.11187,0.873143
5,4.13285,0.876
5,4.15383,0.878972
5,4.1748,0.881831
5,4.19578,0.884809
5,4.21676,0.887671
5,4.23774,0.890653
5,4.25872,0.893518
5,4.2797,0.896505
5,4.30068,0.899372
5,4.32166,0.902365
5,4.34264,0.905234
5,4.36361,0.90823
5,4.38459,0.911101
5,4.40557,0.914102
5,4.42655,0.916975
5,4.44753,0.91998
5,4.46851,0.922854
5,4.48949,0.925863
5,4.51047,0.928739
5,4.53145,0.93175
5,4.55242,0.934628
5,4.5734,0.937643
5,4.59438,0.940522
5,4.61536,0.94354
5,4.63634,0.946419
5,4.65732,0.94944
5,4.6783,0.952321
5,4.69928,0.955344
5,4.72026,0.958226
5,4.74123,0.961251
5,4.76221,0.964133
5,4.78319,0.96716
5,4.80417,0.970044
5,4.82515,0.973072
5,4.84613,0.975956
5,4.86711,0.978986
5,4.88809,0.981871
5,4.90907,0.984901
5,4.93005,0.987786
5,4.95102,0.990818
5,4.972,0.993703
5,4.99298,0.996735
5,5.01396,0.999621
5,5.03494,1.00265
5,5.05592,1.00554
5,5.0769,1.00857
5,5.09788,1.01146
5,5.11886,1.01449
5,5.13983,1.01737
5,5.16081,1.02041
5,5.18179,1.02329
5,5.20277,1.02632
5,5.22375,1.02921
5,5.24473,1.03224
5,5.26571,1.03512
5,5.28669,1.03815
5,5.30767,1.04103
5,5.32864,1.04406
5,5.34962,1.04694
5,5.3706,1.04997
5,5.39158,1.05285
5,5.41256,1.05587
5,5.43354,1.05875
5,5.45452,1.06177
5,5.4755,1.06465
5,5.49648,1.06767
5,5.51745,1.07055
5,5.53843,1.07357
5,5.55941,1.07644
5,5.58039,1.07946
5,5.60137,1.08233
5,5.62235,1.08534
5,5.64333,1.08822
5,5.66431,1.09122
5,5.68529,1.09409
5,5.70627,1.09709
5,5.72724,1.09997
5,5.74822,1.10296
5,5.7692,1.10583
5,5.79018,1.10882
5,5.81116,1.11169
5,5.83214,1.11468
5,5.85312,1.11755
5,5.8741,1.12053
5,5.89508,1.12339
5,5.91605,1.12637
5,5.93703,1.12923
5,5.95801,1.1322
5,5.97899,1.13506
5,5.99997,1.13802
5,6.02095,1.14088
5,6.04193,1.14384
5,6.06291,1.14669
5,6.08389,1.14964
5,6.10486,1.15249
5,6.12584,1.15544
5,6.14682,1.15828
5,6.1678,1.16122
5,6.18878,1.16407
5,6.20976,1.167
5,6.23074,1.16984
5,6.25172,1.17276
5,6.2727,1.17559
5,6.29367,1.17851
5,6.31465,1.18134
5,6.33563,1.18425
5,6.35661,1.18707
5,6.37759,1.18997
5,6.39857,1.19279
5,6.41955,1.19569
5,6.44053,1.1985
5,6.46151,1.20138
5,6.48249,1.20419
5,6.50346,1.20707
5,6.52444,1.20987
5,6.54542,1.21273
5,6.5664,1.21553
5,6.58738,1.21838
5,6.60836,1.22117
5,6.62934,1.22402
5,6.65032,1.2268
5,6.6713,1.22963
5,6.69227,1.23241
5,6.71325,1.23523
5,6.73423,1.238
5,6.75521,1.24081
5,6.77619,1.24356
5,6.79717,1.24636
5,6.81815,1.24911
5,6.83913,1.2519
5,6.86011,1.25464
5,6.88108,1.25741
5,6.90206,1.26014
5,6.92304,1.2629
5,6.94402,1.26561
5,6.965,1.26836
5,6.98598,1.27106
5,7.00696,1.2738
5,7.02794,1.27649
5,7.04892,1.2792
5,7.06989,1.28188
5,7.09087,1.28457
5,7.11185,1.28723
5,7.13283,1.28991
5,7.15381,1.29255
5,7.17479,1.29521
5,7.19577,1.29783
5,7.21675,1.30046
5,7.23773,1.30306
5,7.2587,1.30566
5,7.27968,1.30823
5,7.30066,1.3108
5,7.32164,1.31333
5,7.34262,1.31585
5,7.3636,1.31834
5,7.38458,1.32081
5,7.40556,1.32324
5,7.42654,1.32564
5,7.44752,1.32799
5,7.46849,1.3303
5,7.48947,1.33253
5,7.51045,1.33471
5,7.53143,1.3368
5,7.55241,1.33879
5,7.57339,1.34066
5,7.59437,1.34239
5,7.61535,1.34394
5,7.63633,1.34529
5,7.6573,1.34639
5,7.67828,1.34719
5,7.69926,1.34762
5,7.72024,1.34762
5,7.74122,1.34708
5,7.7622,1.34591
5,7.78318,1.34397
5,7.80416,1.34112
5,7.82514,1.33717
5,7.84611,1.33193
5,7.86709,1.32516
5,7.88807,1.31662
5,7.90905,1.30602
5,7.93003,1.29311
5,7.95101,1.27757
5,7.97199,1.25918
5,7.99297,1.23771
5,8.01395,1.21305
5,8.03492,1.18519
5,8.0559,1.15426
5,8.07688,1.12056
5,8.09786,1.08456
5,8.11884,1.04689
5,8.13982,1.0083
5,8.1608,0.9696
5,8.18178,0.931626
5,8.20276,0.89513
5,8.22374,0.860768
5,8.24471,0.829032
5,8.26569,0.800257
5,8.28667,0.774608
5,8.30765,0.752111
5,8.32863,0.732671
5,8.34961,0.716112
5,8.37059,0.702199
5,8.39157,0.69067
5,8.41255,0.681252
5,8.43352,0.67368
5,8.4545,0.667703
5,8.47548,0.663092
5,8.49646,0.659643
5,8.51744,0.657175
5,8.53842,0.655533
5,8.5594,0.654583
5,8.58038,0.654212
5,8.60136,0.654324
5,8.62233,0.654838
5,8.64331,0.655687
5,8.66429,0.656815
5,8.68527,0.658175
5,8.70625,0.65973
5,8.72723,0.661447
5,8.74821,0.663299
5,8.76919,0.665265
5,8.79017,0.667326
5,8.81114,0.669469
5,8.83212,0.67168
5,8.8531,0.67395
5,8.87408,0.676269
5,8.89506,0.678632
5,8.91604,0.681032
5,8.93702,0.683464
5,8.958,0.685925
5,8.97898,0.688411
5,8.99995,0.690919
5,9.02093,0.693447
5,9.04191,0.695994
5,9.06289,0.698556
5,9.08387,0.701134
5,9.10485,0.703725
5,9.12583,0.70633
5,9.14681,0.708946
5,9.16779,0.711573
5,9.18877,0.71421
5,9.20974,0.716857
5,9.23072,0.719514
5,9.2517,0.72218
5,9.27268,0.724854
5,9.29366,0.727536
5,9.31464,0.730226
5,9.33562,0.732923
5,9.3566,0.735627
5,9.37758,0.738339
5,9.39855,0.741057
5,9.41953,0.743782
5,9.44051,0.746513
5,9.46149,0.74925
5,9.48247,0.751993
5,9.50345,0.754741
5,9.52443,0.757496
5,9.54541,0.760255
5,9.56639,0.763021
5,9.58736,0.765791
5,9.60834,0.768566
5,9.62932,0.771346
5,9.6503,0.774131
5,9.67128,0.776921
5,9.69226,0.779715
5,9.71324,0.782513
5,9.73422,0.785316
5,9.7552,0.788123
5,9.77617,0.790935
5,9.79715,0.79375
5,9.81813,0.796569
5,9.83911,0.799392
5,9.86009,0.802219
5,9.88107,0.805049
5,9.90205,0.807883
5,9.92303,0.810721
5,9.94401,0.813562
5,9.96499,0.816406
5,9.98596,0.819253
5,10.0069,0.822104
5,10.0279,0.824958
5,10.0489,0.827814
5,10.0699,0.830674
5,10.0909,0.833537
5,10.1118,0.836402
5,10.1328,0.83927
5,10.1538,0.842141
5,10.1748,0.845015
5,10.1958,0.847891
5,10.2167,0.850769
5,10.2377,0.85365
5,10.2587,0.856533
5,10.2797,0.859419
5,10.3006,0.862307
5,10.3216,0.865197
5,10.3426,0.868089
5,10.3636,0.870984
5,10.3846,0.87388
5,10.4055,0.876778
5,10.4265,0.879678
5,10.4475,0.88258
5,10.4685,0.885484
5,10.4895,0.88839
5,10.5104,0.891297
5,10.5314,0.894206
5,10.5524,0.897117
5,10.5734,0.900029
5,10.5944,0.902943
5,10.6153,0.905858
5,10.6363,0.908775
5,10.6573,0.911692
5,10.6783,0.914612
5,10.6992,0.917532
5,10.7202,0.920454
5,10.7412,0.923377
5,10.7622,0.926301
5,10.7832,0.929226
5,10.8041,0.932153
5,10.8251,0.93508
5,10.8461,0.938008
5,10.8671,0.940937
5,10.8881,0.943867
5,10.909,0.946798
5,10.93,0.94973
5,10.951,0.952662
5,10.972,0.955596
5,10.993,0.958529
5,11.0139,0.961464
5,11.0349,0.964399
5,11.0559,0.967335
5,11.0769,0.970271
5,11.0978,0.973207
5,11.1188,0.976144
5,11.1398,0.979082
5,11.1608,0.982019
5,11.1818,0.984957
5,11.2027,0.987896
5,11.2237,0.990834
5,11.2447,0.993773
5,11.2657,0.996712
5,11.2867,0.999651
5,11.3076,1.00259
5,11.3286,1.00553
5,11.3496,1.00847
5,11.3706,1.01141
5,11.3916,1.01435
5,11.4125,1.01728
5,11.4335,1.02022
5,11.4545,1.02316
5,11.4755,1.0261
5,11.4964,1.02904
5,11.5174,1.03198
5,11.5384,1.03491
5,11.5594,1.03785
5,11.5804,1.04079
5,11.6013,1.04372
5,11.6223,1.04666
5,11.6433,1.04959
5,11.6643,1.05253
5,11.6853,1.05546
5,11.7062,1.05839
5,11.7272,1.06132
5,11.7482,1.06426
5,11.7692,1.06719
5,11.7902,1.07012
5,11.8111,1.07304
5,11.8321,1.07597
5,11.8531,1.0789
5,11.8741,1.08182
5,11.895,1.08475
5,11.916,1.08767
5,11.937,1.09059
5,11.958,1.09352
5,11.979,1.09644
5,11.9999,1.09935
5,12.0209,1.10227
5,12.0419,1.10519
5,12.0629,1.1081
5,12.0839,1.11101
5,12.1048,1.11393
5,12.1258,1.11684
5,12.1468,1.11974
5,12.1678,1.12265
5,12.1888,1.12555
5,12.2097,1.12846
5,12.2307,1.13136
5,12.2517,1.13426
5,12.2727,1.13715
5,12.2936,1.14005
5,12.3146,1.14294
5,12.3356,1.14583
5,12.3566,1.14872
5,12.3776,1.15161
5,12.3985,1.15449
5,12.4195,1.15738
5,12.4405,1.16026
5,12.4615,1.16313
5,12.4825,1.16601
5,12.5034,1.16888
5,12.5244,1.17175
5,12.5454,1.17461
5,12.5664,1.17748
